id,nhom,lop,ma,khung,co_che,o_lai,o_quet,ty_le_o_lai,n_quet,che_do,kieu_lot,buoc,tp,tran_tang,he_so_lot,cho_lui,lot,xac_nhan_ngoai_mau,tham_so_json
08904bcd6a,cao,CAO_NGUYEN,AUDCAD,H1,mua|cong|-,2949,3000,0.983,1,mua,cong,60,13,8,0.5,0,0.01,,"{""buoc"": 60, ""che_do"": ""mua"", ""cho_lui"": 0, ""he_so_lot"": 0.5, ""kieu_lot"": ""cong"", ""lot"": 0.01, ""tp"": 13, ""tran_tang"": 8}"
0f8ae02f26,cao,CAO_NGUYEN,AUDCAD,H1,ban|cong|-,2334,3000,0.778,1,ban,cong,8,6,15,0.8,0,0.01,,"{""buoc"": 8, ""che_do"": ""ban"", ""cho_lui"": 0, ""he_so_lot"": 0.8, ""kieu_lot"": ""cong"", ""lot"": 0.01, ""tp"": 6, ""tran_tang"": 15}"
20e980d81e,cao,CAO_NGUYEN,AUDCAD,H1,mua|phang|-,24,24,1.0,1,mua,phang,30,8,9,,,0.01,,"{""buoc"": 30, ""che_do"": ""mua"", ""kieu_lot"": ""phang"", ""lot"": 0.01, ""tp"": 8, ""tran_tang"": 9}"
2f04563b34,cao,CAO_NGUYEN,AUDCAD,H1,ban|cong|-,2364,3000,0.788,1,ban,cong,8,6,12,1.2,0,0.01,,"{""buoc"": 8, ""che_do"": ""ban"", ""cho_lui"": 0, ""he_so_lot"": 1.2, ""kieu_lot"": ""cong"", ""lot"": 0.01, ""tp"": 6, ""tran_tang"": 12}"
324194391d,cao,CAO_NGUYEN,AUDCAD,H1,hai_chieu|phang|lui,2922,3000,0.974,1,hai_chieu,phang,16,20,15,,3,0.01,,"{""buoc"": 16, ""che_do"": ""hai_chieu"", ""cho_lui"": 3, ""kieu_lot"": ""phang"", ""lot"": 0.01, ""tp"": 20, ""tran_tang"": 15}"
72642a0407,cao,CAO_NGUYEN,AUDCAD,H1,mua|phang|lui,3000,3000,1.0,3,mua,phang,100,8,4,,10,0.01,,"{""buoc"": 100, ""che_do"": ""mua"", ""cho_lui"": 10, ""kieu_lot"": ""phang"", ""lot"": 0.01, ""tp"": 8, ""tran_tang"": 4}"
74d4a7ed0b,cao,CAO_NGUYEN,AUDCAD,H1,ban|cong|-,2397,3000,0.799,1,ban,cong,10,6,15,1.2,0,0.01,,"{""buoc"": 10, ""che_do"": ""ban"", ""cho_lui"": 0, ""he_so_lot"": 1.2, ""kieu_lot"": ""cong"", ""lot"": 0.01, ""tp"": 6, ""tran_tang"": 15}"
90341979a3,cao,CAO_NGUYEN,AUDCAD,H1,hai_chieu|cong|-,2907,3000,0.969,1,hai_chieu,cong,8,6,12,1.2,0,0.01,,"{""buoc"": 8, ""che_do"": ""hai_chieu"", ""cho_lui"": 0, ""he_so_lot"": 1.2, ""kieu_lot"": ""cong"", ""lot"": 0.01, ""tp"": 6, ""tran_tang"": 12}"
90c8e938db,cao,CAO_NGUYEN,AUDCAD,H1,mua|nhan|-,2994,3000,0.998,2,mua,nhan,60,8,8,1.2,0,0.01,,"{""buoc"": 60, ""che_do"": ""mua"", ""cho_lui"": 0, ""he_so_lot"": 1.2, ""kieu_lot"": ""nhan"", ""lot"": 0.01, ""tp"": 8, ""tran_tang"": 8}"
913c8cf577,cao,CAO_NGUYEN,AUDCAD,H1,hai_chieu|nhan|-,2574,3000,0.858,1,hai_chieu,nhan,8,6,10,1.2,0,0.01,,"{""buoc"": 8, ""che_do"": ""hai_chieu"", ""cho_lui"": 0, ""he_so_lot"": 1.2, ""kieu_lot"": ""nhan"", ""lot"": 0.01, ""tp"": 6, ""tran_tang"": 10}"
949ab51b17,cao,CAO_NGUYEN,AUDCAD,H1,hai_chieu|cong|-,2913,3000,0.971,1,hai_chieu,cong,16,6,8,1.2,0,0.01,,"{""buoc"": 16, ""che_do"": ""hai_chieu"", ""cho_lui"": 0, ""he_so_lot"": 1.2, ""kieu_lot"": ""cong"", ""lot"": 0.01, ""tp"": 6, ""tran_tang"": 8}"
a3df3338f6,cao,CAO_NGUYEN,AUDCAD,H1,mua|cong|-,2934,3000,0.978,1,mua,cong,60,13,12,0.5,0,0.01,,"{""buoc"": 60, ""che_do"": ""mua"", ""cho_lui"": 0, ""he_so_lot"": 0.5, ""kieu_lot"": ""cong"", ""lot"": 0.01, ""tp"": 13, ""tran_tang"": 12}"
b464976d1a,cao,CAO_NGUYEN,AUDCAD,H1,hai_chieu|nhan|lui,2610,3000,0.87,1,hai_chieu,nhan,12,34,15,1.2,10,0.01,,"{""buoc"": 12, ""che_do"": ""hai_chieu"", ""cho_lui"": 10, ""he_so_lot"": 1.2, ""kieu_lot"": ""nhan"", ""lot"": 0.01, ""tp"": 34, ""tran_tang"": 15}"
b5aa04f862,cao,CAO_NGUYEN,AUDCAD,H1,mua|cong|-,2934,3000,0.978,1,mua,cong,30,26,15,1.2,0,0.01,,"{""buoc"": 30, ""che_do"": ""mua"", ""cho_lui"": 0, ""he_so_lot"": 1.2, ""kieu_lot"": ""cong"", ""lot"": 0.01, ""tp"": 26, ""tran_tang"": 15}"
c1c681054e,cao,CAO_NGUYEN,AUDCAD,H1,hai_chieu|phang|lui,2922,3000,0.974,2,hai_chieu,phang,12,20,15,,10,0.01,,"{""buoc"": 12, ""che_do"": ""hai_chieu"", ""cho_lui"": 10, ""kieu_lot"": ""phang"", ""lot"": 0.01, ""tp"": 20, ""tran_tang"": 15}"
c59068fe1f,cao,CAO_NGUYEN,AUDCAD,H1,ban|phang|lui,2229,3000,0.743,3,ban,phang,10,26,15,,10,0.01,,"{""buoc"": 10, ""che_do"": ""ban"", ""cho_lui"": 10, ""kieu_lot"": ""phang"", ""lot"": 0.01, ""tp"": 26, ""tran_tang"": 15}"
d6d55cd2cc,cao,CAO_NGUYEN,AUDCAD,H1,hai_chieu|cong|-,2895,3000,0.965,1,hai_chieu,cong,8,6,15,0.8,0,0.01,,"{""buoc"": 8, ""che_do"": ""hai_chieu"", ""cho_lui"": 0, ""he_so_lot"": 0.8, ""kieu_lot"": ""cong"", ""lot"": 0.01, ""tp"": 6, ""tran_tang"": 15}"
08756123f7,cao,CAO_NGUYEN,AUDCAD,M15,hai_chieu|phang|-,63,72,0.875,1,hai_chieu,phang,24,10,10,,,0.01,,"{""buoc"": 24, ""che_do"": ""hai_chieu"", ""kieu_lot"": ""phang"", ""lot"": 0.01, ""tp"": 10, ""tran_tang"": 10}"
0d9194bf58,cao,CAO_NGUYEN,AUDCAD,M15,ban|phang|lui,694,1000,0.694,1,ban,phang,10,26,15,,10,0.01,,"{""buoc"": 10, ""che_do"": ""ban"", ""cho_lui"": 10, ""kieu_lot"": ""phang"", ""lot"": 0.01, ""tp"": 26, ""tran_tang"": 15}"
10bfd01bc9,cao,CAO_NGUYEN,AUDCAD,M15,hai_chieu|phang|lui,964,1000,0.964,1,hai_chieu,phang,24,20,15,,3,0.01,,"{""buoc"": 24, ""che_do"": ""hai_chieu"", ""cho_lui"": 3, ""kieu_lot"": ""phang"", ""lot"": 0.01, ""tp"": 20, ""tran_tang"": 15}"
193aa7cdef,cao,CAO_NGUYEN,AUDCAD,M15,hai_chieu|cong|lui,943,1000,0.943,1,hai_chieu,cong,16,45,15,0.8,10,0.01,,"{""buoc"": 16, ""che_do"": ""hai_chieu"", ""cho_lui"": 10, ""he_so_lot"": 0.8, ""kieu_lot"": ""cong"", ""lot"": 0.01, ""tp"": 45, ""tran_tang"": 15}"
1c3e085b6d,cao,CAO_NGUYEN,AUDCAD,M15,hai_chieu|phang|lui,964,1000,0.964,1,hai_chieu,phang,10,16,15,,10,0.01,,"{""buoc"": 10, ""che_do"": ""hai_chieu"", ""cho_lui"": 10, ""kieu_lot"": ""phang"", ""lot"": 0.01, ""tp"": 16, ""tran_tang"": 15}"
34e3a60bba,cao,CAO_NGUYEN,AUDCAD,M15,hai_chieu|nhan|lui,861,1000,0.861,1,hai_chieu,nhan,12,34,15,1.2,10,0.01,,"{""buoc"": 12, ""che_do"": ""hai_chieu"", ""cho_lui"": 10, ""he_so_lot"": 1.2, ""kieu_lot"": ""nhan"", ""lot"": 0.01, ""tp"": 34, ""tran_tang"": 15}"
41980b2f5a,cao,CAO_NGUYEN,AUDCAD,M15,ban|cong|lui,747,1000,0.747,1,ban,cong,8,26,10,1.2,10,0.01,,"{""buoc"": 8, ""che_do"": ""ban"", ""cho_lui"": 10, ""he_so_lot"": 1.2, ""kieu_lot"": ""cong"", ""lot"": 0.01, ""tp"": 26, ""tran_tang"": 10}"
491415e6a5,cao,CAO_NGUYEN,AUDCAD,M15,ban|cong|lui,726,1000,0.726,1,ban,cong,10,34,15,0.8,10,0.01,,"{""buoc"": 10, ""che_do"": ""ban"", ""cho_lui"": 10, ""he_so_lot"": 0.8, ""kieu_lot"": ""cong"", ""lot"": 0.01, ""tp"": 34, ""tran_tang"": 15}"
49bd5df377,cao,CAO_NGUYEN,AUDCAD,M15,mua|phang|lui,1000,1000,1.0,1,mua,phang,100,8,5,,10,0.01,,"{""buoc"": 100, ""che_do"": ""mua"", ""cho_lui"": 10, ""kieu_lot"": ""phang"", ""lot"": 0.01, ""tp"": 8, ""tran_tang"": 5}"
4baacd835a,cao,CAO_NGUYEN,AUDCAD,M15,mua|phang|lui,1000,1000,1.0,1,mua,phang,100,8,4,,10,0.01,,"{""buoc"": 100, ""che_do"": ""mua"", ""cho_lui"": 10, ""kieu_lot"": ""phang"", ""lot"": 0.01, ""tp"": 8, ""tran_tang"": 4}"
4d624c69ce,cao,CAO_NGUYEN,AUDCAD,M15,ban|phang|lui,705,1000,0.705,1,ban,phang,8,26,15,,10,0.01,,"{""buoc"": 8, ""che_do"": ""ban"", ""cho_lui"": 10, ""kieu_lot"": ""phang"", ""lot"": 0.01, ""tp"": 26, ""tran_tang"": 15}"
50148707a7,cao,CAO_NGUYEN,AUDCAD,M15,mua|cong|-,977,1000,0.977,1,mua,cong,30,26,15,1.2,0,0.01,,"{""buoc"": 30, ""che_do"": ""mua"", ""cho_lui"": 0, ""he_so_lot"": 1.2, ""kieu_lot"": ""cong"", ""lot"": 0.01, ""tp"": 26, ""tran_tang"": 15}"
656c1bce4b,cao,CAO_NGUYEN,AUDCAD,M15,ban|phang|lui,706,1000,0.706,1,ban,phang,10,20,15,,10,0.01,,"{""buoc"": 10, ""che_do"": ""ban"", ""cho_lui"": 10, ""kieu_lot"": ""phang"", ""lot"": 0.01, ""tp"": 20, ""tran_tang"": 15}"
662f09610b,cao,CAO_NGUYEN,AUDCAD,M15,mua|nhan|-,999,1000,0.999,2,mua,nhan,60,8,8,1.2,0,0.01,,"{""buoc"": 60, ""che_do"": ""mua"", ""cho_lui"": 0, ""he_so_lot"": 1.2, ""kieu_lot"": ""nhan"", ""lot"": 0.01, ""tp"": 8, ""tran_tang"": 8}"
74ce55aabb,cao,CAO_NGUYEN,AUDCAD,M15,ban|cong|lui,755,1000,0.755,1,ban,cong,10,26,7,1.2,3,0.01,,"{""buoc"": 10, ""che_do"": ""ban"", ""cho_lui"": 3, ""he_so_lot"": 1.2, ""kieu_lot"": ""cong"", ""lot"": 0.01, ""tp"": 26, ""tran_tang"": 7}"
81e7d1cb98,cao,CAO_NGUYEN,AUDCAD,M15,hai_chieu|phang|lui,968,1000,0.968,1,hai_chieu,phang,12,20,15,,10,0.01,,"{""buoc"": 12, ""che_do"": ""hai_chieu"", ""cho_lui"": 10, ""kieu_lot"": ""phang"", ""lot"": 0.01, ""tp"": 20, ""tran_tang"": 15}"
83f5a821f3,cao,CAO_NGUYEN,AUDCAD,M15,hai_chieu|nhan|lui,856,1000,0.856,1,hai_chieu,nhan,16,20,12,1.2,3,0.01,,"{""buoc"": 16, ""che_do"": ""hai_chieu"", ""cho_lui"": 3, ""he_so_lot"": 1.2, ""kieu_lot"": ""nhan"", ""lot"": 0.01, ""tp"": 20, ""tran_tang"": 12}"
932cbf108f,cao,CAO_NGUYEN,AUDCAD,M15,hai_chieu|cong|lui,969,1000,0.969,1,hai_chieu,cong,12,34,15,0.8,10,0.01,,"{""buoc"": 12, ""che_do"": ""hai_chieu"", ""cho_lui"": 10, ""he_so_lot"": 0.8, ""kieu_lot"": ""cong"", ""lot"": 0.01, ""tp"": 34, ""tran_tang"": 15}"
bec915ec7a,cao,CAO_NGUYEN,AUDCAD,M15,mua|phang|lui,1000,1000,1.0,1,mua,phang,100,8,6,,10,0.01,,"{""buoc"": 100, ""che_do"": ""mua"", ""cho_lui"": 10, ""kieu_lot"": ""phang"", ""lot"": 0.01, ""tp"": 8, ""tran_tang"": 6}"
c23b45a5de,cao,CAO_NGUYEN,AUDCAD,M15,hai_chieu|cong|lui,954,1000,0.954,1,hai_chieu,cong,16,34,15,0.5,6,0.01,,"{""buoc"": 16, ""che_do"": ""hai_chieu"", ""cho_lui"": 6, ""he_so_lot"": 0.5, ""kieu_lot"": ""cong"", ""lot"": 0.01, ""tp"": 34, ""tran_tang"": 15}"
dd6fdd912a,cao,CAO_NGUYEN,AUDCAD,M15,mua|cong|-,975,1000,0.975,1,mua,cong,30,13,15,0.5,0,0.01,,"{""buoc"": 30, ""che_do"": ""mua"", ""cho_lui"": 0, ""he_so_lot"": 0.5, ""kieu_lot"": ""cong"", ""lot"": 0.01, ""tp"": 13, ""tran_tang"": 15}"
df5095d3cb,cao,CAO_NGUYEN,AUDCAD,M15,mua|cong|lui,989,1000,0.989,1,mua,cong,8,8,7,1.2,10,0.01,,"{""buoc"": 8, ""che_do"": ""mua"", ""cho_lui"": 10, ""he_so_lot"": 1.2, ""kieu_lot"": ""cong"", ""lot"": 0.01, ""tp"": 8, ""tran_tang"": 7}"
f58ae97598,cao,CAO_NGUYEN,AUDCAD,M15,mua|phang|-,24,24,1.0,1,mua,phang,30,12,9,,,0.01,,"{""buoc"": 30, ""che_do"": ""mua"", ""kieu_lot"": ""phang"", ""lot"": 0.01, ""tp"": 12, ""tran_tang"": 9}"
02ff71684e,cao,CAO_NGUYEN,AUDCAD,M30,hai_chieu|cong|lui,958,1000,0.958,1,hai_chieu,cong,16,45,15,0.8,10,0.01,,"{""buoc"": 16, ""che_do"": ""hai_chieu"", ""cho_lui"": 10, ""he_so_lot"": 0.8, ""kieu_lot"": ""cong"", ""lot"": 0.01, ""tp"": 45, ""tran_tang"": 15}"
17c5fe19e2,cao,CAO_NGUYEN,AUDCAD,M30,ban|cong|lui,2298,3000,0.766,1,ban,cong,10,26,12,1.2,6,0.01,,"{""buoc"": 10, ""che_do"": ""ban"", ""cho_lui"": 6, ""he_so_lot"": 1.2, ""kieu_lot"": ""cong"", ""lot"": 0.01, ""tp"": 26, ""tran_tang"": 12}"
21a77bfaa8,cao,CAO_NGUYEN,AUDCAD,M30,mua|phang|-,24,24,1.0,1,mua,phang,30,12,9,,,0.01,,"{""buoc"": 30, ""che_do"": ""mua"", ""kieu_lot"": ""phang"", ""lot"": 0.01, ""tp"": 12, ""tran_tang"": 9}"
2357f3c521,cao,CAO_NGUYEN,AUDCAD,M30,hai_chieu|phang|lui,972,1000,0.972,1,hai_chieu,phang,16,20,15,,10,0.01,,"{""buoc"": 16, ""che_do"": ""hai_chieu"", ""cho_lui"": 10, ""kieu_lot"": ""phang"", ""lot"": 0.01, ""tp"": 20, ""tran_tang"": 15}"
2bf884925e,cao,CAO_NGUYEN,AUDCAD,M30,ban|cong|-,2325,3000,0.775,1,ban,cong,10,6,15,1.2,0,0.01,,"{""buoc"": 10, ""che_do"": ""ban"", ""cho_lui"": 0, ""he_so_lot"": 1.2, ""kieu_lot"": ""cong"", ""lot"": 0.01, ""tp"": 6, ""tran_tang"": 15}"
416c12645c,cao,CAO_NGUYEN,AUDCAD,M30,hai_chieu|nhan|-,854,1000,0.854,1,hai_chieu,nhan,8,6,10,1.2,0,0.01,,"{""buoc"": 8, ""che_do"": ""hai_chieu"", ""cho_lui"": 0, ""he_so_lot"": 1.2, ""kieu_lot"": ""nhan"", ""lot"": 0.01, ""tp"": 6, ""tran_tang"": 10}"
45ca1a3dd3,cao,CAO_NGUYEN,AUDCAD,M30,hai_chieu|phang|lui,969,1000,0.969,1,hai_chieu,phang,24,20,15,,3,0.01,,"{""buoc"": 24, ""che_do"": ""hai_chieu"", ""cho_lui"": 3, ""kieu_lot"": ""phang"", ""lot"": 0.01, ""tp"": 20, ""tran_tang"": 15}"
4aa5498e8a,cao,CAO_NGUYEN,AUDCAD,M30,hai_chieu|cong|lui,978,1000,0.978,1,hai_chieu,cong,12,34,15,0.8,10,0.01,,"{""buoc"": 12, ""che_do"": ""hai_chieu"", ""cho_lui"": 10, ""he_so_lot"": 0.8, ""kieu_lot"": ""cong"", ""lot"": 0.01, ""tp"": 34, ""tran_tang"": 15}"
6bc0fc330d,cao,CAO_NGUYEN,AUDCAD,M30,ban|cong|-,2259,3000,0.753,1,ban,cong,8,6,15,0.8,0,0.01,,"{""buoc"": 8, ""che_do"": ""ban"", ""cho_lui"": 0, ""he_so_lot"": 0.8, ""kieu_lot"": ""cong"", ""lot"": 0.01, ""tp"": 6, ""tran_tang"": 15}"
883d5c7f5d,cao,CAO_NGUYEN,AUDCAD,M30,mua|cong|-,2931,3000,0.977,1,mua,cong,30,26,15,1.2,0,0.01,,"{""buoc"": 30, ""che_do"": ""mua"", ""cho_lui"": 0, ""he_so_lot"": 1.2, ""kieu_lot"": ""cong"", ""lot"": 0.01, ""tp"": 26, ""tran_tang"": 15}"
accd16b7d1,cao,CAO_NGUYEN,AUDCAD,M30,ban|phang|lui,2193,3000,0.731,3,ban,phang,10,26,15,,10,0.01,,"{""buoc"": 10, ""che_do"": ""ban"", ""cho_lui"": 10, ""kieu_lot"": ""phang"", ""lot"": 0.01, ""tp"": 26, ""tran_tang"": 15}"
b40cd6cd1f,cao,CAO_NGUYEN,AUDCAD,M30,hai_chieu|phang|-,66,72,0.9167,1,hai_chieu,phang,32,10,8,,,0.01,,"{""buoc"": 32, ""che_do"": ""hai_chieu"", ""kieu_lot"": ""phang"", ""lot"": 0.01, ""tp"": 10, ""tran_tang"": 8}"
b58ae31e82,cao,CAO_NGUYEN,AUDCAD,M30,hai_chieu|nhan|lui,856,1000,0.856,1,hai_chieu,nhan,12,34,15,1.2,10,0.01,,"{""buoc"": 12, ""che_do"": ""hai_chieu"", ""cho_lui"": 10, ""he_so_lot"": 1.2, ""kieu_lot"": ""nhan"", ""lot"": 0.01, ""tp"": 34, ""tran_tang"": 15}"
b6af71a413,cao,CAO_NGUYEN,AUDCAD,M30,hai_chieu|cong|-,966,1000,0.966,1,hai_chieu,cong,30,20,10,1.2,0,0.01,,"{""buoc"": 30, ""che_do"": ""hai_chieu"", ""cho_lui"": 0, ""he_so_lot"": 1.2, ""kieu_lot"": ""cong"", ""lot"": 0.01, ""tp"": 20, ""tran_tang"": 10}"
bc2855ca86,cao,CAO_NGUYEN,AUDCAD,M30,mua|nhan|lui,2988,3000,0.996,1,mua,nhan,30,26,10,1.2,3,0.01,,"{""buoc"": 30, ""che_do"": ""mua"", ""cho_lui"": 3, ""he_so_lot"": 1.2, ""kieu_lot"": ""nhan"", ""lot"": 0.01, ""tp"": 26, ""tran_tang"": 10}"
c9689ceb11,cao,CAO_NGUYEN,AUDCAD,M30,mua|nhan|-,2994,3000,0.998,1,mua,nhan,60,8,8,1.2,0,0.01,,"{""buoc"": 60, ""che_do"": ""mua"", ""cho_lui"": 0, ""he_so_lot"": 1.2, ""kieu_lot"": ""nhan"", ""lot"": 0.01, ""tp"": 8, ""tran_tang"": 8}"
d736fee6ce,cao,CAO_NGUYEN,AUDCAD,M30,mua|cong|-,2949,3000,0.983,1,mua,cong,24,16,12,0.5,0,0.01,,"{""buoc"": 24, ""che_do"": ""mua"", ""cho_lui"": 0, ""he_so_lot"": 0.5, ""kieu_lot"": ""cong"", ""lot"": 0.01, ""tp"": 16, ""tran_tang"": 12}"
edba993b67,cao,CAO_NGUYEN,AUDCAD,M30,mua|phang|lui,3000,3000,1.0,3,mua,phang,100,8,4,,10,0.01,,"{""buoc"": 100, ""che_do"": ""mua"", ""cho_lui"": 10, ""kieu_lot"": ""phang"", ""lot"": 0.01, ""tp"": 8, ""tran_tang"": 4}"
ef5ed48d0e,cao,CAO_NGUYEN,AUDCAD,M30,hai_chieu|phang|lui,975,1000,0.975,1,hai_chieu,phang,12,20,15,,10,0.01,,"{""buoc"": 12, ""che_do"": ""hai_chieu"", ""cho_lui"": 10, ""kieu_lot"": ""phang"", ""lot"": 0.01, ""tp"": 20, ""tran_tang"": 15}"
fc4ba86b71,cao,CAO_NGUYEN,AUDCAD,M30,mua|cong|-,2934,3000,0.978,1,mua,cong,30,20,10,1.2,0,0.01,,"{""buoc"": 30, ""che_do"": ""mua"", ""cho_lui"": 0, ""he_so_lot"": 1.2, ""kieu_lot"": ""cong"", ""lot"": 0.01, ""tp"": 20, ""tran_tang"": 10}"
039d240192,cao,CAO_NGUYEN,AUDCAD,M5,hai_chieu|cong|lui,958,1000,0.958,1,hai_chieu,cong,30,45,15,1.2,3,0.01,,"{""buoc"": 30, ""che_do"": ""hai_chieu"", ""cho_lui"": 3, ""he_so_lot"": 1.2, ""kieu_lot"": ""cong"", ""lot"": 0.01, ""tp"": 45, ""tran_tang"": 15}"
068a48dd2b,cao,CAO_NGUYEN,AUDCAD,M5,hai_chieu|phang|lui,959,1000,0.959,1,hai_chieu,phang,45,16,8,,3,0.01,,"{""buoc"": 45, ""che_do"": ""hai_chieu"", ""cho_lui"": 3, ""kieu_lot"": ""phang"", ""lot"": 0.01, ""tp"": 16, ""tran_tang"": 8}"
09966d7049,cao,CAO_NGUYEN,AUDCAD,M5,hai_chieu|nhan|lui,916,1000,0.916,1,hai_chieu,nhan,24,45,15,1.2,10,0.01,,"{""buoc"": 24, ""che_do"": ""hai_chieu"", ""cho_lui"": 10, ""he_so_lot"": 1.2, ""kieu_lot"": ""nhan"", ""lot"": 0.01, ""tp"": 45, ""tran_tang"": 15}"
10e4f8f1ad,cao,CAO_NGUYEN,AUDCAD,M5,mua|phang|lui,1000,1000,1.0,1,mua,phang,20,8,15,,10,0.01,,"{""buoc"": 20, ""che_do"": ""mua"", ""cho_lui"": 10, ""kieu_lot"": ""phang"", ""lot"": 0.01, ""tp"": 8, ""tran_tang"": 15}"
11034365ec,cao,CAO_NGUYEN,AUDCAD,M5,ban|phang|lui,652,1000,0.652,1,ban,phang,8,13,15,,6,0.01,,"{""buoc"": 8, ""che_do"": ""ban"", ""cho_lui"": 6, ""kieu_lot"": ""phang"", ""lot"": 0.01, ""tp"": 13, ""tran_tang"": 15}"
15b9b1d0b9,cao,CAO_NGUYEN,AUDCAD,M5,mua|nhan|-,1000,1000,1.0,1,mua,nhan,45,26,10,1.2,0,0.01,,"{""buoc"": 45, ""che_do"": ""mua"", ""cho_lui"": 0, ""he_so_lot"": 1.2, ""kieu_lot"": ""nhan"", ""lot"": 0.01, ""tp"": 26, ""tran_tang"": 10}"
4576749039,cao,CAO_NGUYEN,AUDCAD,M5,mua|phang|lui,1000,1000,1.0,1,mua,phang,30,16,15,,3,0.01,,"{""buoc"": 30, ""che_do"": ""mua"", ""cho_lui"": 3, ""kieu_lot"": ""phang"", ""lot"": 0.01, ""tp"": 16, ""tran_tang"": 15}"
5a8d891af9,cao,CAO_NGUYEN,AUDCAD,M5,ban|phang|lui,662,1000,0.662,1,ban,phang,10,8,12,,3,0.01,,"{""buoc"": 10, ""che_do"": ""ban"", ""cho_lui"": 3, ""kieu_lot"": ""phang"", ""lot"": 0.01, ""tp"": 8, ""tran_tang"": 12}"
6eafa62c0e,cao,CAO_NGUYEN,AUDCAD,M5,ban|cong|lui,665,1000,0.665,1,ban,cong,10,13,15,1.2,3,0.01,,"{""buoc"": 10, ""che_do"": ""ban"", ""cho_lui"": 3, ""he_so_lot"": 1.2, ""kieu_lot"": ""cong"", ""lot"": 0.01, ""tp"": 13, ""tran_tang"": 15}"
6fc5b26128,cao,CAO_NGUYEN,AUDCAD,M5,mua|cong|-,992,1000,0.992,1,mua,cong,60,26,15,1.2,0,0.01,,"{""buoc"": 60, ""che_do"": ""mua"", ""cho_lui"": 0, ""he_so_lot"": 1.2, ""kieu_lot"": ""cong"", ""lot"": 0.01, ""tp"": 26, ""tran_tang"": 15}"
7476c976b2,cao,CAO_NGUYEN,AUDCAD,M5,hai_chieu|cong|lui,973,1000,0.973,1,hai_chieu,cong,60,45,8,1.2,6,0.01,,"{""buoc"": 60, ""che_do"": ""hai_chieu"", ""cho_lui"": 6, ""he_so_lot"": 1.2, ""kieu_lot"": ""cong"", ""lot"": 0.01, ""tp"": 45, ""tran_tang"": 8}"
7495e5f0f0,cao,CAO_NGUYEN,AUDCAD,M5,mua|phang|lui,1000,1000,1.0,1,mua,phang,45,16,8,,3,0.01,,"{""buoc"": 45, ""che_do"": ""mua"", ""cho_lui"": 3, ""kieu_lot"": ""phang"", ""lot"": 0.01, ""tp"": 16, ""tran_tang"": 8}"
7c8912e94c,cao,CAO_NGUYEN,AUDCAD,M5,mua|nhan|-,1000,1000,1.0,1,mua,nhan,60,10,15,1.2,0,0.01,,"{""buoc"": 60, ""che_do"": ""mua"", ""cho_lui"": 0, ""he_so_lot"": 1.2, ""kieu_lot"": ""nhan"", ""lot"": 0.01, ""tp"": 10, ""tran_tang"": 15}"
8415a18f54,cao,CAO_NGUYEN,AUDCAD,M5,hai_chieu|cong|lui,945,1000,0.945,1,hai_chieu,cong,36,45,15,1.2,6,0.01,,"{""buoc"": 36, ""che_do"": ""hai_chieu"", ""cho_lui"": 6, ""he_so_lot"": 1.2, ""kieu_lot"": ""cong"", ""lot"": 0.01, ""tp"": 45, ""tran_tang"": 15}"
a6a30b2bc3,cao,CAO_NGUYEN,AUDCAD,M5,hai_chieu|phang|lui,961,1000,0.961,1,hai_chieu,phang,30,16,15,,3,0.01,,"{""buoc"": 30, ""che_do"": ""hai_chieu"", ""cho_lui"": 3, ""kieu_lot"": ""phang"", ""lot"": 0.01, ""tp"": 16, ""tran_tang"": 15}"
b13e6c2bff,cao,CAO_NGUYEN,AUDCAD,M5,hai_chieu|phang|lui,945,1000,0.945,1,hai_chieu,phang,24,13,15,,10,0.01,,"{""buoc"": 24, ""che_do"": ""hai_chieu"", ""cho_lui"": 10, ""kieu_lot"": ""phang"", ""lot"": 0.01, ""tp"": 13, ""tran_tang"": 15}"
b4ff6c74fe,cao,CAO_NGUYEN,AUDCAD,M5,ban|cong|lui,678,1000,0.678,1,ban,cong,10,16,12,0.5,6,0.01,,"{""buoc"": 10, ""che_do"": ""ban"", ""cho_lui"": 6, ""he_so_lot"": 0.5, ""kieu_lot"": ""cong"", ""lot"": 0.01, ""tp"": 16, ""tran_tang"": 12}"
b8146e28b9,cao,CAO_NGUYEN,AUDCAD,M5,ban|cong|lui,678,1000,0.678,1,ban,cong,10,16,10,0.8,6,0.01,,"{""buoc"": 10, ""che_do"": ""ban"", ""cho_lui"": 6, ""he_so_lot"": 0.8, ""kieu_lot"": ""cong"", ""lot"": 0.01, ""tp"": 16, ""tran_tang"": 10}"
b8814caaf7,cao,CAO_NGUYEN,AUDCAD,M5,mua|cong|lui,980,1000,0.98,1,mua,cong,45,45,15,0.8,10,0.01,,"{""buoc"": 45, ""che_do"": ""mua"", ""cho_lui"": 10, ""he_so_lot"": 0.8, ""kieu_lot"": ""cong"", ""lot"": 0.01, ""tp"": 45, ""tran_tang"": 15}"
cc2177bd71,cao,CAO_NGUYEN,AUDCAD,M5,ban|phang|lui,664,1000,0.664,1,ban,phang,10,16,15,,10,0.01,,"{""buoc"": 10, ""che_do"": ""ban"", ""cho_lui"": 10, ""kieu_lot"": ""phang"", ""lot"": 0.01, ""tp"": 16, ""tran_tang"": 15}"
de63913a93,cao,CAO_NGUYEN,AUDCAD,M5,hai_chieu|nhan|lui,913,1000,0.913,1,hai_chieu,nhan,45,34,12,1.2,6,0.01,,"{""buoc"": 45, ""che_do"": ""hai_chieu"", ""cho_lui"": 6, ""he_so_lot"": 1.2, ""kieu_lot"": ""nhan"", ""lot"": 0.01, ""tp"": 34, ""tran_tang"": 12}"
f7e011de07,cao,CAO_NGUYEN,AUDCAD,M5,mua|cong|lui,987,1000,0.987,1,mua,cong,30,45,15,1.2,3,0.01,,"{""buoc"": 30, ""che_do"": ""mua"", ""cho_lui"": 3, ""he_so_lot"": 1.2, ""kieu_lot"": ""cong"", ""lot"": 0.01, ""tp"": 45, ""tran_tang"": 15}"
20d8dca630,cao,CAO_NGUYEN,AUDCHF,H1,mua|cong|lui,2801,2867,0.977,1,mua,cong,8,13,15,1.2,10,0.01,,"{""buoc"": 8, ""che_do"": ""mua"", ""cho_lui"": 10, ""he_so_lot"": 1.2, ""kieu_lot"": ""cong"", ""lot"": 0.01, ""tp"": 13, ""tran_tang"": 15}"
2abe1d0c99,cao,CAO_NGUYEN,AUDCHF,H1,hai_chieu|phang|lui,2972,2993,0.993,2,hai_chieu,phang,8,6,8,,10,0.01,,"{""buoc"": 8, ""che_do"": ""hai_chieu"", ""cho_lui"": 10, ""kieu_lot"": ""phang"", ""lot"": 0.01, ""tp"": 6, ""tran_tang"": 8}"
39ccdb8c7c,cao,CAO_NGUYEN,AUDCHF,H1,hai_chieu|nhan|-,2983,2992,0.997,1,hai_chieu,nhan,45,13,15,1.2,0,0.01,,"{""buoc"": 45, ""che_do"": ""hai_chieu"", ""cho_lui"": 0, ""he_so_lot"": 1.2, ""kieu_lot"": ""nhan"", ""lot"": 0.01, ""tp"": 13, ""tran_tang"": 15}"
3de716f71d,cao,CAO_NGUYEN,AUDCHF,H1,hai_chieu|nhan|lui,2975,2987,0.996,1,hai_chieu,nhan,8,10,10,1.2,10,0.01,,"{""buoc"": 8, ""che_do"": ""hai_chieu"", ""cho_lui"": 10, ""he_so_lot"": 1.2, ""kieu_lot"": ""nhan"", ""lot"": 0.01, ""tp"": 10, ""tran_tang"": 10}"
46841ff7ca,cao,CAO_NGUYEN,AUDCHF,H1,hai_chieu|phang|lui,2965,2992,0.991,1,hai_chieu,phang,8,6,12,,10,0.01,,"{""buoc"": 8, ""che_do"": ""hai_chieu"", ""cho_lui"": 10, ""kieu_lot"": ""phang"", ""lot"": 0.01, ""tp"": 6, ""tran_tang"": 12}"
4fa7eba655,cao,CAO_NGUYEN,AUDCHF,H1,mua|phang|-,24,24,1.0,1,mua,phang,30,12,9,,,0.01,,"{""buoc"": 30, ""che_do"": ""mua"", ""kieu_lot"": ""phang"", ""lot"": 0.01, ""tp"": 12, ""tran_tang"": 9}"
500fd2b0a3,cao,CAO_NGUYEN,AUDCHF,H1,ban|cong|-,1739,2517,0.6909,1,ban,cong,24,10,12,1.2,0,0.01,,"{""buoc"": 24, ""che_do"": ""ban"", ""cho_lui"": 0, ""he_so_lot"": 1.2, ""kieu_lot"": ""cong"", ""lot"": 0.01, ""tp"": 10, ""tran_tang"": 12}"
7a19d50e36,cao,CAO_NGUYEN,AUDCHF,H1,ban|cong|-,1757,2468,0.7119,1,ban,cong,30,8,15,0.8,0,0.01,,"{""buoc"": 30, ""che_do"": ""ban"", ""cho_lui"": 0, ""he_so_lot"": 0.8, ""kieu_lot"": ""cong"", ""lot"": 0.01, ""tp"": 8, ""tran_tang"": 15}"
98c7273e1f,cao,CAO_NGUYEN,AUDCHF,H1,mua|cong|lui,2789,2846,0.98,2,mua,cong,10,13,15,1.2,10,0.01,,"{""buoc"": 10, ""che_do"": ""mua"", ""cho_lui"": 10, ""he_so_lot"": 1.2, ""kieu_lot"": ""cong"", ""lot"": 0.01, ""tp"": 13, ""tran_tang"": 15}"
9a091781cd,cao,CAO_NGUYEN,AUDCHF,H1,mua|phang|lui,2809,2809,1.0,1,mua,phang,8,6,15,,10,0.01,,"{""buoc"": 8, ""che_do"": ""mua"", ""cho_lui"": 10, ""kieu_lot"": ""phang"", ""lot"": 0.01, ""tp"": 6, ""tran_tang"": 15}"
9fc615a1b0,cao,CAO_NGUYEN,AUDCHF,H1,ban|phang|lui,1522,2341,0.6501,3,ban,phang,16,45,15,,6,0.01,,"{""buoc"": 16, ""che_do"": ""ban"", ""cho_lui"": 6, ""kieu_lot"": ""phang"", ""lot"": 0.01, ""tp"": 45, ""tran_tang"": 15}"
a09f0a6637,cao,CAO_NGUYEN,AUDCHF,H1,hai_chieu|cong|lui,2906,2996,0.97,1,hai_chieu,cong,8,13,15,1.2,10,0.01,,"{""buoc"": 8, ""che_do"": ""hai_chieu"", ""cho_lui"": 10, ""he_so_lot"": 1.2, ""kieu_lot"": ""cong"", ""lot"": 0.01, ""tp"": 13, ""tran_tang"": 15}"
b024de4de4,cao,CAO_NGUYEN,AUDCHF,H1,mua|nhan|lui,2596,2596,1.0,1,mua,nhan,8,10,10,1.2,10,0.01,,"{""buoc"": 8, ""che_do"": ""mua"", ""cho_lui"": 10, ""he_so_lot"": 1.2, ""kieu_lot"": ""nhan"", ""lot"": 0.01, ""tp"": 10, ""tran_tang"": 10}"
b2c8cb2de2,cao,CAO_NGUYEN,AUDCHF,H1,hai_chieu|cong|lui,2918,2996,0.974,2,hai_chieu,cong,10,13,15,1.2,10,0.01,,"{""buoc"": 10, ""che_do"": ""hai_chieu"", ""cho_lui"": 10, ""he_so_lot"": 1.2, ""kieu_lot"": ""cong"", ""lot"": 0.01, ""tp"": 13, ""tran_tang"": 15}"
b5cbea1041,cao,CAO_NGUYEN,AUDCHF,H1,mua|nhan|lui,2584,2589,0.9981,1,mua,nhan,8,8,10,1.2,10,0.01,,"{""buoc"": 8, ""che_do"": ""mua"", ""cho_lui"": 10, ""he_so_lot"": 1.2, ""kieu_lot"": ""nhan"", ""lot"": 0.01, ""tp"": 8, ""tran_tang"": 10}"
c412f80f02,cao,CAO_NGUYEN,AUDCHF,H1,ban|cong|-,1735,2464,0.7041,1,ban,cong,24,10,10,1.2,0,0.01,,"{""buoc"": 24, ""che_do"": ""ban"", ""cho_lui"": 0, ""he_so_lot"": 1.2, ""kieu_lot"": ""cong"", ""lot"": 0.01, ""tp"": 10, ""tran_tang"": 10}"
f393901efa,cao,CAO_NGUYEN,AUDCHF,H1,mua|phang|lui,2797,2797,1.0,2,mua,phang,8,6,8,,10,0.01,,"{""buoc"": 8, ""che_do"": ""mua"", ""cho_lui"": 10, ""kieu_lot"": ""phang"", ""lot"": 0.01, ""tp"": 6, ""tran_tang"": 8}"
04bbad0b0a,cao,CAO_NGUYEN,AUDCHF,M15,hai_chieu|cong|lui,2888,2996,0.964,2,hai_chieu,cong,10,13,15,1.2,10,0.01,,"{""buoc"": 10, ""che_do"": ""hai_chieu"", ""cho_lui"": 10, ""he_so_lot"": 1.2, ""kieu_lot"": ""cong"", ""lot"": 0.01, ""tp"": 13, ""tran_tang"": 15}"
4cefbf19cf,cao,CAO_NGUYEN,AUDCHF,M15,hai_chieu|phang|-,72,72,1.0,1,hai_chieu,phang,32,16,8,,,0.01,,"{""buoc"": 32, ""che_do"": ""hai_chieu"", ""kieu_lot"": ""phang"", ""lot"": 0.01, ""tp"": 16, ""tran_tang"": 8}"
5b9aeff394,cao,CAO_NGUYEN,AUDCHF,M15,ban|phang|lui,1496,2341,0.639,3,ban,phang,16,45,15,,6,0.01,,"{""buoc"": 16, ""che_do"": ""ban"", ""cho_lui"": 6, ""kieu_lot"": ""phang"", ""lot"": 0.01, ""tp"": 45, ""tran_tang"": 15}"
6cd81bfa5b,cao,CAO_NGUYEN,AUDCHF,M15,mua|cong|lui,2790,2867,0.9731,1,mua,cong,8,10,12,1.2,10,0.01,,"{""buoc"": 8, ""che_do"": ""mua"", ""cho_lui"": 10, ""he_so_lot"": 1.2, ""kieu_lot"": ""cong"", ""lot"": 0.01, ""tp"": 10, ""tran_tang"": 12}"
7bfb784a45,cao,CAO_NGUYEN,AUDCHF,M15,hai_chieu|phang|lui,2942,2993,0.983,2,hai_chieu,phang,8,6,8,,10,0.01,,"{""buoc"": 8, ""che_do"": ""hai_chieu"", ""cho_lui"": 10, ""kieu_lot"": ""phang"", ""lot"": 0.01, ""tp"": 6, ""tran_tang"": 8}"
82d192761f,cao,CAO_NGUYEN,AUDCHF,M15,ban|cong|lui,1686,2517,0.6698,1,ban,cong,8,20,12,1.2,6,0.01,,"{""buoc"": 8, ""che_do"": ""ban"", ""cho_lui"": 6, ""he_so_lot"": 1.2, ""kieu_lot"": ""cong"", ""lot"": 0.01, ""tp"": 20, ""tran_tang"": 12}"
896b2c8639,cao,CAO_NGUYEN,AUDCHF,M15,mua|cong|lui,2786,2846,0.9789,2,mua,cong,10,13,15,1.2,10,0.01,,"{""buoc"": 10, ""che_do"": ""mua"", ""cho_lui"": 10, ""he_so_lot"": 1.2, ""kieu_lot"": ""cong"", ""lot"": 0.01, ""tp"": 13, ""tran_tang"": 15}"
afe2d91730,cao,CAO_NGUYEN,AUDCHF,M15,mua|phang|lui,2809,2809,1.0,1,mua,phang,8,6,15,,10,0.01,,"{""buoc"": 8, ""che_do"": ""mua"", ""cho_lui"": 10, ""kieu_lot"": ""phang"", ""lot"": 0.01, ""tp"": 6, ""tran_tang"": 15}"
b39c8f26db,cao,CAO_NGUYEN,AUDCHF,M15,mua|nhan|lui,2584,2589,0.9981,1,mua,nhan,8,8,10,1.2,10,0.01,,"{""buoc"": 8, ""che_do"": ""mua"", ""cho_lui"": 10, ""he_so_lot"": 1.2, ""kieu_lot"": ""nhan"", ""lot"": 0.01, ""tp"": 8, ""tran_tang"": 10}"
b506ee6b82,cao,CAO_NGUYEN,AUDCHF,M15,mua|phang|-,24,24,1.0,1,mua,phang,30,12,9,,,0.01,,"{""buoc"": 30, ""che_do"": ""mua"", ""kieu_lot"": ""phang"", ""lot"": 0.01, ""tp"": 12, ""tran_tang"": 9}"
ba5ddf1b51,cao,CAO_NGUYEN,AUDCHF,M15,hai_chieu|nhan|lui,2977,2992,0.995,1,hai_chieu,nhan,8,8,10,1.2,10,0.01,,"{""buoc"": 8, ""che_do"": ""hai_chieu"", ""cho_lui"": 10, ""he_so_lot"": 1.2, ""kieu_lot"": ""nhan"", ""lot"": 0.01, ""tp"": 8, ""tran_tang"": 10}"
bb52ea8ba8,cao,CAO_NGUYEN,AUDCHF,M15,hai_chieu|phang|lui,2935,2992,0.9809,1,hai_chieu,phang,8,6,15,,10,0.01,,"{""buoc"": 8, ""che_do"": ""hai_chieu"", ""cho_lui"": 10, ""kieu_lot"": ""phang"", ""lot"": 0.01, ""tp"": 6, ""tran_tang"": 15}"
bc7f6f5dd0,cao,CAO_NGUYEN,AUDCHF,M15,ban|cong|lui,1700,2468,0.6888,1,ban,cong,8,20,12,0.8,3,0.01,,"{""buoc"": 8, ""che_do"": ""ban"", ""cho_lui"": 3, ""he_so_lot"": 0.8, ""kieu_lot"": ""cong"", ""lot"": 0.01, ""tp"": 20, ""tran_tang"": 12}"
bd33babd50,cao,CAO_NGUYEN,AUDCHF,M15,mua|phang|lui,2797,2797,1.0,2,mua,phang,8,6,8,,10,0.01,,"{""buoc"": 8, ""che_do"": ""mua"", ""cho_lui"": 10, ""kieu_lot"": ""phang"", ""lot"": 0.01, ""tp"": 6, ""tran_tang"": 8}"
c4c01446df,cao,CAO_NGUYEN,AUDCHF,M15,hai_chieu|nhan|lui,2960,2987,0.991,1,hai_chieu,nhan,10,8,10,1.2,10,0.01,,"{""buoc"": 10, ""che_do"": ""hai_chieu"", ""cho_lui"": 10, ""he_so_lot"": 1.2, ""kieu_lot"": ""nhan"", ""lot"": 0.01, ""tp"": 8, ""tran_tang"": 10}"
d0267b407a,cao,CAO_NGUYEN,AUDCHF,M15,hai_chieu|cong|lui,2870,2996,0.9579,1,hai_chieu,cong,8,10,15,1.2,10,0.01,,"{""buoc"": 8, ""che_do"": ""hai_chieu"", ""cho_lui"": 10, ""he_so_lot"": 1.2, ""kieu_lot"": ""cong"", ""lot"": 0.01, ""tp"": 10, ""tran_tang"": 15}"
d7fbc8c155,cao,CAO_NGUYEN,AUDCHF,M15,ban|cong|lui,1688,2464,0.6851,1,ban,cong,60,34,4,0.5,3,0.01,,"{""buoc"": 60, ""che_do"": ""ban"", ""cho_lui"": 3, ""he_so_lot"": 0.5, ""kieu_lot"": ""cong"", ""lot"": 0.01, ""tp"": 34, ""tran_tang"": 4}"
f80f0706f7,cao,CAO_NGUYEN,AUDCHF,M15,mua|nhan|lui,2596,2596,1.0,1,mua,nhan,10,8,10,1.2,10,0.01,,"{""buoc"": 10, ""che_do"": ""mua"", ""cho_lui"": 10, ""he_so_lot"": 1.2, ""kieu_lot"": ""nhan"", ""lot"": 0.01, ""tp"": 8, ""tran_tang"": 10}"
3d8a6d6d37,cao,CAO_NGUYEN,AUDCHF,M30,mua|cong|lui,2792,2867,0.9738,1,mua,cong,8,13,15,1.2,10,0.01,,"{""buoc"": 8, ""che_do"": ""mua"", ""cho_lui"": 10, ""he_so_lot"": 1.2, ""kieu_lot"": ""cong"", ""lot"": 0.01, ""tp"": 13, ""tran_tang"": 15}"
419e70e15e,cao,CAO_NGUYEN,AUDCHF,M30,mua|nhan|lui,2596,2596,1.0,1,mua,nhan,8,10,10,1.2,10,0.01,,"{""buoc"": 8, ""che_do"": ""mua"", ""cho_lui"": 10, ""he_so_lot"": 1.2, ""kieu_lot"": ""nhan"", ""lot"": 0.01, ""tp"": 10, ""tran_tang"": 10}"
4974f7dfb1,cao,CAO_NGUYEN,AUDCHF,M30,mua|cong|lui,2786,2846,0.9789,2,mua,cong,10,13,15,1.2,10,0.01,,"{""buoc"": 10, ""che_do"": ""mua"", ""cho_lui"": 10, ""he_so_lot"": 1.2, ""kieu_lot"": ""cong"", ""lot"": 0.01, ""tp"": 13, ""tran_tang"": 15}"
508c4ef6ee,cao,CAO_NGUYEN,AUDCHF,M30,ban|phang|lui,1494,2341,0.6382,3,ban,phang,16,45,15,,6,0.01,,"{""buoc"": 16, ""che_do"": ""ban"", ""cho_lui"": 6, ""kieu_lot"": ""phang"", ""lot"": 0.01, ""tp"": 45, ""tran_tang"": 15}"
5a5d7f94f9,cao,CAO_NGUYEN,AUDCHF,M30,ban|cong|-,1720,2468,0.6969,1,ban,cong,30,8,12,1.2,0,0.01,,"{""buoc"": 30, ""che_do"": ""ban"", ""cho_lui"": 0, ""he_so_lot"": 1.2, ""kieu_lot"": ""cong"", ""lot"": 0.01, ""tp"": 8, ""tran_tang"": 12}"
60acea98de,cao,CAO_NGUYEN,AUDCHF,M30,mua|phang|lui,2809,2809,1.0,1,mua,phang,8,6,10,,10,0.01,,"{""buoc"": 8, ""che_do"": ""mua"", ""cho_lui"": 10, ""kieu_lot"": ""phang"", ""lot"": 0.01, ""tp"": 6, ""tran_tang"": 10}"
618904f340,cao,CAO_NGUYEN,AUDCHF,M30,hai_chieu|nhan|lui,2972,2987,0.995,1,hai_chieu,nhan,8,10,10,1.2,10,0.01,,"{""buoc"": 8, ""che_do"": ""hai_chieu"", ""cho_lui"": 10, ""he_so_lot"": 1.2, ""kieu_lot"": ""nhan"", ""lot"": 0.01, ""tp"": 10, ""tran_tang"": 10}"
7f0ab76c36,cao,CAO_NGUYEN,AUDCHF,M30,hai_chieu|nhan|lui,2986,2992,0.998,1,hai_chieu,nhan,8,8,10,1.2,10,0.01,,"{""buoc"": 8, ""che_do"": ""hai_chieu"", ""cho_lui"": 10, ""he_so_lot"": 1.2, ""kieu_lot"": ""nhan"", ""lot"": 0.01, ""tp"": 8, ""tran_tang"": 10}"
96b1e4f69d,cao,CAO_NGUYEN,AUDCHF,M30,hai_chieu|phang|lui,2957,2993,0.988,2,hai_chieu,phang,8,6,8,,10,0.01,,"{""buoc"": 8, ""che_do"": ""hai_chieu"", ""cho_lui"": 10, ""kieu_lot"": ""phang"", ""lot"": 0.01, ""tp"": 6, ""tran_tang"": 8}"
9d92bb3c1a,cao,CAO_NGUYEN,AUDCHF,M30,mua|nhan|lui,2584,2589,0.9981,1,mua,nhan,8,8,10,1.2,10,0.01,,"{""buoc"": 8, ""che_do"": ""mua"", ""cho_lui"": 10, ""he_so_lot"": 1.2, ""kieu_lot"": ""nhan"", ""lot"": 0.01, ""tp"": 8, ""tran_tang"": 10}"
add8478b0f,cao,CAO_NGUYEN,AUDCHF,M30,ban|cong|lui,1707,2517,0.6782,1,ban,cong,8,20,12,1.2,6,0.01,,"{""buoc"": 8, ""che_do"": ""ban"", ""cho_lui"": 6, ""he_so_lot"": 1.2, ""kieu_lot"": ""cong"", ""lot"": 0.01, ""tp"": 20, ""tran_tang"": 12}"
c10e4eb1bf,cao,CAO_NGUYEN,AUDCHF,M30,hai_chieu|phang|-,72,72,1.0,1,hai_chieu,phang,32,16,8,,,0.01,,"{""buoc"": 32, ""che_do"": ""hai_chieu"", ""kieu_lot"": ""phang"", ""lot"": 0.01, ""tp"": 16, ""tran_tang"": 8}"
c136807c8d,cao,CAO_NGUYEN,AUDCHF,M30,mua|phang|lui,2797,2797,1.0,2,mua,phang,8,6,8,,10,0.01,,"{""buoc"": 8, ""che_do"": ""mua"", ""cho_lui"": 10, ""kieu_lot"": ""phang"", ""lot"": 0.01, ""tp"": 6, ""tran_tang"": 8}"
d08dcc423e,cao,CAO_NGUYEN,AUDCHF,M30,hai_chieu|cong|lui,2903,2996,0.969,2,hai_chieu,cong,10,13,15,1.2,10,0.01,,"{""buoc"": 10, ""che_do"": ""hai_chieu"", ""cho_lui"": 10, ""he_so_lot"": 1.2, ""kieu_lot"": ""cong"", ""lot"": 0.01, ""tp"": 13, ""tran_tang"": 15}"
e465528738,cao,CAO_NGUYEN,AUDCHF,M30,mua|phang|-,24,24,1.0,1,mua,phang,30,12,9,,,0.01,,"{""buoc"": 30, ""che_do"": ""mua"", ""kieu_lot"": ""phang"", ""lot"": 0.01, ""tp"": 12, ""tran_tang"": 9}"
f0a3f4357d,cao,CAO_NGUYEN,AUDCHF,M30,hai_chieu|phang|lui,2947,2992,0.985,1,hai_chieu,phang,8,6,10,,10,0.01,,"{""buoc"": 8, ""che_do"": ""hai_chieu"", ""cho_lui"": 10, ""kieu_lot"": ""phang"", ""lot"": 0.01, ""tp"": 6, ""tran_tang"": 10}"
f3432ec5bc,cao,CAO_NGUYEN,AUDCHF,M30,hai_chieu|cong|lui,2888,2996,0.964,1,hai_chieu,cong,8,13,15,1.2,10,0.01,,"{""buoc"": 8, ""che_do"": ""hai_chieu"", ""cho_lui"": 10, ""he_so_lot"": 1.2, ""kieu_lot"": ""cong"", ""lot"": 0.01, ""tp"": 13, ""tran_tang"": 15}"
0c33420e6d,cao,CAO_NGUYEN,AUDCHF,M5,mua|cong|lui,2946,3000,0.982,1,mua,cong,16,6,12,0.8,10,0.01,,"{""buoc"": 16, ""che_do"": ""mua"", ""cho_lui"": 10, ""he_so_lot"": 0.8, ""kieu_lot"": ""cong"", ""lot"": 0.01, ""tp"": 6, ""tran_tang"": 12}"
1ed93d55f4,cao,CAO_NGUYEN,AUDCHF,M5,hai_chieu|phang|lui,2667,3000,0.889,3,hai_chieu,phang,12,6,15,,10,0.01,,"{""buoc"": 12, ""che_do"": ""hai_chieu"", ""cho_lui"": 10, ""kieu_lot"": ""phang"", ""lot"": 0.01, ""tp"": 6, ""tran_tang"": 15}"
23269148b4,cao,CAO_NGUYEN,AUDCHF,M5,hai_chieu|nhan|lui,2877,3000,0.959,1,hai_chieu,nhan,10,8,10,1.2,10,0.01,,"{""buoc"": 10, ""che_do"": ""hai_chieu"", ""cho_lui"": 10, ""he_so_lot"": 1.2, ""kieu_lot"": ""nhan"", ""lot"": 0.01, ""tp"": 8, ""tran_tang"": 10}"
4619c8cef9,cao,CAO_NGUYEN,AUDCHF,M5,mua|cong|lui,2928,3000,0.976,1,mua,cong,16,6,15,1.2,10,0.01,,"{""buoc"": 16, ""che_do"": ""mua"", ""cho_lui"": 10, ""he_so_lot"": 1.2, ""kieu_lot"": ""cong"", ""lot"": 0.01, ""tp"": 6, ""tran_tang"": 15}"
68b67252f5,cao,CAO_NGUYEN,AUDCHF,M5,hai_chieu|cong|lui,2697,3000,0.899,1,hai_chieu,cong,24,10,12,0.8,10,0.01,,"{""buoc"": 24, ""che_do"": ""hai_chieu"", ""cho_lui"": 10, ""he_so_lot"": 0.8, ""kieu_lot"": ""cong"", ""lot"": 0.01, ""tp"": 10, ""tran_tang"": 12}"
a5768e95bf,cao,CAO_NGUYEN,AUDCHF,M5,hai_chieu|nhan|-,2877,3000,0.959,1,hai_chieu,nhan,60,13,12,1.2,0,0.01,,"{""buoc"": 60, ""che_do"": ""hai_chieu"", ""cho_lui"": 0, ""he_so_lot"": 1.2, ""kieu_lot"": ""nhan"", ""lot"": 0.01, ""tp"": 13, ""tran_tang"": 12}"
a8c1267d55,cao,CAO_NGUYEN,AUDCHF,M5,mua|cong|lui,2925,3000,0.975,1,mua,cong,16,6,15,0.8,10,0.01,,"{""buoc"": 16, ""che_do"": ""mua"", ""cho_lui"": 10, ""he_so_lot"": 0.8, ""kieu_lot"": ""cong"", ""lot"": 0.01, ""tp"": 6, ""tran_tang"": 15}"
afaa781fd9,cao,CAO_NGUYEN,AUDCHF,M5,mua|nhan|lui,2991,3000,0.997,1,mua,nhan,12,60,15,1.2,10,0.01,,"{""buoc"": 12, ""che_do"": ""mua"", ""cho_lui"": 10, ""he_so_lot"": 1.2, ""kieu_lot"": ""nhan"", ""lot"": 0.01, ""tp"": 60, ""tran_tang"": 15}"
b3c5000062,cao,CAO_NGUYEN,AUDCHF,M5,hai_chieu|cong|lui,2658,3000,0.886,1,hai_chieu,cong,24,10,15,0.8,10,0.01,,"{""buoc"": 24, ""che_do"": ""hai_chieu"", ""cho_lui"": 10, ""he_so_lot"": 0.8, ""kieu_lot"": ""cong"", ""lot"": 0.01, ""tp"": 10, ""tran_tang"": 15}"
c200d5a5f6,cao,CAO_NGUYEN,AUDCHF,M5,hai_chieu|cong|lui,2685,3000,0.895,1,hai_chieu,cong,16,6,15,1.2,10,0.01,,"{""buoc"": 16, ""che_do"": ""hai_chieu"", ""cho_lui"": 10, ""he_so_lot"": 1.2, ""kieu_lot"": ""cong"", ""lot"": 0.01, ""tp"": 6, ""tran_tang"": 15}"
ce15b0fe97,cao,CAO_NGUYEN,AUDCHF,M5,mua|nhan|-,2994,3000,0.998,1,mua,nhan,80,16,12,1.2,0,0.01,,"{""buoc"": 80, ""che_do"": ""mua"", ""cho_lui"": 0, ""he_so_lot"": 1.2, ""kieu_lot"": ""nhan"", ""lot"": 0.01, ""tp"": 16, ""tran_tang"": 12}"
f07645ca16,cao,CAO_NGUYEN,AUDCHF,M5,mua|phang|lui,3000,3000,1.0,3,mua,phang,45,34,5,,10,0.01,,"{""buoc"": 45, ""che_do"": ""mua"", ""cho_lui"": 10, ""kieu_lot"": ""phang"", ""lot"": 0.01, ""tp"": 34, ""tran_tang"": 5}"
04b4c87978,cao,CAO_NGUYEN,AUDNZD,H1,hai_chieu|phang|lui,2517,3000,0.839,2,hai_chieu,phang,10,13,10,,3,0.01,,"{""buoc"": 10, ""che_do"": ""hai_chieu"", ""cho_lui"": 3, ""kieu_lot"": ""phang"", ""lot"": 0.01, ""tp"": 13, ""tran_tang"": 10}"
08ec96738c,cao,CAO_NGUYEN,AUDNZD,H1,mua|phang|-,24,24,1.0,1,mua,phang,15,12,9,,,0.01,,"{""buoc"": 15, ""che_do"": ""mua"", ""kieu_lot"": ""phang"", ""lot"": 0.01, ""tp"": 12, ""tran_tang"": 9}"
15bbe8c5e5,cao,CAO_NGUYEN,AUDNZD,H1,ban|cong|lui,1920,3000,0.64,1,ban,cong,36,26,6,0.8,6,0.01,,"{""buoc"": 36, ""che_do"": ""ban"", ""cho_lui"": 6, ""he_so_lot"": 0.8, ""kieu_lot"": ""cong"", ""lot"": 0.01, ""tp"": 26, ""tran_tang"": 6}"
7c7e716209,cao,CAO_NGUYEN,AUDNZD,H1,hai_chieu|cong|-,2733,3000,0.911,1,hai_chieu,cong,8,6,12,1.2,0,0.01,,"{""buoc"": 8, ""che_do"": ""hai_chieu"", ""cho_lui"": 0, ""he_so_lot"": 1.2, ""kieu_lot"": ""cong"", ""lot"": 0.01, ""tp"": 6, ""tran_tang"": 12}"
86b9466232,cao,CAO_NGUYEN,AUDNZD,H1,mua|nhan|-,3000,3000,1.0,1,mua,nhan,8,13,15,1.2,0,0.01,,"{""buoc"": 8, ""che_do"": ""mua"", ""cho_lui"": 0, ""he_so_lot"": 1.2, ""kieu_lot"": ""nhan"", ""lot"": 0.01, ""tp"": 13, ""tran_tang"": 15}"
8da06e20c6,cao,CAO_NGUYEN,AUDNZD,H1,mua|cong|lui,3000,3000,1.0,2,mua,cong,8,20,12,0.8,3,0.01,,"{""buoc"": 8, ""che_do"": ""mua"", ""cho_lui"": 3, ""he_so_lot"": 0.8, ""kieu_lot"": ""cong"", ""lot"": 0.01, ""tp"": 20, ""tran_tang"": 12}"
90013b636d,cao,CAO_NGUYEN,AUDNZD,H1,ban|cong|lui,1851,3000,0.617,1,ban,cong,24,34,15,0.8,6,0.01,,"{""buoc"": 24, ""che_do"": ""ban"", ""cho_lui"": 6, ""he_so_lot"": 0.8, ""kieu_lot"": ""cong"", ""lot"": 0.01, ""tp"": 34, ""tran_tang"": 15}"
939fefbbd3,cao,CAO_NGUYEN,AUDNZD,H1,mua|cong|lui,2994,3000,0.998,1,mua,cong,10,20,15,1.2,3,0.01,,"{""buoc"": 10, ""che_do"": ""mua"", ""cho_lui"": 3, ""he_so_lot"": 1.2, ""kieu_lot"": ""cong"", ""lot"": 0.01, ""tp"": 20, ""tran_tang"": 15}"
9d24c8940a,cao,CAO_NGUYEN,AUDNZD,H1,hai_chieu|cong|-,2736,3000,0.912,1,hai_chieu,cong,12,10,12,1.2,0,0.01,,"{""buoc"": 12, ""che_do"": ""hai_chieu"", ""cho_lui"": 0, ""he_so_lot"": 1.2, ""kieu_lot"": ""cong"", ""lot"": 0.01, ""tp"": 10, ""tran_tang"": 12}"
add47791d7,cao,CAO_NGUYEN,AUDNZD,H1,ban|cong|lui,1890,3000,0.63,1,ban,cong,45,34,8,1.2,6,0.01,,"{""buoc"": 45, ""che_do"": ""ban"", ""cho_lui"": 6, ""he_so_lot"": 1.2, ""kieu_lot"": ""cong"", ""lot"": 0.01, ""tp"": 34, ""tran_tang"": 8}"
e1d6806fde,cao,CAO_NGUYEN,AUDNZD,H1,hai_chieu|cong|lui,2727,3000,0.909,1,hai_chieu,cong,8,20,12,0.8,3,0.01,,"{""buoc"": 8, ""che_do"": ""hai_chieu"", ""cho_lui"": 3, ""he_so_lot"": 0.8, ""kieu_lot"": ""cong"", ""lot"": 0.01, ""tp"": 20, ""tran_tang"": 12}"
e4f7619c01,cao,CAO_NGUYEN,AUDNZD,H1,mua|nhan|lui,3000,3000,1.0,1,mua,nhan,12,20,15,1.2,3,0.01,,"{""buoc"": 12, ""che_do"": ""mua"", ""cho_lui"": 3, ""he_so_lot"": 1.2, ""kieu_lot"": ""nhan"", ""lot"": 0.01, ""tp"": 20, ""tran_tang"": 15}"
efedf5a3de,cao,CAO_NGUYEN,AUDNZD,H1,mua|phang|lui,3000,3000,1.0,3,mua,phang,8,13,10,,3,0.01,,"{""buoc"": 8, ""che_do"": ""mua"", ""cho_lui"": 3, ""kieu_lot"": ""phang"", ""lot"": 0.01, ""tp"": 13, ""tran_tang"": 10}"
f7e792ad0d,cao,CAO_NGUYEN,AUDNZD,H1,hai_chieu|phang|lui,2514,3000,0.838,1,hai_chieu,phang,8,13,12,,3,0.01,,"{""buoc"": 8, ""che_do"": ""hai_chieu"", ""cho_lui"": 3, ""kieu_lot"": ""phang"", ""lot"": 0.01, ""tp"": 13, ""tran_tang"": 12}"
03f6abf8bb,cao,CAO_NGUYEN,AUDNZD,M15,mua|nhan|lui,3000,3000,1.0,1,mua,nhan,12,20,8,1.2,3,0.01,,"{""buoc"": 12, ""che_do"": ""mua"", ""cho_lui"": 3, ""he_so_lot"": 1.2, ""kieu_lot"": ""nhan"", ""lot"": 0.01, ""tp"": 20, ""tran_tang"": 8}"
0d7d893c69,cao,CAO_NGUYEN,AUDNZD,M15,ban|cong|lui,1875,3000,0.625,1,ban,cong,45,34,8,0.8,10,0.01,,"{""buoc"": 45, ""che_do"": ""ban"", ""cho_lui"": 10, ""he_so_lot"": 0.8, ""kieu_lot"": ""cong"", ""lot"": 0.01, ""tp"": 34, ""tran_tang"": 8}"
160ca9a02b,cao,CAO_NGUYEN,AUDNZD,M15,hai_chieu|cong|lui,2643,3000,0.881,2,hai_chieu,cong,8,20,12,0.8,3,0.01,,"{""buoc"": 8, ""che_do"": ""hai_chieu"", ""cho_lui"": 3, ""he_so_lot"": 0.8, ""kieu_lot"": ""cong"", ""lot"": 0.01, ""tp"": 20, ""tran_tang"": 12}"
5fdf205f73,cao,CAO_NGUYEN,AUDNZD,M15,ban|cong|lui,1851,3000,0.617,1,ban,cong,45,34,8,1.2,6,0.01,,"{""buoc"": 45, ""che_do"": ""ban"", ""cho_lui"": 6, ""he_so_lot"": 1.2, ""kieu_lot"": ""cong"", ""lot"": 0.01, ""tp"": 34, ""tran_tang"": 8}"
6aa845ee37,cao,CAO_NGUYEN,AUDNZD,M15,hai_chieu|cong|lui,2643,3000,0.881,1,hai_chieu,cong,10,20,15,1.2,3,0.01,,"{""buoc"": 10, ""che_do"": ""hai_chieu"", ""cho_lui"": 3, ""he_so_lot"": 1.2, ""kieu_lot"": ""cong"", ""lot"": 0.01, ""tp"": 20, ""tran_tang"": 15}"
6b231e1f48,cao,CAO_NGUYEN,AUDNZD,M15,mua|nhan|lui,3000,3000,1.0,1,mua,nhan,8,20,15,1.2,3,0.01,,"{""buoc"": 8, ""che_do"": ""mua"", ""cho_lui"": 3, ""he_so_lot"": 1.2, ""kieu_lot"": ""nhan"", ""lot"": 0.01, ""tp"": 20, ""tran_tang"": 15}"
6caaa89d78,cao,CAO_NGUYEN,AUDNZD,M15,mua|phang|lui,3000,3000,1.0,3,mua,phang,8,13,10,,3,0.01,,"{""buoc"": 8, ""che_do"": ""mua"", ""cho_lui"": 3, ""kieu_lot"": ""phang"", ""lot"": 0.01, ""tp"": 13, ""tran_tang"": 10}"
7643e814fc,cao,CAO_NGUYEN,AUDNZD,M15,hai_chieu|phang|lui,2400,3000,0.8,2,hai_chieu,phang,8,13,15,,3,0.01,,"{""buoc"": 8, ""che_do"": ""hai_chieu"", ""cho_lui"": 3, ""kieu_lot"": ""phang"", ""lot"": 0.01, ""tp"": 13, ""tran_tang"": 15}"
9759a26960,cao,CAO_NGUYEN,AUDNZD,M15,hai_chieu|phang|lui,2403,3000,0.801,1,hai_chieu,phang,8,16,10,,6,0.01,,"{""buoc"": 8, ""che_do"": ""hai_chieu"", ""cho_lui"": 6, ""kieu_lot"": ""phang"", ""lot"": 0.01, ""tp"": 16, ""tran_tang"": 10}"
97f7b6007b,cao,CAO_NGUYEN,AUDNZD,M15,mua|phang|-,24,24,1.0,1,mua,phang,15,12,9,,,0.01,,"{""buoc"": 15, ""che_do"": ""mua"", ""kieu_lot"": ""phang"", ""lot"": 0.01, ""tp"": 12, ""tran_tang"": 9}"
c47d499537,cao,CAO_NGUYEN,AUDNZD,M15,mua|cong|lui,3000,3000,1.0,2,mua,cong,8,20,12,0.8,3,0.01,,"{""buoc"": 8, ""che_do"": ""mua"", ""cho_lui"": 3, ""he_so_lot"": 0.8, ""kieu_lot"": ""cong"", ""lot"": 0.01, ""tp"": 20, ""tran_tang"": 12}"
e117bbd4df,cao,CAO_NGUYEN,AUDNZD,M15,mua|cong|lui,2994,3000,0.998,1,mua,cong,10,20,15,1.2,3,0.01,,"{""buoc"": 10, ""che_do"": ""mua"", ""cho_lui"": 3, ""he_so_lot"": 1.2, ""kieu_lot"": ""cong"", ""lot"": 0.01, ""tp"": 20, ""tran_tang"": 15}"
26cf93bb91,cao,CAO_NGUYEN,AUDNZD,M30,hai_chieu|cong|-,2703,3000,0.901,1,hai_chieu,cong,8,6,12,1.2,0,0.01,,"{""buoc"": 8, ""che_do"": ""hai_chieu"", ""cho_lui"": 0, ""he_so_lot"": 1.2, ""kieu_lot"": ""cong"", ""lot"": 0.01, ""tp"": 6, ""tran_tang"": 12}"
2f6a15a5a8,cao,CAO_NGUYEN,AUDNZD,M30,mua|phang|lui,3000,3000,1.0,2,mua,phang,10,13,10,,3,0.01,,"{""buoc"": 10, ""che_do"": ""mua"", ""cho_lui"": 3, ""kieu_lot"": ""phang"", ""lot"": 0.01, ""tp"": 13, ""tran_tang"": 10}"
2f732df7e8,cao,CAO_NGUYEN,AUDNZD,M30,ban|cong|lui,1881,3000,0.627,1,ban,cong,45,34,8,0.8,10,0.01,,"{""buoc"": 45, ""che_do"": ""ban"", ""cho_lui"": 10, ""he_so_lot"": 0.8, ""kieu_lot"": ""cong"", ""lot"": 0.01, ""tp"": 34, ""tran_tang"": 8}"
3856d05401,cao,CAO_NGUYEN,AUDNZD,M30,mua|cong|lui,2988,3000,0.996,1,mua,cong,10,20,15,1.2,3,0.01,,"{""buoc"": 10, ""che_do"": ""mua"", ""cho_lui"": 3, ""he_so_lot"": 1.2, ""kieu_lot"": ""cong"", ""lot"": 0.01, ""tp"": 20, ""tran_tang"": 15}"
49fd702949,cao,CAO_NGUYEN,AUDNZD,M30,ban|cong|lui,1857,3000,0.619,1,ban,cong,45,34,8,1.2,6,0.01,,"{""buoc"": 45, ""che_do"": ""ban"", ""cho_lui"": 6, ""he_so_lot"": 1.2, ""kieu_lot"": ""cong"", ""lot"": 0.01, ""tp"": 34, ""tran_tang"": 8}"
4fab2d0fe2,cao,CAO_NGUYEN,AUDNZD,M30,hai_chieu|phang|lui,2463,3000,0.821,2,hai_chieu,phang,8,13,15,,3,0.01,,"{""buoc"": 8, ""che_do"": ""hai_chieu"", ""cho_lui"": 3, ""kieu_lot"": ""phang"", ""lot"": 0.01, ""tp"": 13, ""tran_tang"": 15}"
6baab8d281,cao,CAO_NGUYEN,AUDNZD,M30,mua|phang|lui,3000,3000,1.0,1,mua,phang,10,13,8,,3,0.01,,"{""buoc"": 10, ""che_do"": ""mua"", ""cho_lui"": 3, ""kieu_lot"": ""phang"", ""lot"": 0.01, ""tp"": 13, ""tran_tang"": 8}"
7525f90bde,cao,CAO_NGUYEN,AUDNZD,M30,hai_chieu|cong|lui,2700,3000,0.9,1,hai_chieu,cong,10,20,15,1.2,3,0.01,,"{""buoc"": 10, ""che_do"": ""hai_chieu"", ""cho_lui"": 3, ""he_so_lot"": 1.2, ""kieu_lot"": ""cong"", ""lot"": 0.01, ""tp"": 20, ""tran_tang"": 15}"
78a80af59a,cao,CAO_NGUYEN,AUDNZD,M30,mua|cong|lui,2985,3000,0.995,2,mua,cong,8,20,12,0.8,3,0.01,,"{""buoc"": 8, ""che_do"": ""mua"", ""cho_lui"": 3, ""he_so_lot"": 0.8, ""kieu_lot"": ""cong"", ""lot"": 0.01, ""tp"": 20, ""tran_tang"": 12}"
8145e2ecd6,cao,CAO_NGUYEN,AUDNZD,M30,hai_chieu|phang|lui,2466,3000,0.822,1,hai_chieu,phang,8,13,12,,3,0.01,,"{""buoc"": 8, ""che_do"": ""hai_chieu"", ""cho_lui"": 3, ""kieu_lot"": ""phang"", ""lot"": 0.01, ""tp"": 13, ""tran_tang"": 12}"
89b9f718e0,cao,CAO_NGUYEN,AUDNZD,M30,hai_chieu|cong|lui,2676,3000,0.892,1,hai_chieu,cong,8,20,15,0.8,3,0.01,,"{""buoc"": 8, ""che_do"": ""hai_chieu"", ""cho_lui"": 3, ""he_so_lot"": 0.8, ""kieu_lot"": ""cong"", ""lot"": 0.01, ""tp"": 20, ""tran_tang"": 15}"
9127f0fc9b,cao,CAO_NGUYEN,AUDNZD,M30,mua|phang|-,24,24,1.0,1,mua,phang,15,12,9,,,0.01,,"{""buoc"": 15, ""che_do"": ""mua"", ""kieu_lot"": ""phang"", ""lot"": 0.01, ""tp"": 12, ""tran_tang"": 9}"
bf9ab5958d,cao,CAO_NGUYEN,AUDNZD,M30,mua|nhan|lui,2997,3000,0.999,1,mua,nhan,8,20,10,1.2,6,0.01,,"{""buoc"": 8, ""che_do"": ""mua"", ""cho_lui"": 6, ""he_so_lot"": 1.2, ""kieu_lot"": ""nhan"", ""lot"": 0.01, ""tp"": 20, ""tran_tang"": 10}"
eae89f781c,cao,CAO_NGUYEN,AUDNZD,M30,mua|nhan|-,2997,3000,0.999,1,mua,nhan,8,13,15,1.2,0,0.01,,"{""buoc"": 8, ""che_do"": ""mua"", ""cho_lui"": 0, ""he_so_lot"": 1.2, ""kieu_lot"": ""nhan"", ""lot"": 0.01, ""tp"": 13, ""tran_tang"": 15}"
fa368b18b2,cao,CAO_NGUYEN,AUDNZD,M30,ban|cong|lui,1827,3000,0.609,1,ban,cong,45,34,7,1.2,6,0.01,,"{""buoc"": 45, ""che_do"": ""ban"", ""cho_lui"": 6, ""he_so_lot"": 1.2, ""kieu_lot"": ""cong"", ""lot"": 0.01, ""tp"": 34, ""tran_tang"": 7}"
0a5bd2aa72,cao,CAO_NGUYEN,AUDNZD,M5,hai_chieu|phang|lui,2289,3000,0.763,1,hai_chieu,phang,16,16,15,,6,0.01,,"{""buoc"": 16, ""che_do"": ""hai_chieu"", ""cho_lui"": 6, ""kieu_lot"": ""phang"", ""lot"": 0.01, ""tp"": 16, ""tran_tang"": 15}"
19b2a11fdc,cao,CAO_NGUYEN,AUDNZD,M5,mua|phang|lui,2841,3000,0.947,3,mua,phang,8,26,15,,6,0.01,,"{""buoc"": 8, ""che_do"": ""mua"", ""cho_lui"": 6, ""kieu_lot"": ""phang"", ""lot"": 0.01, ""tp"": 26, ""tran_tang"": 15}"
379ddf27e5,cao,CAO_NGUYEN,AUDNZD,M5,hai_chieu|phang|lui,2301,3000,0.767,2,hai_chieu,phang,20,20,15,,10,0.01,,"{""buoc"": 20, ""che_do"": ""hai_chieu"", ""cho_lui"": 10, ""kieu_lot"": ""phang"", ""lot"": 0.01, ""tp"": 20, ""tran_tang"": 15}"
7413ea87ff,cao,CAO_NGUYEN,AUDNZD,M5,hai_chieu|cong|lui,2502,3000,0.834,1,hai_chieu,cong,24,34,12,0.8,10,0.01,,"{""buoc"": 24, ""che_do"": ""hai_chieu"", ""cho_lui"": 10, ""he_so_lot"": 0.8, ""kieu_lot"": ""cong"", ""lot"": 0.01, ""tp"": 34, ""tran_tang"": 12}"
780efb6528,cao,CAO_NGUYEN,AUDNZD,M5,mua|nhan|lui,2925,3000,0.975,1,mua,nhan,24,26,15,1.2,10,0.01,,"{""buoc"": 24, ""che_do"": ""mua"", ""cho_lui"": 10, ""he_so_lot"": 1.2, ""kieu_lot"": ""nhan"", ""lot"": 0.01, ""tp"": 26, ""tran_tang"": 15}"
794cfa6c70,cao,CAO_NGUYEN,AUDNZD,M5,mua|cong|lui,2844,3000,0.948,1,mua,cong,8,26,15,0.2,3,0.01,,"{""buoc"": 8, ""che_do"": ""mua"", ""cho_lui"": 3, ""he_so_lot"": 0.2, ""kieu_lot"": ""cong"", ""lot"": 0.01, ""tp"": 26, ""tran_tang"": 15}"
8a90e41f7d,cao,CAO_NGUYEN,AUDNZD,M5,mua|cong|lui,2853,3000,0.951,1,mua,cong,30,45,12,1.2,3,0.01,,"{""buoc"": 30, ""che_do"": ""mua"", ""cho_lui"": 3, ""he_so_lot"": 1.2, ""kieu_lot"": ""cong"", ""lot"": 0.01, ""tp"": 45, ""tran_tang"": 12}"
a9a47a6ff8,cao,CAO_NGUYEN,AUDNZD,M5,hai_chieu|cong|lui,2469,3000,0.823,1,hai_chieu,cong,36,20,10,0.8,10,0.01,,"{""buoc"": 36, ""che_do"": ""hai_chieu"", ""cho_lui"": 10, ""he_so_lot"": 0.8, ""kieu_lot"": ""cong"", ""lot"": 0.01, ""tp"": 20, ""tran_tang"": 10}"
ba0eecfdba,cao,CAO_NGUYEN,AUDNZD,M5,mua|cong|lui,2835,3000,0.945,1,mua,cong,8,26,12,1.2,3,0.01,,"{""buoc"": 8, ""che_do"": ""mua"", ""cho_lui"": 3, ""he_so_lot"": 1.2, ""kieu_lot"": ""cong"", ""lot"": 0.01, ""tp"": 26, ""tran_tang"": 12}"
def00ecbed,cao,CAO_NGUYEN,AUDNZD,M5,mua|nhan|lui,2931,3000,0.977,1,mua,nhan,24,26,12,1.2,10,0.01,,"{""buoc"": 24, ""che_do"": ""mua"", ""cho_lui"": 10, ""he_so_lot"": 1.2, ""kieu_lot"": ""nhan"", ""lot"": 0.01, ""tp"": 26, ""tran_tang"": 12}"
e00ed57096,cao,CAO_NGUYEN,AUDNZD,M5,hai_chieu|cong|lui,2505,3000,0.835,1,hai_chieu,cong,24,20,12,0.3,6,0.01,,"{""buoc"": 24, ""che_do"": ""hai_chieu"", ""cho_lui"": 6, ""he_so_lot"": 0.3, ""kieu_lot"": ""cong"", ""lot"": 0.01, ""tp"": 20, ""tran_tang"": 12}"
0d509ffbba,cao,CAO_NGUYEN,EURCAD,H1,hai_chieu|phang|lui,2961,3000,0.987,1,hai_chieu,phang,8,8,15,,10,0.01,,"{""buoc"": 8, ""che_do"": ""hai_chieu"", ""cho_lui"": 10, ""kieu_lot"": ""phang"", ""lot"": 0.01, ""tp"": 8, ""tran_tang"": 15}"
26f832bd61,cao,CAO_NGUYEN,EURCAD,H1,ban|phang|-,2571,3000,0.857,2,ban,phang,10,6,15,,0,0.01,,"{""buoc"": 10, ""che_do"": ""ban"", ""cho_lui"": 0, ""kieu_lot"": ""phang"", ""lot"": 0.01, ""tp"": 6, ""tran_tang"": 15}"
425bae7815,cao,CAO_NGUYEN,EURCAD,H1,mua|cong|lui,2694,3000,0.898,1,mua,cong,8,13,15,1.2,3,0.01,,"{""buoc"": 8, ""che_do"": ""mua"", ""cho_lui"": 3, ""he_so_lot"": 1.2, ""kieu_lot"": ""cong"", ""lot"": 0.01, ""tp"": 13, ""tran_tang"": 15}"
4a4130a24b,cao,CAO_NGUYEN,EURCAD,H1,mua|cong|-,2745,3000,0.915,1,mua,cong,8,6,12,1.2,0,0.01,,"{""buoc"": 8, ""che_do"": ""mua"", ""cho_lui"": 0, ""he_so_lot"": 1.2, ""kieu_lot"": ""cong"", ""lot"": 0.01, ""tp"": 6, ""tran_tang"": 12}"
4f69f19b0e,cao,CAO_NGUYEN,EURCAD,H1,mua|phang|-,24,24,1.0,1,mua,phang,20,8,9,,,0.01,,"{""buoc"": 20, ""che_do"": ""mua"", ""kieu_lot"": ""phang"", ""lot"": 0.01, ""tp"": 8, ""tran_tang"": 9}"
5ea2bcc49a,cao,CAO_NGUYEN,EURCAD,H1,hai_chieu|cong|-,2775,3000,0.925,2,hai_chieu,cong,10,6,15,1.2,0,0.01,,"{""buoc"": 10, ""che_do"": ""hai_chieu"", ""cho_lui"": 0, ""he_so_lot"": 1.2, ""kieu_lot"": ""cong"", ""lot"": 0.01, ""tp"": 6, ""tran_tang"": 15}"
5f3e93833e,cao,CAO_NGUYEN,EURCAD,H1,hai_chieu|phang|lui,2961,3000,0.987,2,hai_chieu,phang,8,8,12,,10,0.01,,"{""buoc"": 8, ""che_do"": ""hai_chieu"", ""cho_lui"": 10, ""kieu_lot"": ""phang"", ""lot"": 0.01, ""tp"": 8, ""tran_tang"": 12}"
8a39784dcd,cao,CAO_NGUYEN,EURCAD,H1,ban|phang|-,2562,3000,0.854,1,ban,phang,12,6,12,,0,0.01,,"{""buoc"": 12, ""che_do"": ""ban"", ""cho_lui"": 0, ""kieu_lot"": ""phang"", ""lot"": 0.01, ""tp"": 6, ""tran_tang"": 12}"
98518f2607,cao,CAO_NGUYEN,EURCAD,H1,mua|nhan|lui,2211,3000,0.737,1,mua,nhan,8,10,10,1.2,6,0.01,,"{""buoc"": 8, ""che_do"": ""mua"", ""cho_lui"": 6, ""he_so_lot"": 1.2, ""kieu_lot"": ""nhan"", ""lot"": 0.01, ""tp"": 10, ""tran_tang"": 10}"
9859907089,cao,CAO_NGUYEN,EURCAD,H1,hai_chieu|cong|-,2799,3000,0.933,1,hai_chieu,cong,8,6,12,1.2,0,0.01,,"{""buoc"": 8, ""che_do"": ""hai_chieu"", ""cho_lui"": 0, ""he_so_lot"": 1.2, ""kieu_lot"": ""cong"", ""lot"": 0.01, ""tp"": 6, ""tran_tang"": 12}"
a191222b58,cao,CAO_NGUYEN,EURCAD,H1,hai_chieu|nhan|lui,2649,3000,0.883,1,hai_chieu,nhan,12,10,7,1.2,10,0.01,,"{""buoc"": 12, ""che_do"": ""hai_chieu"", ""cho_lui"": 10, ""he_so_lot"": 1.2, ""kieu_lot"": ""nhan"", ""lot"": 0.01, ""tp"": 10, ""tran_tang"": 7}"
a384e60f65,cao,CAO_NGUYEN,EURCAD,H1,hai_chieu|nhan|lui,2652,3000,0.884,1,hai_chieu,nhan,10,8,15,1.2,3,0.01,,"{""buoc"": 10, ""che_do"": ""hai_chieu"", ""cho_lui"": 3, ""he_so_lot"": 1.2, ""kieu_lot"": ""nhan"", ""lot"": 0.01, ""tp"": 8, ""tran_tang"": 15}"
bad6633a55,cao,CAO_NGUYEN,EURCAD,H1,ban|cong|-,2586,3000,0.862,2,ban,cong,10,6,15,1.2,0,0.01,,"{""buoc"": 10, ""che_do"": ""ban"", ""cho_lui"": 0, ""he_so_lot"": 1.2, ""kieu_lot"": ""cong"", ""lot"": 0.01, ""tp"": 6, ""tran_tang"": 15}"
d19e85c06f,cao,CAO_NGUYEN,EURCAD,H1,ban|nhan|-,2526,3000,0.842,1,ban,nhan,8,6,10,1.2,0,0.01,,"{""buoc"": 8, ""che_do"": ""ban"", ""cho_lui"": 0, ""he_so_lot"": 1.2, ""kieu_lot"": ""nhan"", ""lot"": 0.01, ""tp"": 6, ""tran_tang"": 10}"
e5941429b0,cao,CAO_NGUYEN,EURCAD,H1,mua|phang|lui,2949,3000,0.983,3,mua,phang,10,10,15,,10,0.01,,"{""buoc"": 10, ""che_do"": ""mua"", ""cho_lui"": 10, ""kieu_lot"": ""phang"", ""lot"": 0.01, ""tp"": 10, ""tran_tang"": 15}"
e9fb3d106b,cao,CAO_NGUYEN,EURCAD,H1,ban|cong|-,2607,3000,0.869,1,ban,cong,8,6,12,1.2,0,0.01,,"{""buoc"": 8, ""che_do"": ""ban"", ""cho_lui"": 0, ""he_so_lot"": 1.2, ""kieu_lot"": ""cong"", ""lot"": 0.01, ""tp"": 6, ""tran_tang"": 12}"
106e141547,cao,CAO_NGUYEN,EURCAD,M15,hai_chieu|nhan|lui,2589,3000,0.863,1,hai_chieu,nhan,8,6,15,1.2,10,0.01,,"{""buoc"": 8, ""che_do"": ""hai_chieu"", ""cho_lui"": 10, ""he_so_lot"": 1.2, ""kieu_lot"": ""nhan"", ""lot"": 0.01, ""tp"": 6, ""tran_tang"": 15}"
20462c0880,cao,CAO_NGUYEN,EURCAD,M15,hai_chieu|nhan|-,2613,3000,0.871,1,hai_chieu,nhan,8,8,15,1.2,0,0.01,,"{""buoc"": 8, ""che_do"": ""hai_chieu"", ""cho_lui"": 0, ""he_so_lot"": 1.2, ""kieu_lot"": ""nhan"", ""lot"": 0.01, ""tp"": 8, ""tran_tang"": 15}"
31aff6188c,cao,CAO_NGUYEN,EURCAD,M15,mua|nhan|lui,2364,3000,0.788,1,mua,nhan,8,6,15,1.2,10,0.01,,"{""buoc"": 8, ""che_do"": ""mua"", ""cho_lui"": 10, ""he_so_lot"": 1.2, ""kieu_lot"": ""nhan"", ""lot"": 0.01, ""tp"": 6, ""tran_tang"": 15}"
352cb47d86,cao,CAO_NGUYEN,EURCAD,M15,hai_chieu|phang|lui,2916,3000,0.972,1,hai_chieu,phang,10,6,10,,10,0.01,,"{""buoc"": 10, ""che_do"": ""hai_chieu"", ""cho_lui"": 10, ""kieu_lot"": ""phang"", ""lot"": 0.01, ""tp"": 6, ""tran_tang"": 10}"
3d21f5a9fc,cao,CAO_NGUYEN,EURCAD,M15,mua|phang|-,24,24,1.0,1,mua,phang,20,8,9,,,0.01,,"{""buoc"": 20, ""che_do"": ""mua"", ""kieu_lot"": ""phang"", ""lot"": 0.01, ""tp"": 8, ""tran_tang"": 9}"
46383fa9f4,cao,CAO_NGUYEN,EURCAD,M15,mua|cong|lui,2583,3000,0.861,1,mua,cong,8,6,12,1.2,3,0.01,,"{""buoc"": 8, ""che_do"": ""mua"", ""cho_lui"": 3, ""he_so_lot"": 1.2, ""kieu_lot"": ""cong"", ""lot"": 0.01, ""tp"": 6, ""tran_tang"": 12}"
4a0fbce56d,cao,CAO_NGUYEN,EURCAD,M15,ban|cong|-,2496,3000,0.832,1,ban,cong,8,6,12,1.2,0,0.01,,"{""buoc"": 8, ""che_do"": ""ban"", ""cho_lui"": 0, ""he_so_lot"": 1.2, ""kieu_lot"": ""cong"", ""lot"": 0.01, ""tp"": 6, ""tran_tang"": 12}"
52606e19fe,cao,CAO_NGUYEN,EURCAD,M15,mua|phang|lui,2928,3000,0.976,1,mua,phang,10,6,10,,10,0.01,,"{""buoc"": 10, ""che_do"": ""mua"", ""cho_lui"": 10, ""kieu_lot"": ""phang"", ""lot"": 0.01, ""tp"": 6, ""tran_tang"": 10}"
5aab07cc1b,cao,CAO_NGUYEN,EURCAD,M15,hai_chieu|phang|lui,2925,3000,0.975,2,hai_chieu,phang,10,6,8,,10,0.01,,"{""buoc"": 10, ""che_do"": ""hai_chieu"", ""cho_lui"": 10, ""kieu_lot"": ""phang"", ""lot"": 0.01, ""tp"": 6, ""tran_tang"": 8}"
7576cb0b33,cao,CAO_NGUYEN,EURCAD,M15,hai_chieu|cong|lui,2649,3000,0.883,1,hai_chieu,cong,8,8,12,1.2,6,0.01,,"{""buoc"": 8, ""che_do"": ""hai_chieu"", ""cho_lui"": 6, ""he_so_lot"": 1.2, ""kieu_lot"": ""cong"", ""lot"": 0.01, ""tp"": 8, ""tran_tang"": 12}"
7d7c59f35d,cao,CAO_NGUYEN,EURCAD,M15,mua|nhan|lui,2406,3000,0.802,1,mua,nhan,10,6,12,1.2,10,0.01,,"{""buoc"": 10, ""che_do"": ""mua"", ""cho_lui"": 10, ""he_so_lot"": 1.2, ""kieu_lot"": ""nhan"", ""lot"": 0.01, ""tp"": 6, ""tran_tang"": 12}"
83176df812,cao,CAO_NGUYEN,EURCAD,M15,ban|nhan|lui,2499,3000,0.833,1,ban,nhan,20,34,12,1.2,10,0.01,,"{""buoc"": 20, ""che_do"": ""ban"", ""cho_lui"": 10, ""he_so_lot"": 1.2, ""kieu_lot"": ""nhan"", ""lot"": 0.01, ""tp"": 34, ""tran_tang"": 12}"
8da68e1d62,cao,CAO_NGUYEN,EURCAD,M15,mua|phang|lui,2925,3000,0.975,2,mua,phang,10,6,8,,10,0.01,,"{""buoc"": 10, ""che_do"": ""mua"", ""cho_lui"": 10, ""kieu_lot"": ""phang"", ""lot"": 0.01, ""tp"": 6, ""tran_tang"": 8}"
91554c586f,cao,CAO_NGUYEN,EURCAD,M15,hai_chieu|cong|lui,2622,3000,0.874,1,hai_chieu,cong,8,6,12,0.8,6,0.01,,"{""buoc"": 8, ""che_do"": ""hai_chieu"", ""cho_lui"": 6, ""he_so_lot"": 0.8, ""kieu_lot"": ""cong"", ""lot"": 0.01, ""tp"": 6, ""tran_tang"": 12}"
a19f284cf3,cao,CAO_NGUYEN,EURCAD,M15,ban|phang|lui,2487,3000,0.829,3,ban,phang,24,26,15,,6,0.01,,"{""buoc"": 24, ""che_do"": ""ban"", ""cho_lui"": 6, ""kieu_lot"": ""phang"", ""lot"": 0.01, ""tp"": 26, ""tran_tang"": 15}"
a4362c20ca,cao,CAO_NGUYEN,EURCAD,M15,ban|nhan|lui,2523,3000,0.841,1,ban,nhan,30,34,15,1.2,10,0.01,,"{""buoc"": 30, ""che_do"": ""ban"", ""cho_lui"": 10, ""he_so_lot"": 1.2, ""kieu_lot"": ""nhan"", ""lot"": 0.01, ""tp"": 34, ""tran_tang"": 15}"
a9ab8cd660,cao,CAO_NGUYEN,EURCAD,M15,mua|cong|lui,2553,3000,0.851,1,mua,cong,8,6,12,0.8,6,0.01,,"{""buoc"": 8, ""che_do"": ""mua"", ""cho_lui"": 6, ""he_so_lot"": 0.8, ""kieu_lot"": ""cong"", ""lot"": 0.01, ""tp"": 6, ""tran_tang"": 12}"
e499eb9f17,cao,CAO_NGUYEN,EURCAD,M15,mua|cong|lui,2619,3000,0.873,1,mua,cong,8,6,15,1.2,6,0.01,,"{""buoc"": 8, ""che_do"": ""mua"", ""cho_lui"": 6, ""he_so_lot"": 1.2, ""kieu_lot"": ""cong"", ""lot"": 0.01, ""tp"": 6, ""tran_tang"": 15}"
f4ec91da83,cao,CAO_NGUYEN,EURCAD,M15,hai_chieu|phang|-,72,72,1.0,1,hai_chieu,phang,16,10,10,,,0.01,,"{""buoc"": 16, ""che_do"": ""hai_chieu"", ""kieu_lot"": ""phang"", ""lot"": 0.01, ""tp"": 10, ""tran_tang"": 10}"
f948e27a96,cao,CAO_NGUYEN,EURCAD,M15,ban|cong|-,2475,3000,0.825,1,ban,cong,16,6,7,1.2,0,0.01,,"{""buoc"": 16, ""che_do"": ""ban"", ""cho_lui"": 0, ""he_so_lot"": 1.2, ""kieu_lot"": ""cong"", ""lot"": 0.01, ""tp"": 6, ""tran_tang"": 7}"
fee67f0436,cao,CAO_NGUYEN,EURCAD,M15,ban|cong|-,2418,3000,0.806,1,ban,cong,8,6,15,0.8,0,0.01,,"{""buoc"": 8, ""che_do"": ""ban"", ""cho_lui"": 0, ""he_so_lot"": 0.8, ""kieu_lot"": ""cong"", ""lot"": 0.01, ""tp"": 6, ""tran_tang"": 15}"
0b10bc5bd8,cao,CAO_NGUYEN,EURCAD,M30,ban|cong|-,2496,3000,0.832,1,ban,cong,8,6,15,0.8,0,0.01,,"{""buoc"": 8, ""che_do"": ""ban"", ""cho_lui"": 0, ""he_so_lot"": 0.8, ""kieu_lot"": ""cong"", ""lot"": 0.01, ""tp"": 6, ""tran_tang"": 15}"
1fc0f88c65,cao,CAO_NGUYEN,EURCAD,M30,mua|nhan|lui,2337,3000,0.779,1,mua,nhan,8,8,10,1.2,10,0.01,,"{""buoc"": 8, ""che_do"": ""mua"", ""cho_lui"": 10, ""he_so_lot"": 1.2, ""kieu_lot"": ""nhan"", ""lot"": 0.01, ""tp"": 8, ""tran_tang"": 10}"
3c03a54333,cao,CAO_NGUYEN,EURCAD,M30,hai_chieu|nhan|lui,2652,3000,0.884,1,hai_chieu,nhan,8,8,10,1.2,10,0.01,,"{""buoc"": 8, ""che_do"": ""hai_chieu"", ""cho_lui"": 10, ""he_so_lot"": 1.2, ""kieu_lot"": ""nhan"", ""lot"": 0.01, ""tp"": 8, ""tran_tang"": 10}"
41fc6a6945,cao,CAO_NGUYEN,EURCAD,M30,hai_chieu|nhan|lui,2649,3000,0.883,1,hai_chieu,nhan,8,8,15,1.2,10,0.01,,"{""buoc"": 8, ""che_do"": ""hai_chieu"", ""cho_lui"": 10, ""he_so_lot"": 1.2, ""kieu_lot"": ""nhan"", ""lot"": 0.01, ""tp"": 8, ""tran_tang"": 15}"
5427b8e4fc,cao,CAO_NGUYEN,EURCAD,M30,ban|phang|lui,2517,3000,0.839,3,ban,phang,24,26,15,,10,0.01,,"{""buoc"": 24, ""che_do"": ""ban"", ""cho_lui"": 10, ""kieu_lot"": ""phang"", ""lot"": 0.01, ""tp"": 26, ""tran_tang"": 15}"
58c79eb402,cao,CAO_NGUYEN,EURCAD,M30,hai_chieu|cong|lui,2712,3000,0.904,1,hai_chieu,cong,8,13,15,1.2,10,0.01,,"{""buoc"": 8, ""che_do"": ""hai_chieu"", ""cho_lui"": 10, ""he_so_lot"": 1.2, ""kieu_lot"": ""cong"", ""lot"": 0.01, ""tp"": 13, ""tran_tang"": 15}"
61bca1fa09,cao,CAO_NGUYEN,EURCAD,M30,hai_chieu|cong|lui,2727,3000,0.909,2,hai_chieu,cong,10,13,15,1.2,10,0.01,,"{""buoc"": 10, ""che_do"": ""hai_chieu"", ""cho_lui"": 10, ""he_so_lot"": 1.2, ""kieu_lot"": ""cong"", ""lot"": 0.01, ""tp"": 13, ""tran_tang"": 15}"
63d467f014,cao,CAO_NGUYEN,EURCAD,M30,mua|cong|lui,2652,3000,0.884,1,mua,cong,8,8,12,1.2,6,0.01,,"{""buoc"": 8, ""che_do"": ""mua"", ""cho_lui"": 6, ""he_so_lot"": 1.2, ""kieu_lot"": ""cong"", ""lot"": 0.01, ""tp"": 8, ""tran_tang"": 12}"
7699c68eb9,cao,CAO_NGUYEN,EURCAD,M30,ban|nhan|-,2529,3000,0.843,1,ban,nhan,60,10,15,1.2,0,0.01,,"{""buoc"": 60, ""che_do"": ""ban"", ""cho_lui"": 0, ""he_so_lot"": 1.2, ""kieu_lot"": ""nhan"", ""lot"": 0.01, ""tp"": 10, ""tran_tang"": 15}"
7a5707d288,cao,CAO_NGUYEN,EURCAD,M30,mua|nhan|lui,2367,3000,0.789,1,mua,nhan,8,8,15,1.2,10,0.01,,"{""buoc"": 8, ""che_do"": ""mua"", ""cho_lui"": 10, ""he_so_lot"": 1.2, ""kieu_lot"": ""nhan"", ""lot"": 0.01, ""tp"": 8, ""tran_tang"": 15}"
87cfaa90d4,cao,CAO_NGUYEN,EURCAD,M30,hai_chieu|phang|lui,2946,3000,0.982,3,hai_chieu,phang,8,8,15,,10,0.01,,"{""buoc"": 8, ""che_do"": ""hai_chieu"", ""cho_lui"": 10, ""kieu_lot"": ""phang"", ""lot"": 0.01, ""tp"": 8, ""tran_tang"": 15}"
9d5b75a7db,cao,CAO_NGUYEN,EURCAD,M30,mua|phang|-,24,24,1.0,1,mua,phang,20,8,9,,,0.01,,"{""buoc"": 20, ""che_do"": ""mua"", ""kieu_lot"": ""phang"", ""lot"": 0.01, ""tp"": 8, ""tran_tang"": 9}"
a4380fdb0e,cao,CAO_NGUYEN,EURCAD,M30,ban|nhan|-,2517,3000,0.839,1,ban,nhan,8,6,10,1.2,0,0.01,,"{""buoc"": 8, ""che_do"": ""ban"", ""cho_lui"": 0, ""he_so_lot"": 1.2, ""kieu_lot"": ""nhan"", ""lot"": 0.01, ""tp"": 6, ""tran_tang"": 10}"
b3160b6d5a,cao,CAO_NGUYEN,EURCAD,M30,mua|cong|lui,2643,3000,0.881,1,mua,cong,8,10,12,1.2,10,0.01,,"{""buoc"": 8, ""che_do"": ""mua"", ""cho_lui"": 10, ""he_so_lot"": 1.2, ""kieu_lot"": ""cong"", ""lot"": 0.01, ""tp"": 10, ""tran_tang"": 12}"
e5eeff0769,cao,CAO_NGUYEN,EURCAD,M30,ban|cong|-,2562,3000,0.854,1,ban,cong,8,6,12,1.2,0,0.01,,"{""buoc"": 8, ""che_do"": ""ban"", ""cho_lui"": 0, ""he_so_lot"": 1.2, ""kieu_lot"": ""cong"", ""lot"": 0.01, ""tp"": 6, ""tran_tang"": 12}"
eae0e9566e,cao,CAO_NGUYEN,EURCAD,M30,ban|cong|-,2532,3000,0.844,1,ban,cong,16,6,7,1.2,0,0.01,,"{""buoc"": 16, ""che_do"": ""ban"", ""cho_lui"": 0, ""he_so_lot"": 1.2, ""kieu_lot"": ""cong"", ""lot"": 0.01, ""tp"": 6, ""tran_tang"": 7}"
f30156f4de,cao,CAO_NGUYEN,EURCAD,M30,mua|phang|lui,2925,3000,0.975,1,mua,phang,12,8,12,,10,0.01,,"{""buoc"": 12, ""che_do"": ""mua"", ""cho_lui"": 10, ""kieu_lot"": ""phang"", ""lot"": 0.01, ""tp"": 8, ""tran_tang"": 12}"
f78d351df3,cao,CAO_NGUYEN,EURCAD,M30,mua|phang|lui,2943,3000,0.981,2,mua,phang,8,6,15,,10,0.01,,"{""buoc"": 8, ""che_do"": ""mua"", ""cho_lui"": 10, ""kieu_lot"": ""phang"", ""lot"": 0.01, ""tp"": 6, ""tran_tang"": 15}"
ff1b752778,cao,CAO_NGUYEN,EURCAD,M30,hai_chieu|phang|-,72,72,1.0,1,hai_chieu,phang,16,10,10,,,0.01,,"{""buoc"": 16, ""che_do"": ""hai_chieu"", ""kieu_lot"": ""phang"", ""lot"": 0.01, ""tp"": 10, ""tran_tang"": 10}"
09c1c88c06,cao,CAO_NGUYEN,EURCAD,M5,mua|nhan|lui,2394,3000,0.798,1,mua,nhan,10,8,15,1.2,10,0.01,,"{""buoc"": 10, ""che_do"": ""mua"", ""cho_lui"": 10, ""he_so_lot"": 1.2, ""kieu_lot"": ""nhan"", ""lot"": 0.01, ""tp"": 8, ""tran_tang"": 15}"
0b1ca7c7a8,cao,CAO_NGUYEN,EURCAD,M5,ban|cong|lui,2415,3000,0.805,1,ban,cong,45,34,7,1.2,6,0.01,,"{""buoc"": 45, ""che_do"": ""ban"", ""cho_lui"": 6, ""he_so_lot"": 1.2, ""kieu_lot"": ""cong"", ""lot"": 0.01, ""tp"": 34, ""tran_tang"": 7}"
2192925c0d,cao,CAO_NGUYEN,EURCAD,M5,ban|phang|lui,2436,3000,0.812,1,ban,phang,30,20,10,,6,0.01,,"{""buoc"": 30, ""che_do"": ""ban"", ""cho_lui"": 6, ""kieu_lot"": ""phang"", ""lot"": 0.01, ""tp"": 20, ""tran_tang"": 10}"
7168c25663,cao,CAO_NGUYEN,EURCAD,M5,ban|phang|lui,2445,3000,0.815,1,ban,phang,45,20,15,,10,0.01,,"{""buoc"": 45, ""che_do"": ""ban"", ""cho_lui"": 10, ""kieu_lot"": ""phang"", ""lot"": 0.01, ""tp"": 20, ""tran_tang"": 15}"
78bce62043,cao,CAO_NGUYEN,EURCAD,M5,mua|nhan|-,2430,3000,0.81,1,mua,nhan,10,6,6,1.2,0,0.01,,"{""buoc"": 10, ""che_do"": ""mua"", ""cho_lui"": 0, ""he_so_lot"": 1.2, ""kieu_lot"": ""nhan"", ""lot"": 0.01, ""tp"": 6, ""tran_tang"": 6}"
7f6de98f79,cao,CAO_NGUYEN,EURCAD,M5,ban|phang|lui,2445,3000,0.815,1,ban,phang,30,20,12,,6,0.01,,"{""buoc"": 30, ""che_do"": ""ban"", ""cho_lui"": 6, ""kieu_lot"": ""phang"", ""lot"": 0.01, ""tp"": 20, ""tran_tang"": 12}"
972ba6158c,cao,CAO_NGUYEN,EURCAD,M5,mua|phang|lui,2898,3000,0.966,3,mua,phang,10,6,12,,10,0.01,,"{""buoc"": 10, ""che_do"": ""mua"", ""cho_lui"": 10, ""kieu_lot"": ""phang"", ""lot"": 0.01, ""tp"": 6, ""tran_tang"": 12}"
afce6b65fc,cao,CAO_NGUYEN,EURCAD,M5,ban|cong|lui,2382,3000,0.794,1,ban,cong,24,26,12,0.5,3,0.01,,"{""buoc"": 24, ""che_do"": ""ban"", ""cho_lui"": 3, ""he_so_lot"": 0.5, ""kieu_lot"": ""cong"", ""lot"": 0.01, ""tp"": 26, ""tran_tang"": 12}"
b46ccc2693,cao,CAO_NGUYEN,EURCAD,M5,mua|cong|-,2511,3000,0.837,1,mua,cong,8,6,6,1.2,0,0.01,,"{""buoc"": 8, ""che_do"": ""mua"", ""cho_lui"": 0, ""he_so_lot"": 1.2, ""kieu_lot"": ""cong"", ""lot"": 0.01, ""tp"": 6, ""tran_tang"": 6}"
b7560b31d8,cao,CAO_NGUYEN,EURCAD,M5,ban|cong|lui,2328,3000,0.776,1,ban,cong,16,34,15,0.5,3,0.01,,"{""buoc"": 16, ""che_do"": ""ban"", ""cho_lui"": 3, ""he_so_lot"": 0.5, ""kieu_lot"": ""cong"", ""lot"": 0.01, ""tp"": 34, ""tran_tang"": 15}"
bd93abc150,cao,CAO_NGUYEN,EURCAD,M5,mua|cong|lui,2541,3000,0.847,1,mua,cong,12,6,8,0.8,10,0.01,,"{""buoc"": 12, ""che_do"": ""mua"", ""cho_lui"": 10, ""he_so_lot"": 0.8, ""kieu_lot"": ""cong"", ""lot"": 0.01, ""tp"": 6, ""tran_tang"": 8}"
c605e51f26,cao,CAO_NGUYEN,EURCAD,M5,mua|cong|lui,2568,3000,0.856,1,mua,cong,8,6,7,1.2,10,0.01,,"{""buoc"": 8, ""che_do"": ""mua"", ""cho_lui"": 10, ""he_so_lot"": 1.2, ""kieu_lot"": ""cong"", ""lot"": 0.01, ""tp"": 6, ""tran_tang"": 7}"
c885923db2,cao,CAO_NGUYEN,EURCAD,M5,hai_chieu|phang|-,2892,3000,0.964,1,hai_chieu,phang,8,6,10,,0,0.01,,"{""buoc"": 8, ""che_do"": ""hai_chieu"", ""cho_lui"": 0, ""kieu_lot"": ""phang"", ""lot"": 0.01, ""tp"": 6, ""tran_tang"": 10}"
d0963007dd,cao,CAO_NGUYEN,EURCAD,M5,ban|nhan|lui,2457,3000,0.819,1,ban,nhan,20,34,12,1.2,10,0.01,,"{""buoc"": 20, ""che_do"": ""ban"", ""cho_lui"": 10, ""he_so_lot"": 1.2, ""kieu_lot"": ""nhan"", ""lot"": 0.01, ""tp"": 34, ""tran_tang"": 12}"
2652dc159d,cao,CAO_NGUYEN,EURGBP,H1,ban|cong|-,2604,3000,0.868,1,ban,cong,8,6,12,1.2,0,0.01,,"{""buoc"": 8, ""che_do"": ""ban"", ""cho_lui"": 0, ""he_so_lot"": 1.2, ""kieu_lot"": ""cong"", ""lot"": 0.01, ""tp"": 6, ""tran_tang"": 12}"
3006faa1b0,cao,CAO_NGUYEN,EURGBP,H1,hai_chieu|cong|-,2751,3000,0.917,1,hai_chieu,cong,8,6,12,1.2,0,0.01,,"{""buoc"": 8, ""che_do"": ""hai_chieu"", ""cho_lui"": 0, ""he_so_lot"": 1.2, ""kieu_lot"": ""cong"", ""lot"": 0.01, ""tp"": 6, ""tran_tang"": 12}"
50bd8d3cca,cao,CAO_NGUYEN,EURGBP,H1,mua|phang|-,24,24,1.0,1,mua,phang,20,12,9,,,0.01,,"{""buoc"": 20, ""che_do"": ""mua"", ""kieu_lot"": ""phang"", ""lot"": 0.01, ""tp"": 12, ""tran_tang"": 9}"
52a42d2ab1,cao,CAO_NGUYEN,EURGBP,H1,ban|nhan|lui,2949,3000,0.983,1,ban,nhan,12,8,15,1.2,6,0.01,,"{""buoc"": 12, ""che_do"": ""ban"", ""cho_lui"": 6, ""he_so_lot"": 1.2, ""kieu_lot"": ""nhan"", ""lot"": 0.01, ""tp"": 8, ""tran_tang"": 15}"
573b6118b8,cao,CAO_NGUYEN,EURGBP,H1,hai_chieu|cong|-,2739,3000,0.913,1,hai_chieu,cong,8,10,15,1.2,0,0.01,,"{""buoc"": 8, ""che_do"": ""hai_chieu"", ""cho_lui"": 0, ""he_so_lot"": 1.2, ""kieu_lot"": ""cong"", ""lot"": 0.01, ""tp"": 10, ""tran_tang"": 15}"
5cc0da00bc,cao,CAO_NGUYEN,EURGBP,H1,hai_chieu|phang|-,3000,3000,1.0,1,hai_chieu,phang,8,8,15,,0,0.01,,"{""buoc"": 8, ""che_do"": ""hai_chieu"", ""cho_lui"": 0, ""kieu_lot"": ""phang"", ""lot"": 0.01, ""tp"": 8, ""tran_tang"": 15}"
64140c426c,cao,CAO_NGUYEN,EURGBP,H1,mua|nhan|-,2655,3000,0.885,1,mua,nhan,8,6,10,1.2,0,0.01,,"{""buoc"": 8, ""che_do"": ""mua"", ""cho_lui"": 0, ""he_so_lot"": 1.2, ""kieu_lot"": ""nhan"", ""lot"": 0.01, ""tp"": 6, ""tran_tang"": 10}"
7092c1aa28,cao,CAO_NGUYEN,EURGBP,H1,mua|cong|-,2931,3000,0.977,2,mua,cong,10,6,15,1.2,0,0.01,,"{""buoc"": 10, ""che_do"": ""mua"", ""cho_lui"": 0, ""he_so_lot"": 1.2, ""kieu_lot"": ""cong"", ""lot"": 0.01, ""tp"": 6, ""tran_tang"": 15}"
85c104d106,cao,CAO_NGUYEN,EURGBP,H1,mua|phang|lui,2940,3000,0.98,2,mua,phang,10,8,7,,6,0.01,,"{""buoc"": 10, ""che_do"": ""mua"", ""cho_lui"": 6, ""kieu_lot"": ""phang"", ""lot"": 0.01, ""tp"": 8, ""tran_tang"": 7}"
8a6381d2e3,cao,CAO_NGUYEN,EURGBP,H1,ban|nhan|lui,2943,3000,0.981,1,ban,nhan,8,6,12,1.2,3,0.01,,"{""buoc"": 8, ""che_do"": ""ban"", ""cho_lui"": 3, ""he_so_lot"": 1.2, ""kieu_lot"": ""nhan"", ""lot"": 0.01, ""tp"": 6, ""tran_tang"": 12}"
948d4621cb,cao,CAO_NGUYEN,EURGBP,H1,ban|cong|-,2556,3000,0.852,1,ban,cong,12,6,8,1.2,0,0.01,,"{""buoc"": 12, ""che_do"": ""ban"", ""cho_lui"": 0, ""he_so_lot"": 1.2, ""kieu_lot"": ""cong"", ""lot"": 0.01, ""tp"": 6, ""tran_tang"": 8}"
9da119c718,cao,CAO_NGUYEN,EURGBP,H1,ban|phang|lui,3000,3000,1.0,2,ban,phang,8,8,15,,6,0.01,,"{""buoc"": 8, ""che_do"": ""ban"", ""cho_lui"": 6, ""kieu_lot"": ""phang"", ""lot"": 0.01, ""tp"": 8, ""tran_tang"": 15}"
a5779db0d5,cao,CAO_NGUYEN,EURGBP,H1,mua|nhan|lui,2676,3000,0.892,1,mua,nhan,8,10,15,1.2,3,0.01,,"{""buoc"": 8, ""che_do"": ""mua"", ""cho_lui"": 3, ""he_so_lot"": 1.2, ""kieu_lot"": ""nhan"", ""lot"": 0.01, ""tp"": 10, ""tran_tang"": 15}"
abf1536991,cao,CAO_NGUYEN,EURGBP,H1,hai_chieu|nhan|-,2967,3000,0.989,1,hai_chieu,nhan,8,6,10,1.2,0,0.01,,"{""buoc"": 8, ""che_do"": ""hai_chieu"", ""cho_lui"": 0, ""he_so_lot"": 1.2, ""kieu_lot"": ""nhan"", ""lot"": 0.01, ""tp"": 6, ""tran_tang"": 10}"
d9d2452054,cao,CAO_NGUYEN,EURGBP,H1,ban|phang|lui,3000,3000,1.0,1,ban,phang,8,10,15,,10,0.01,,"{""buoc"": 8, ""che_do"": ""ban"", ""cho_lui"": 10, ""kieu_lot"": ""phang"", ""lot"": 0.01, ""tp"": 10, ""tran_tang"": 15}"
dd299dfd35,cao,CAO_NGUYEN,EURGBP,H1,hai_chieu|nhan|-,2961,3000,0.987,1,hai_chieu,nhan,8,8,15,1.2,0,0.01,,"{""buoc"": 8, ""che_do"": ""hai_chieu"", ""cho_lui"": 0, ""he_so_lot"": 1.2, ""kieu_lot"": ""nhan"", ""lot"": 0.01, ""tp"": 8, ""tran_tang"": 15}"
dea276f2bc,cao,CAO_NGUYEN,EURGBP,H1,hai_chieu|phang|-,3000,3000,1.0,2,hai_chieu,phang,8,6,15,,0,0.01,,"{""buoc"": 8, ""che_do"": ""hai_chieu"", ""cho_lui"": 0, ""kieu_lot"": ""phang"", ""lot"": 0.01, ""tp"": 6, ""tran_tang"": 15}"
e0b98ad386,cao,CAO_NGUYEN,EURGBP,H1,mua|cong|-,2925,3000,0.975,1,mua,cong,8,6,12,1.2,0,0.01,,"{""buoc"": 8, ""che_do"": ""mua"", ""cho_lui"": 0, ""he_so_lot"": 1.2, ""kieu_lot"": ""cong"", ""lot"": 0.01, ""tp"": 6, ""tran_tang"": 12}"
ef56e64564,cao,CAO_NGUYEN,EURGBP,H1,mua|phang|lui,2943,3000,0.981,1,mua,phang,12,8,8,,6,0.01,,"{""buoc"": 12, ""che_do"": ""mua"", ""cho_lui"": 6, ""kieu_lot"": ""phang"", ""lot"": 0.01, ""tp"": 8, ""tran_tang"": 8}"
ef9d01f00f,cao,CAO_NGUYEN,EURGBP,H1,hai_chieu|cong|-,2721,3000,0.907,1,hai_chieu,cong,10,6,15,1.2,0,0.01,,"{""buoc"": 10, ""che_do"": ""hai_chieu"", ""cho_lui"": 0, ""he_so_lot"": 1.2, ""kieu_lot"": ""cong"", ""lot"": 0.01, ""tp"": 6, ""tran_tang"": 15}"
f0e18d8175,cao,CAO_NGUYEN,EURGBP,H1,ban|cong|-,2535,3000,0.845,1,ban,cong,8,6,15,0.8,0,0.01,,"{""buoc"": 8, ""che_do"": ""ban"", ""cho_lui"": 0, ""he_so_lot"": 0.8, ""kieu_lot"": ""cong"", ""lot"": 0.01, ""tp"": 6, ""tran_tang"": 15}"
01ad5ae36f,cao,CAO_NGUYEN,EURGBP,M15,mua|cong|-,2922,3000,0.974,1,mua,cong,20,6,15,1.2,0,0.01,,"{""buoc"": 20, ""che_do"": ""mua"", ""cho_lui"": 0, ""he_so_lot"": 1.2, ""kieu_lot"": ""cong"", ""lot"": 0.01, ""tp"": 6, ""tran_tang"": 15}"
0d7c41de5c,cao,CAO_NGUYEN,EURGBP,M15,hai_chieu|cong|-,2742,3000,0.914,1,hai_chieu,cong,8,6,12,1.2,0,0.01,,"{""buoc"": 8, ""che_do"": ""hai_chieu"", ""cho_lui"": 0, ""he_so_lot"": 1.2, ""kieu_lot"": ""cong"", ""lot"": 0.01, ""tp"": 6, ""tran_tang"": 12}"
0e5018a2b2,cao,CAO_NGUYEN,EURGBP,M15,hai_chieu|nhan|-,2967,3000,0.989,1,hai_chieu,nhan,8,6,10,1.2,0,0.01,,"{""buoc"": 8, ""che_do"": ""hai_chieu"", ""cho_lui"": 0, ""he_so_lot"": 1.2, ""kieu_lot"": ""nhan"", ""lot"": 0.01, ""tp"": 6, ""tran_tang"": 10}"
186f9f0bde,cao,CAO_NGUYEN,EURGBP,M15,hai_chieu|phang|-,72,72,1.0,1,hai_chieu,phang,12,6,10,,,0.01,,"{""buoc"": 12, ""che_do"": ""hai_chieu"", ""kieu_lot"": ""phang"", ""lot"": 0.01, ""tp"": 6, ""tran_tang"": 10}"
23440dea6d,cao,CAO_NGUYEN,EURGBP,M15,mua|nhan|-,2691,3000,0.897,2,mua,nhan,45,45,15,1.2,0,0.01,,"{""buoc"": 45, ""che_do"": ""mua"", ""cho_lui"": 0, ""he_so_lot"": 1.2, ""kieu_lot"": ""nhan"", ""lot"": 0.01, ""tp"": 45, ""tran_tang"": 15}"
2a444582bb,cao,CAO_NGUYEN,EURGBP,M15,hai_chieu|cong|-,2733,3000,0.911,1,hai_chieu,cong,8,8,10,1.2,0,0.01,,"{""buoc"": 8, ""che_do"": ""hai_chieu"", ""cho_lui"": 0, ""he_so_lot"": 1.2, ""kieu_lot"": ""cong"", ""lot"": 0.01, ""tp"": 8, ""tran_tang"": 10}"
377d009e35,cao,CAO_NGUYEN,EURGBP,M15,hai_chieu|phang|lui,3000,3000,1.0,3,hai_chieu,phang,12,6,5,,3,0.01,,"{""buoc"": 12, ""che_do"": ""hai_chieu"", ""cho_lui"": 3, ""kieu_lot"": ""phang"", ""lot"": 0.01, ""tp"": 6, ""tran_tang"": 5}"
471222ecc1,cao,CAO_NGUYEN,EURGBP,M15,ban|nhan|lui,2940,3000,0.98,1,ban,nhan,8,6,12,1.2,3,0.01,,"{""buoc"": 8, ""che_do"": ""ban"", ""cho_lui"": 3, ""he_so_lot"": 1.2, ""kieu_lot"": ""nhan"", ""lot"": 0.01, ""tp"": 6, ""tran_tang"": 12}"
5ab5894a87,cao,CAO_NGUYEN,EURGBP,M15,mua|phang|-,24,24,1.0,1,mua,phang,15,8,9,,,0.01,,"{""buoc"": 15, ""che_do"": ""mua"", ""kieu_lot"": ""phang"", ""lot"": 0.01, ""tp"": 8, ""tran_tang"": 9}"
6068b81a36,cao,CAO_NGUYEN,EURGBP,M15,ban|nhan|lui,2946,3000,0.982,1,ban,nhan,20,6,7,1.2,6,0.01,,"{""buoc"": 20, ""che_do"": ""ban"", ""cho_lui"": 6, ""he_so_lot"": 1.2, ""kieu_lot"": ""nhan"", ""lot"": 0.01, ""tp"": 6, ""tran_tang"": 7}"
64bd658d56,cao,CAO_NGUYEN,EURGBP,M15,ban|cong|lui,2529,3000,0.843,1,ban,cong,10,8,12,0.8,3,0.01,,"{""buoc"": 10, ""che_do"": ""ban"", ""cho_lui"": 3, ""he_so_lot"": 0.8, ""kieu_lot"": ""cong"", ""lot"": 0.01, ""tp"": 8, ""tran_tang"": 12}"
78eb2fa846,cao,CAO_NGUYEN,EURGBP,M15,mua|phang|lui,2931,3000,0.977,2,mua,phang,8,10,12,,10,0.01,,"{""buoc"": 8, ""che_do"": ""mua"", ""cho_lui"": 10, ""kieu_lot"": ""phang"", ""lot"": 0.01, ""tp"": 10, ""tran_tang"": 12}"
820d87ef29,cao,CAO_NGUYEN,EURGBP,M15,ban|cong|lui,2574,3000,0.858,1,ban,cong,12,10,8,1.2,3,0.01,,"{""buoc"": 12, ""che_do"": ""ban"", ""cho_lui"": 3, ""he_so_lot"": 1.2, ""kieu_lot"": ""cong"", ""lot"": 0.01, ""tp"": 10, ""tran_tang"": 8}"
8f957e3dd4,cao,CAO_NGUYEN,EURGBP,M15,mua|cong|-,2919,3000,0.973,1,mua,cong,12,6,8,1.2,0,0.01,,"{""buoc"": 12, ""che_do"": ""mua"", ""cho_lui"": 0, ""he_so_lot"": 1.2, ""kieu_lot"": ""cong"", ""lot"": 0.01, ""tp"": 6, ""tran_tang"": 8}"
922fd56a21,cao,CAO_NGUYEN,EURGBP,M15,ban|phang|-,72,72,1.0,1,ban,phang,8,6,8,,,0.01,,"{""buoc"": 8, ""che_do"": ""ban"", ""kieu_lot"": ""phang"", ""lot"": 0.01, ""tp"": 6, ""tran_tang"": 8}"
9280e155f9,cao,CAO_NGUYEN,EURGBP,M15,hai_chieu|cong|-,2724,3000,0.908,1,hai_chieu,cong,8,6,15,0.8,0,0.01,,"{""buoc"": 8, ""che_do"": ""hai_chieu"", ""cho_lui"": 0, ""he_so_lot"": 0.8, ""kieu_lot"": ""cong"", ""lot"": 0.01, ""tp"": 6, ""tran_tang"": 15}"
94966a09e0,cao,CAO_NGUYEN,EURGBP,M15,mua|cong|lui,2928,3000,0.976,1,mua,cong,10,8,8,0.8,3,0.01,,"{""buoc"": 10, ""che_do"": ""mua"", ""cho_lui"": 3, ""he_so_lot"": 0.8, ""kieu_lot"": ""cong"", ""lot"": 0.01, ""tp"": 8, ""tran_tang"": 8}"
a5fe9d9b78,cao,CAO_NGUYEN,EURGBP,M15,mua|phang|lui,2925,3000,0.975,1,mua,phang,8,10,15,,10,0.01,,"{""buoc"": 8, ""che_do"": ""mua"", ""cho_lui"": 10, ""kieu_lot"": ""phang"", ""lot"": 0.01, ""tp"": 10, ""tran_tang"": 15}"
b9754c7e7a,cao,CAO_NGUYEN,EURGBP,M15,ban|phang|lui,3000,3000,1.0,3,ban,phang,12,6,8,,6,0.01,,"{""buoc"": 12, ""che_do"": ""ban"", ""cho_lui"": 6, ""kieu_lot"": ""phang"", ""lot"": 0.01, ""tp"": 6, ""tran_tang"": 8}"
ca7d60708e,cao,CAO_NGUYEN,EURGBP,M15,hai_chieu|nhan|lui,2961,3000,0.987,1,hai_chieu,nhan,8,6,12,1.2,3,0.01,,"{""buoc"": 8, ""che_do"": ""hai_chieu"", ""cho_lui"": 3, ""he_so_lot"": 1.2, ""kieu_lot"": ""nhan"", ""lot"": 0.01, ""tp"": 6, ""tran_tang"": 12}"
0bf2639059,cao,CAO_NGUYEN,EURGBP,M30,ban|phang|lui,3000,3000,1.0,1,ban,phang,10,6,15,,6,0.01,,"{""buoc"": 10, ""che_do"": ""ban"", ""cho_lui"": 6, ""kieu_lot"": ""phang"", ""lot"": 0.01, ""tp"": 6, ""tran_tang"": 15}"
1e019c86de,cao,CAO_NGUYEN,EURGBP,M30,hai_chieu|cong|-,2733,3000,0.911,1,hai_chieu,cong,8,6,12,1.2,0,0.01,,"{""buoc"": 8, ""che_do"": ""hai_chieu"", ""cho_lui"": 0, ""he_so_lot"": 1.2, ""kieu_lot"": ""cong"", ""lot"": 0.01, ""tp"": 6, ""tran_tang"": 12}"
1e9b5b1023,cao,CAO_NGUYEN,EURGBP,M30,mua|nhan|lui,2697,3000,0.899,1,mua,nhan,12,8,6,1.2,6,0.01,,"{""buoc"": 12, ""che_do"": ""mua"", ""cho_lui"": 6, ""he_so_lot"": 1.2, ""kieu_lot"": ""nhan"", ""lot"": 0.01, ""tp"": 8, ""tran_tang"": 6}"
1f4c15e17e,cao,CAO_NGUYEN,EURGBP,M30,ban|phang|-,72,72,1.0,1,ban,phang,8,6,8,,,0.01,,"{""buoc"": 8, ""che_do"": ""ban"", ""kieu_lot"": ""phang"", ""lot"": 0.01, ""tp"": 6, ""tran_tang"": 8}"
29e306da10,cao,CAO_NGUYEN,EURGBP,M30,mua|phang|-,24,24,1.0,1,mua,phang,15,8,9,,,0.01,,"{""buoc"": 15, ""che_do"": ""mua"", ""kieu_lot"": ""phang"", ""lot"": 0.01, ""tp"": 8, ""tran_tang"": 9}"
41a014cd64,cao,CAO_NGUYEN,EURGBP,M30,hai_chieu|cong|-,2721,3000,0.907,1,hai_chieu,cong,8,6,15,0.8,0,0.01,,"{""buoc"": 8, ""che_do"": ""hai_chieu"", ""cho_lui"": 0, ""he_so_lot"": 0.8, ""kieu_lot"": ""cong"", ""lot"": 0.01, ""tp"": 6, ""tran_tang"": 15}"
45c25a6c10,cao,CAO_NGUYEN,EURGBP,M30,hai_chieu|phang|lui,3000,3000,1.0,2,hai_chieu,phang,8,10,12,,10,0.01,,"{""buoc"": 8, ""che_do"": ""hai_chieu"", ""cho_lui"": 10, ""kieu_lot"": ""phang"", ""lot"": 0.01, ""tp"": 10, ""tran_tang"": 12}"
45f357e5a7,cao,CAO_NGUYEN,EURGBP,M30,mua|cong|-,2928,3000,0.976,1,mua,cong,12,8,7,1.2,0,0.01,,"{""buoc"": 12, ""che_do"": ""mua"", ""cho_lui"": 0, ""he_so_lot"": 1.2, ""kieu_lot"": ""cong"", ""lot"": 0.01, ""tp"": 8, ""tran_tang"": 7}"
567174eca7,cao,CAO_NGUYEN,EURGBP,M30,mua|nhan|-,2670,3000,0.89,1,mua,nhan,8,6,10,1.2,0,0.01,,"{""buoc"": 8, ""che_do"": ""mua"", ""cho_lui"": 0, ""he_so_lot"": 1.2, ""kieu_lot"": ""nhan"", ""lot"": 0.01, ""tp"": 6, ""tran_tang"": 10}"
568250267a,cao,CAO_NGUYEN,EURGBP,M30,hai_chieu|cong|-,2715,3000,0.905,1,hai_chieu,cong,8,8,10,1.2,0,0.01,,"{""buoc"": 8, ""che_do"": ""hai_chieu"", ""cho_lui"": 0, ""he_so_lot"": 1.2, ""kieu_lot"": ""cong"", ""lot"": 0.01, ""tp"": 8, ""tran_tang"": 10}"
5d0c080ed6,cao,CAO_NGUYEN,EURGBP,M30,ban|cong|lui,2532,3000,0.844,1,ban,cong,8,8,6,0.8,3,0.01,,"{""buoc"": 8, ""che_do"": ""ban"", ""cho_lui"": 3, ""he_so_lot"": 0.8, ""kieu_lot"": ""cong"", ""lot"": 0.01, ""tp"": 8, ""tran_tang"": 6}"
7305ce94a7,cao,CAO_NGUYEN,EURGBP,M30,ban|phang|lui,3000,3000,1.0,1,ban,phang,10,6,12,,6,0.01,,"{""buoc"": 10, ""che_do"": ""ban"", ""cho_lui"": 6, ""kieu_lot"": ""phang"", ""lot"": 0.01, ""tp"": 6, ""tran_tang"": 12}"
7772cf8b59,cao,CAO_NGUYEN,EURGBP,M30,ban|cong|lui,2571,3000,0.857,1,ban,cong,8,8,6,1.2,3,0.01,,"{""buoc"": 8, ""che_do"": ""ban"", ""cho_lui"": 3, ""he_so_lot"": 1.2, ""kieu_lot"": ""cong"", ""lot"": 0.01, ""tp"": 8, ""tran_tang"": 6}"
902d9c4aa3,cao,CAO_NGUYEN,EURGBP,M30,ban|nhan|lui,2946,3000,0.982,1,ban,nhan,16,6,15,1.2,3,0.01,,"{""buoc"": 16, ""che_do"": ""ban"", ""cho_lui"": 3, ""he_so_lot"": 1.2, ""kieu_lot"": ""nhan"", ""lot"": 0.01, ""tp"": 6, ""tran_tang"": 15}"
957116ed8b,cao,CAO_NGUYEN,EURGBP,M30,hai_chieu|nhan|lui,2955,3000,0.985,1,hai_chieu,nhan,12,6,8,1.2,3,0.01,,"{""buoc"": 12, ""che_do"": ""hai_chieu"", ""cho_lui"": 3, ""he_so_lot"": 1.2, ""kieu_lot"": ""nhan"", ""lot"": 0.01, ""tp"": 6, ""tran_tang"": 8}"
b196bb6993,cao,CAO_NGUYEN,EURGBP,M30,mua|cong|-,2928,3000,0.976,1,mua,cong,20,6,15,1.2,0,0.01,,"{""buoc"": 20, ""che_do"": ""mua"", ""cho_lui"": 0, ""he_so_lot"": 1.2, ""kieu_lot"": ""cong"", ""lot"": 0.01, ""tp"": 6, ""tran_tang"": 15}"
cd4f583ade,cao,CAO_NGUYEN,EURGBP,M30,hai_chieu|phang|-,72,72,1.0,1,hai_chieu,phang,12,6,10,,,0.01,,"{""buoc"": 12, ""che_do"": ""hai_chieu"", ""kieu_lot"": ""phang"", ""lot"": 0.01, ""tp"": 6, ""tran_tang"": 10}"
d4bc02d458,cao,CAO_NGUYEN,EURGBP,M30,ban|nhan|lui,2937,3000,0.979,1,ban,nhan,8,6,12,1.2,3,0.01,,"{""buoc"": 8, ""che_do"": ""ban"", ""cho_lui"": 3, ""he_so_lot"": 1.2, ""kieu_lot"": ""nhan"", ""lot"": 0.01, ""tp"": 6, ""tran_tang"": 12}"
e1d0eb4d3e,cao,CAO_NGUYEN,EURGBP,M30,mua|cong|-,2928,3000,0.976,1,mua,cong,8,6,15,0.8,0,0.01,,"{""buoc"": 8, ""che_do"": ""mua"", ""cho_lui"": 0, ""he_so_lot"": 0.8, ""kieu_lot"": ""cong"", ""lot"": 0.01, ""tp"": 6, ""tran_tang"": 15}"
e4f563d80d,cao,CAO_NGUYEN,EURGBP,M30,hai_chieu|nhan|-,2964,3000,0.988,1,hai_chieu,nhan,8,6,10,1.2,0,0.01,,"{""buoc"": 8, ""che_do"": ""hai_chieu"", ""cho_lui"": 0, ""he_so_lot"": 1.2, ""kieu_lot"": ""nhan"", ""lot"": 0.01, ""tp"": 6, ""tran_tang"": 10}"
e7278c7059,cao,CAO_NGUYEN,EURGBP,M30,hai_chieu|phang|lui,3000,3000,1.0,1,hai_chieu,phang,8,10,15,,10,0.01,,"{""buoc"": 8, ""che_do"": ""hai_chieu"", ""cho_lui"": 10, ""kieu_lot"": ""phang"", ""lot"": 0.01, ""tp"": 10, ""tran_tang"": 15}"
efc653ae31,cao,CAO_NGUYEN,EURGBP,M30,mua|phang|lui,2943,3000,0.981,3,mua,phang,8,10,4,,10,0.01,,"{""buoc"": 8, ""che_do"": ""mua"", ""cho_lui"": 10, ""kieu_lot"": ""phang"", ""lot"": 0.01, ""tp"": 10, ""tran_tang"": 4}"
eff92b3981,cao,CAO_NGUYEN,EURGBP,M30,ban|phang|lui,3000,3000,1.0,1,ban,phang,8,6,15,,6,0.01,,"{""buoc"": 8, ""che_do"": ""ban"", ""cho_lui"": 6, ""kieu_lot"": ""phang"", ""lot"": 0.01, ""tp"": 6, ""tran_tang"": 15}"
077d3695d4,cao,CAO_NGUYEN,EURUSD,H1,mua|nhan|-,1998,3000,0.666,2,mua,nhan,8,8,15,1.2,0,0.01,,"{""buoc"": 8, ""che_do"": ""mua"", ""cho_lui"": 0, ""he_so_lot"": 1.2, ""kieu_lot"": ""nhan"", ""lot"": 0.01, ""tp"": 8, ""tran_tang"": 15}"
0d8bd8b953,cao,CAO_NGUYEN,EURUSD,H1,mua|cong|-,2280,3000,0.76,1,mua,cong,12,10,12,1.2,0,0.01,,"{""buoc"": 12, ""che_do"": ""mua"", ""cho_lui"": 0, ""he_so_lot"": 1.2, ""kieu_lot"": ""cong"", ""lot"": 0.01, ""tp"": 10, ""tran_tang"": 12}"
1e1bcab4ad,cao,CAO_NGUYEN,EURUSD,H1,hai_chieu|cong|-,2460,3000,0.82,2,hai_chieu,cong,10,6,15,1.2,0,0.01,,"{""buoc"": 10, ""che_do"": ""hai_chieu"", ""cho_lui"": 0, ""he_so_lot"": 1.2, ""kieu_lot"": ""cong"", ""lot"": 0.01, ""tp"": 6, ""tran_tang"": 15}"
2fa2808df0,cao,CAO_NGUYEN,EURUSD,H1,hai_chieu|phang|-,2997,3000,0.999,1,hai_chieu,phang,12,6,12,,0,0.01,,"{""buoc"": 12, ""che_do"": ""hai_chieu"", ""cho_lui"": 0, ""kieu_lot"": ""phang"", ""lot"": 0.01, ""tp"": 6, ""tran_tang"": 12}"
61e9513190,cao,CAO_NGUYEN,EURUSD,H1,mua|cong|-,2283,3000,0.761,1,mua,cong,10,10,12,1.2,0,0.01,,"{""buoc"": 10, ""che_do"": ""mua"", ""cho_lui"": 0, ""he_so_lot"": 1.2, ""kieu_lot"": ""cong"", ""lot"": 0.01, ""tp"": 10, ""tran_tang"": 12}"
6bbf142a73,cao,CAO_NGUYEN,EURUSD,H1,ban|nhan|lui,2910,3000,0.97,1,ban,nhan,10,16,12,1.2,6,0.01,,"{""buoc"": 10, ""che_do"": ""ban"", ""cho_lui"": 6, ""he_so_lot"": 1.2, ""kieu_lot"": ""nhan"", ""lot"": 0.01, ""tp"": 16, ""tran_tang"": 12}"
6cda407909,cao,CAO_NGUYEN,EURUSD,H1,mua|cong|-,2256,3000,0.752,1,mua,cong,8,10,15,1.2,0,0.01,,"{""buoc"": 8, ""che_do"": ""mua"", ""cho_lui"": 0, ""he_so_lot"": 1.2, ""kieu_lot"": ""cong"", ""lot"": 0.01, ""tp"": 10, ""tran_tang"": 15}"
6d0fdf8dc9,cao,CAO_NGUYEN,EURUSD,H1,ban|nhan|lui,2916,3000,0.972,1,ban,nhan,10,13,15,1.2,10,0.01,,"{""buoc"": 10, ""che_do"": ""ban"", ""cho_lui"": 10, ""he_so_lot"": 1.2, ""kieu_lot"": ""nhan"", ""lot"": 0.01, ""tp"": 13, ""tran_tang"": 15}"
6d84d236f3,cao,CAO_NGUYEN,EURUSD,H1,hai_chieu|phang|-,3000,3000,1.0,2,hai_chieu,phang,8,6,15,,0,0.01,,"{""buoc"": 8, ""che_do"": ""hai_chieu"", ""cho_lui"": 0, ""kieu_lot"": ""phang"", ""lot"": 0.01, ""tp"": 6, ""tran_tang"": 15}"
878a9a8d3b,cao,CAO_NGUYEN,EURUSD,H1,ban|phang|lui,3000,3000,1.0,2,ban,phang,10,10,15,,6,0.01,,"{""buoc"": 10, ""che_do"": ""ban"", ""cho_lui"": 6, ""kieu_lot"": ""phang"", ""lot"": 0.01, ""tp"": 10, ""tran_tang"": 15}"
8ddb3dfaa4,cao,CAO_NGUYEN,EURUSD,H1,mua|phang|-,24,24,1.0,1,mua,phang,10,8,9,,,0.01,,"{""buoc"": 10, ""che_do"": ""mua"", ""kieu_lot"": ""phang"", ""lot"": 0.01, ""tp"": 8, ""tran_tang"": 9}"
90e084fa0f,cao,CAO_NGUYEN,EURUSD,H1,hai_chieu|cong|-,2421,3000,0.807,1,hai_chieu,cong,10,13,12,0.8,0,0.01,,"{""buoc"": 10, ""che_do"": ""hai_chieu"", ""cho_lui"": 0, ""he_so_lot"": 0.8, ""kieu_lot"": ""cong"", ""lot"": 0.01, ""tp"": 13, ""tran_tang"": 12}"
a55ef7e4c4,cao,CAO_NGUYEN,EURUSD,H1,hai_chieu|nhan|-,2931,3000,0.977,2,hai_chieu,nhan,8,8,15,1.2,0,0.01,,"{""buoc"": 8, ""che_do"": ""hai_chieu"", ""cho_lui"": 0, ""he_so_lot"": 1.2, ""kieu_lot"": ""nhan"", ""lot"": 0.01, ""tp"": 8, ""tran_tang"": 15}"
c6303f0e6a,cao,CAO_NGUYEN,EURUSD,H1,mua|phang|lui,2229,3000,0.743,3,mua,phang,8,8,15,,10,0.01,,"{""buoc"": 8, ""che_do"": ""mua"", ""cho_lui"": 10, ""kieu_lot"": ""phang"", ""lot"": 0.01, ""tp"": 8, ""tran_tang"": 15}"
d64d63baf3,cao,CAO_NGUYEN,EURUSD,H1,ban|cong|-,2331,3000,0.777,1,ban,cong,12,6,8,1.2,0,0.01,,"{""buoc"": 12, ""che_do"": ""ban"", ""cho_lui"": 0, ""he_so_lot"": 1.2, ""kieu_lot"": ""cong"", ""lot"": 0.01, ""tp"": 6, ""tran_tang"": 8}"
e11cc73094,cao,CAO_NGUYEN,EURUSD,H1,ban|phang|lui,3000,3000,1.0,1,ban,phang,12,10,15,,6,0.01,,"{""buoc"": 12, ""che_do"": ""ban"", ""cho_lui"": 6, ""kieu_lot"": ""phang"", ""lot"": 0.01, ""tp"": 10, ""tran_tang"": 15}"
f8de684df0,cao,CAO_NGUYEN,EURUSD,H1,ban|cong|-,2325,3000,0.775,2,ban,cong,10,6,15,1.2,0,0.01,,"{""buoc"": 10, ""che_do"": ""ban"", ""cho_lui"": 0, ""he_so_lot"": 1.2, ""kieu_lot"": ""cong"", ""lot"": 0.01, ""tp"": 6, ""tran_tang"": 15}"
0de7b8af88,cao,CAO_NGUYEN,EURUSD,M15,mua|nhan|lui,2034,3000,0.678,1,mua,nhan,10,6,12,1.2,10,0.01,,"{""buoc"": 10, ""che_do"": ""mua"", ""cho_lui"": 10, ""he_so_lot"": 1.2, ""kieu_lot"": ""nhan"", ""lot"": 0.01, ""tp"": 6, ""tran_tang"": 12}"
180dabd5da,cao,CAO_NGUYEN,EURUSD,M15,ban|nhan|lui,2904,3000,0.968,1,ban,nhan,10,6,12,1.2,10,0.01,,"{""buoc"": 10, ""che_do"": ""ban"", ""cho_lui"": 10, ""he_so_lot"": 1.2, ""kieu_lot"": ""nhan"", ""lot"": 0.01, ""tp"": 6, ""tran_tang"": 12}"
187a5b4abe,cao,CAO_NGUYEN,EURUSD,M15,hai_chieu|phang|-,71,72,0.9861,1,hai_chieu,phang,8,6,10,,,0.01,,"{""buoc"": 8, ""che_do"": ""hai_chieu"", ""kieu_lot"": ""phang"", ""lot"": 0.01, ""tp"": 6, ""tran_tang"": 10}"
2198828d4f,cao,CAO_NGUYEN,EURUSD,M15,hai_chieu|nhan|lui,2904,3000,0.968,1,hai_chieu,nhan,10,6,12,1.2,10,0.01,,"{""buoc"": 10, ""che_do"": ""hai_chieu"", ""cho_lui"": 10, ""he_so_lot"": 1.2, ""kieu_lot"": ""nhan"", ""lot"": 0.01, ""tp"": 6, ""tran_tang"": 12}"
28f732f6d7,cao,CAO_NGUYEN,EURUSD,M15,hai_chieu|phang|lui,2991,3000,0.997,2,hai_chieu,phang,8,8,12,,10,0.01,,"{""buoc"": 8, ""che_do"": ""hai_chieu"", ""cho_lui"": 10, ""kieu_lot"": ""phang"", ""lot"": 0.01, ""tp"": 8, ""tran_tang"": 12}"
2b28e625da,cao,CAO_NGUYEN,EURUSD,M15,hai_chieu|nhan|lui,2910,3000,0.97,1,hai_chieu,nhan,20,10,15,1.2,10,0.01,,"{""buoc"": 20, ""che_do"": ""hai_chieu"", ""cho_lui"": 10, ""he_so_lot"": 1.2, ""kieu_lot"": ""nhan"", ""lot"": 0.01, ""tp"": 10, ""tran_tang"": 15}"
2faf7fea39,cao,CAO_NGUYEN,EURUSD,M15,ban|nhan|lui,2898,3000,0.966,1,ban,nhan,10,13,15,1.2,10,0.01,,"{""buoc"": 10, ""che_do"": ""ban"", ""cho_lui"": 10, ""he_so_lot"": 1.2, ""kieu_lot"": ""nhan"", ""lot"": 0.01, ""tp"": 13, ""tran_tang"": 15}"
3f7ee2af9c,cao,CAO_NGUYEN,EURUSD,M15,mua|cong|-,2082,3000,0.694,1,mua,cong,8,6,12,1.2,0,0.01,,"{""buoc"": 8, ""che_do"": ""mua"", ""cho_lui"": 0, ""he_so_lot"": 1.2, ""kieu_lot"": ""cong"", ""lot"": 0.01, ""tp"": 6, ""tran_tang"": 12}"
4be61a8264,cao,CAO_NGUYEN,EURUSD,M15,ban|cong|lui,2127,3000,0.709,1,ban,cong,16,8,5,1.2,6,0.01,,"{""buoc"": 16, ""che_do"": ""ban"", ""cho_lui"": 6, ""he_so_lot"": 1.2, ""kieu_lot"": ""cong"", ""lot"": 0.01, ""tp"": 8, ""tran_tang"": 5}"
4da27f5ba5,cao,CAO_NGUYEN,EURUSD,M15,hai_chieu|cong|-,2274,3000,0.758,1,hai_chieu,cong,8,6,12,1.2,0,0.01,,"{""buoc"": 8, ""che_do"": ""hai_chieu"", ""cho_lui"": 0, ""he_so_lot"": 1.2, ""kieu_lot"": ""cong"", ""lot"": 0.01, ""tp"": 6, ""tran_tang"": 12}"
526089a607,cao,CAO_NGUYEN,EURUSD,M15,ban|cong|lui,2199,3000,0.733,1,ban,cong,8,8,12,1.2,6,0.01,,"{""buoc"": 8, ""che_do"": ""ban"", ""cho_lui"": 6, ""he_so_lot"": 1.2, ""kieu_lot"": ""cong"", ""lot"": 0.01, ""tp"": 8, ""tran_tang"": 12}"
5f0f8475d1,cao,CAO_NGUYEN,EURUSD,M15,mua|phang|lui,1971,3000,0.657,1,mua,phang,8,6,12,,10,0.01,,"{""buoc"": 8, ""che_do"": ""mua"", ""cho_lui"": 10, ""kieu_lot"": ""phang"", ""lot"": 0.01, ""tp"": 6, ""tran_tang"": 12}"
9b7e5bbad8,cao,CAO_NGUYEN,EURUSD,M15,mua|phang|lui,1965,3000,0.655,2,mua,phang,8,8,12,,10,0.01,,"{""buoc"": 8, ""che_do"": ""mua"", ""cho_lui"": 10, ""kieu_lot"": ""phang"", ""lot"": 0.01, ""tp"": 8, ""tran_tang"": 12}"
a3f4dcd5be,cao,CAO_NGUYEN,EURUSD,M15,hai_chieu|cong|-,2286,3000,0.762,1,hai_chieu,cong,16,6,7,1.2,0,0.01,,"{""buoc"": 16, ""che_do"": ""hai_chieu"", ""cho_lui"": 0, ""he_so_lot"": 1.2, ""kieu_lot"": ""cong"", ""lot"": 0.01, ""tp"": 6, ""tran_tang"": 7}"
b427d9d9a1,cao,CAO_NGUYEN,EURUSD,M15,ban|phang|-,72,72,1.0,1,ban,phang,8,6,8,,,0.01,,"{""buoc"": 8, ""che_do"": ""ban"", ""kieu_lot"": ""phang"", ""lot"": 0.01, ""tp"": 6, ""tran_tang"": 8}"
c71962194f,cao,CAO_NGUYEN,EURUSD,M15,mua|nhan|lui,2049,3000,0.683,1,mua,nhan,8,6,15,1.2,10,0.01,,"{""buoc"": 8, ""che_do"": ""mua"", ""cho_lui"": 10, ""he_so_lot"": 1.2, ""kieu_lot"": ""nhan"", ""lot"": 0.01, ""tp"": 6, ""tran_tang"": 15}"
c77fc7b157,cao,CAO_NGUYEN,EURUSD,M15,ban|phang|lui,3000,3000,1.0,3,ban,phang,16,10,15,,10,0.01,,"{""buoc"": 16, ""che_do"": ""ban"", ""cho_lui"": 10, ""kieu_lot"": ""phang"", ""lot"": 0.01, ""tp"": 10, ""tran_tang"": 15}"
d82ccbb3e5,cao,CAO_NGUYEN,EURUSD,M15,hai_chieu|cong|-,2211,3000,0.737,1,hai_chieu,cong,8,6,15,0.8,0,0.01,,"{""buoc"": 8, ""che_do"": ""hai_chieu"", ""cho_lui"": 0, ""he_so_lot"": 0.8, ""kieu_lot"": ""cong"", ""lot"": 0.01, ""tp"": 6, ""tran_tang"": 15}"
e0f0673918,cao,CAO_NGUYEN,EURUSD,M15,mua|cong|-,2016,3000,0.672,1,mua,cong,12,6,5,1.2,0,0.01,,"{""buoc"": 12, ""che_do"": ""mua"", ""cho_lui"": 0, ""he_so_lot"": 1.2, ""kieu_lot"": ""cong"", ""lot"": 0.01, ""tp"": 6, ""tran_tang"": 5}"
ea2068f010,cao,CAO_NGUYEN,EURUSD,M15,hai_chieu|phang|lui,2991,3000,0.997,1,hai_chieu,phang,8,6,10,,3,0.01,,"{""buoc"": 8, ""che_do"": ""hai_chieu"", ""cho_lui"": 3, ""kieu_lot"": ""phang"", ""lot"": 0.01, ""tp"": 6, ""tran_tang"": 10}"
f69524a6de,cao,CAO_NGUYEN,EURUSD,M15,ban|cong|lui,2190,3000,0.73,1,ban,cong,8,8,10,1.2,6,0.01,,"{""buoc"": 8, ""che_do"": ""ban"", ""cho_lui"": 6, ""he_so_lot"": 1.2, ""kieu_lot"": ""cong"", ""lot"": 0.01, ""tp"": 8, ""tran_tang"": 10}"
188ea35880,cao,CAO_NGUYEN,EURUSD,M30,ban|phang|-,72,72,1.0,1,ban,phang,8,6,10,,,0.01,,"{""buoc"": 8, ""che_do"": ""ban"", ""kieu_lot"": ""phang"", ""lot"": 0.01, ""tp"": 6, ""tran_tang"": 10}"
292c5c76b3,cao,CAO_NGUYEN,EURUSD,M30,mua|cong|-,2115,3000,0.705,1,mua,cong,8,6,15,0.8,0,0.01,,"{""buoc"": 8, ""che_do"": ""mua"", ""cho_lui"": 0, ""he_so_lot"": 0.8, ""kieu_lot"": ""cong"", ""lot"": 0.01, ""tp"": 6, ""tran_tang"": 15}"
3c2748c16c,cao,CAO_NGUYEN,EURUSD,M30,ban|nhan|lui,2910,3000,0.97,1,ban,nhan,8,8,10,1.2,10,0.01,,"{""buoc"": 8, ""che_do"": ""ban"", ""cho_lui"": 10, ""he_so_lot"": 1.2, ""kieu_lot"": ""nhan"", ""lot"": 0.01, ""tp"": 8, ""tran_tang"": 10}"
4174780745,cao,CAO_NGUYEN,EURUSD,M30,ban|phang|lui,3000,3000,1.0,1,ban,phang,16,8,10,,6,0.01,,"{""buoc"": 16, ""che_do"": ""ban"", ""cho_lui"": 6, ""kieu_lot"": ""phang"", ""lot"": 0.01, ""tp"": 8, ""tran_tang"": 10}"
41ee2aa7ad,cao,CAO_NGUYEN,EURUSD,M30,mua|cong|-,2142,3000,0.714,1,mua,cong,8,6,12,1.2,0,0.01,,"{""buoc"": 8, ""che_do"": ""mua"", ""cho_lui"": 0, ""he_so_lot"": 1.2, ""kieu_lot"": ""cong"", ""lot"": 0.01, ""tp"": 6, ""tran_tang"": 12}"
4d65801663,cao,CAO_NGUYEN,EURUSD,M30,hai_chieu|nhan|-,2925,3000,0.975,1,hai_chieu,nhan,8,6,10,1.2,0,0.01,,"{""buoc"": 8, ""che_do"": ""hai_chieu"", ""cho_lui"": 0, ""he_so_lot"": 1.2, ""kieu_lot"": ""nhan"", ""lot"": 0.01, ""tp"": 6, ""tran_tang"": 10}"
67255b493f,cao,CAO_NGUYEN,EURUSD,M30,mua|cong|-,2127,3000,0.709,1,mua,cong,10,6,15,1.2,0,0.01,,"{""buoc"": 10, ""che_do"": ""mua"", ""cho_lui"": 0, ""he_so_lot"": 1.2, ""kieu_lot"": ""cong"", ""lot"": 0.01, ""tp"": 6, ""tran_tang"": 15}"
717ade7ca4,cao,CAO_NGUYEN,EURUSD,M30,hai_chieu|phang|lui,2997,3000,0.999,2,hai_chieu,phang,8,10,10,,6,0.01,,"{""buoc"": 8, ""che_do"": ""hai_chieu"", ""cho_lui"": 6, ""kieu_lot"": ""phang"", ""lot"": 0.01, ""tp"": 10, ""tran_tang"": 10}"
7323ee5f2d,cao,CAO_NGUYEN,EURUSD,M30,ban|nhan|lui,2910,3000,0.97,1,ban,nhan,8,6,12,1.2,3,0.01,,"{""buoc"": 8, ""che_do"": ""ban"", ""cho_lui"": 3, ""he_so_lot"": 1.2, ""kieu_lot"": ""nhan"", ""lot"": 0.01, ""tp"": 6, ""tran_tang"": 12}"
7481ebaf3a,cao,CAO_NGUYEN,EURUSD,M30,hai_chieu|phang|-,71,72,0.9861,1,hai_chieu,phang,8,6,8,,,0.01,,"{""buoc"": 8, ""che_do"": ""hai_chieu"", ""kieu_lot"": ""phang"", ""lot"": 0.01, ""tp"": 6, ""tran_tang"": 8}"
8350a07764,cao,CAO_NGUYEN,EURUSD,M30,mua|phang|-,21,24,0.875,1,mua,phang,10,8,7,,,0.01,,"{""buoc"": 10, ""che_do"": ""mua"", ""kieu_lot"": ""phang"", ""lot"": 0.01, ""tp"": 8, ""tran_tang"": 7}"
854146e2ac,cao,CAO_NGUYEN,EURUSD,M30,hai_chieu|cong|-,2349,3000,0.783,1,hai_chieu,cong,8,6,12,1.2,0,0.01,,"{""buoc"": 8, ""che_do"": ""hai_chieu"", ""cho_lui"": 0, ""he_so_lot"": 1.2, ""kieu_lot"": ""cong"", ""lot"": 0.01, ""tp"": 6, ""tran_tang"": 12}"
897e9b44b1,cao,CAO_NGUYEN,EURUSD,M30,ban|cong|-,2172,3000,0.724,1,ban,cong,8,6,15,0.8,0,0.01,,"{""buoc"": 8, ""che_do"": ""ban"", ""cho_lui"": 0, ""he_so_lot"": 0.8, ""kieu_lot"": ""cong"", ""lot"": 0.01, ""tp"": 6, ""tran_tang"": 15}"
a2181b64c5,cao,CAO_NGUYEN,EURUSD,M30,hai_chieu|cong|-,2286,3000,0.762,1,hai_chieu,cong,8,6,15,0.8,0,0.01,,"{""buoc"": 8, ""che_do"": ""hai_chieu"", ""cho_lui"": 0, ""he_so_lot"": 0.8, ""kieu_lot"": ""cong"", ""lot"": 0.01, ""tp"": 6, ""tran_tang"": 15}"
a4154a2a0f,cao,CAO_NGUYEN,EURUSD,M30,hai_chieu|nhan|-,2916,3000,0.972,1,hai_chieu,nhan,8,8,15,1.2,0,0.01,,"{""buoc"": 8, ""che_do"": ""hai_chieu"", ""cho_lui"": 0, ""he_so_lot"": 1.2, ""kieu_lot"": ""nhan"", ""lot"": 0.01, ""tp"": 8, ""tran_tang"": 15}"
aec9980293,cao,CAO_NGUYEN,EURUSD,M30,ban|phang|lui,3000,3000,1.0,2,ban,phang,8,10,7,,10,0.01,,"{""buoc"": 8, ""che_do"": ""ban"", ""cho_lui"": 10, ""kieu_lot"": ""phang"", ""lot"": 0.01, ""tp"": 10, ""tran_tang"": 7}"
b0ed24a81c,cao,CAO_NGUYEN,EURUSD,M30,mua|nhan|-,1968,3000,0.656,2,mua,nhan,8,8,15,1.2,0,0.01,,"{""buoc"": 8, ""che_do"": ""mua"", ""cho_lui"": 0, ""he_so_lot"": 1.2, ""kieu_lot"": ""nhan"", ""lot"": 0.01, ""tp"": 8, ""tran_tang"": 15}"
e25692b431,cao,CAO_NGUYEN,EURUSD,M30,ban|cong|-,2268,3000,0.756,1,ban,cong,8,6,12,1.2,0,0.01,,"{""buoc"": 8, ""che_do"": ""ban"", ""cho_lui"": 0, ""he_so_lot"": 1.2, ""kieu_lot"": ""cong"", ""lot"": 0.01, ""tp"": 6, ""tran_tang"": 12}"
ed32f2dfe9,cao,CAO_NGUYEN,EURUSD,M30,mua|phang|lui,2070,3000,0.69,1,mua,phang,8,8,15,,10,0.01,,"{""buoc"": 8, ""che_do"": ""mua"", ""cho_lui"": 10, ""kieu_lot"": ""phang"", ""lot"": 0.01, ""tp"": 8, ""tran_tang"": 15}"
f175d7019c,cao,CAO_NGUYEN,EURUSD,M30,hai_chieu|cong|-,2364,3000,0.788,1,hai_chieu,cong,10,6,15,1.2,0,0.01,,"{""buoc"": 10, ""che_do"": ""hai_chieu"", ""cho_lui"": 0, ""he_so_lot"": 1.2, ""kieu_lot"": ""cong"", ""lot"": 0.01, ""tp"": 6, ""tran_tang"": 15}"
f2f088faa9,cao,CAO_NGUYEN,EURUSD,M30,hai_chieu|phang|lui,2994,3000,0.998,1,hai_chieu,phang,10,8,5,,10,0.01,,"{""buoc"": 10, ""che_do"": ""hai_chieu"", ""cho_lui"": 10, ""kieu_lot"": ""phang"", ""lot"": 0.01, ""tp"": 8, ""tran_tang"": 5}"
f363ac658f,cao,CAO_NGUYEN,EURUSD,M30,mua|phang|lui,2079,3000,0.693,2,mua,phang,8,8,12,,10,0.01,,"{""buoc"": 8, ""che_do"": ""mua"", ""cho_lui"": 10, ""kieu_lot"": ""phang"", ""lot"": 0.01, ""tp"": 8, ""tran_tang"": 12}"
028430f8ff,cao,CAO_NGUYEN,GBPAUD,H1,mua|cong|-,2916,3000,0.972,1,mua,cong,8,10,15,1.2,0,0.01,,"{""buoc"": 8, ""che_do"": ""mua"", ""cho_lui"": 0, ""he_so_lot"": 1.2, ""kieu_lot"": ""cong"", ""lot"": 0.01, ""tp"": 10, ""tran_tang"": 15}"
1617a1cb12,cao,CAO_NGUYEN,GBPAUD,H1,ban|cong|-,2613,3000,0.871,1,ban,cong,20,20,15,1.2,0,0.01,,"{""buoc"": 20, ""che_do"": ""ban"", ""cho_lui"": 0, ""he_so_lot"": 1.2, ""kieu_lot"": ""cong"", ""lot"": 0.01, ""tp"": 20, ""tran_tang"": 15}"
1d6c74c954,cao,CAO_NGUYEN,GBPAUD,H1,hai_chieu|cong|-,2913,3000,0.971,1,hai_chieu,cong,20,26,15,0.8,0,0.01,,"{""buoc"": 20, ""che_do"": ""hai_chieu"", ""cho_lui"": 0, ""he_so_lot"": 0.8, ""kieu_lot"": ""cong"", ""lot"": 0.01, ""tp"": 26, ""tran_tang"": 15}"
2307821f59,cao,CAO_NGUYEN,GBPAUD,H1,ban|cong|-,2589,3000,0.863,1,ban,cong,24,26,12,1.2,0,0.01,,"{""buoc"": 24, ""che_do"": ""ban"", ""cho_lui"": 0, ""he_so_lot"": 1.2, ""kieu_lot"": ""cong"", ""lot"": 0.01, ""tp"": 26, ""tran_tang"": 12}"
27f4676f42,cao,CAO_NGUYEN,GBPAUD,H1,mua|nhan|-,2835,3000,0.945,1,mua,nhan,8,8,15,1.2,0,0.01,,"{""buoc"": 8, ""che_do"": ""mua"", ""cho_lui"": 0, ""he_so_lot"": 1.2, ""kieu_lot"": ""nhan"", ""lot"": 0.01, ""tp"": 8, ""tran_tang"": 15}"
5e902f7b0f,cao,CAO_NGUYEN,GBPAUD,H1,hai_chieu|cong|-,2943,3000,0.981,1,hai_chieu,cong,24,26,12,1.2,0,0.01,,"{""buoc"": 24, ""che_do"": ""hai_chieu"", ""cho_lui"": 0, ""he_so_lot"": 1.2, ""kieu_lot"": ""cong"", ""lot"": 0.01, ""tp"": 26, ""tran_tang"": 12}"
64a5993a4f,cao,CAO_NGUYEN,GBPAUD,H1,ban|cong|-,2595,3000,0.865,1,ban,cong,20,26,15,0.8,0,0.01,,"{""buoc"": 20, ""che_do"": ""ban"", ""cho_lui"": 0, ""he_so_lot"": 0.8, ""kieu_lot"": ""cong"", ""lot"": 0.01, ""tp"": 26, ""tran_tang"": 15}"
7cdb1d4e15,cao,CAO_NGUYEN,GBPAUD,H1,mua|cong|-,2925,3000,0.975,1,mua,cong,8,16,15,1.2,0,0.01,,"{""buoc"": 8, ""che_do"": ""mua"", ""cho_lui"": 0, ""he_so_lot"": 1.2, ""kieu_lot"": ""cong"", ""lot"": 0.01, ""tp"": 16, ""tran_tang"": 15}"
8aa6ac01c9,cao,CAO_NGUYEN,GBPAUD,H1,hai_chieu|cong|-,2943,3000,0.981,1,hai_chieu,cong,12,8,15,1.2,0,0.01,,"{""buoc"": 12, ""che_do"": ""hai_chieu"", ""cho_lui"": 0, ""he_so_lot"": 1.2, ""kieu_lot"": ""cong"", ""lot"": 0.01, ""tp"": 8, ""tran_tang"": 15}"
9b6e62bdf5,cao,CAO_NGUYEN,GBPAUD,H1,hai_chieu|nhan|-,2664,3000,0.888,1,hai_chieu,nhan,20,26,15,1.2,0,0.01,,"{""buoc"": 20, ""che_do"": ""hai_chieu"", ""cho_lui"": 0, ""he_so_lot"": 1.2, ""kieu_lot"": ""nhan"", ""lot"": 0.01, ""tp"": 26, ""tran_tang"": 15}"
b330ff72c7,cao,CAO_NGUYEN,GBPAUD,H1,mua|phang|-,24,24,1.0,1,mua,phang,15,8,9,,,0.01,,"{""buoc"": 15, ""che_do"": ""mua"", ""kieu_lot"": ""phang"", ""lot"": 0.01, ""tp"": 8, ""tran_tang"": 9}"
bb913eb110,cao,CAO_NGUYEN,GBPAUD,H1,mua|nhan|-,2829,3000,0.943,1,mua,nhan,8,13,15,1.2,0,0.01,,"{""buoc"": 8, ""che_do"": ""mua"", ""cho_lui"": 0, ""he_so_lot"": 1.2, ""kieu_lot"": ""nhan"", ""lot"": 0.01, ""tp"": 13, ""tran_tang"": 15}"
ca17b199da,cao,CAO_NGUYEN,GBPAUD,H1,hai_chieu|phang|-,2976,3000,0.992,2,hai_chieu,phang,20,10,15,,0,0.01,,"{""buoc"": 20, ""che_do"": ""hai_chieu"", ""cho_lui"": 0, ""kieu_lot"": ""phang"", ""lot"": 0.01, ""tp"": 10, ""tran_tang"": 15}"
cfa5d0cb37,cao,CAO_NGUYEN,GBPAUD,H1,ban|phang|-,2529,3000,0.843,3,ban,phang,36,10,12,,0,0.01,,"{""buoc"": 36, ""che_do"": ""ban"", ""cho_lui"": 0, ""kieu_lot"": ""phang"", ""lot"": 0.01, ""tp"": 10, ""tran_tang"": 12}"
e813b9ec83,cao,CAO_NGUYEN,GBPAUD,H1,mua|phang|lui,2961,3000,0.987,3,mua,phang,100,45,12,,10,0.01,,"{""buoc"": 100, ""che_do"": ""mua"", ""cho_lui"": 10, ""kieu_lot"": ""phang"", ""lot"": 0.01, ""tp"": 45, ""tran_tang"": 12}"
f882b352e1,cao,CAO_NGUYEN,GBPAUD,H1,mua|cong|-,2931,3000,0.977,1,mua,cong,12,10,12,1.2,0,0.01,,"{""buoc"": 12, ""che_do"": ""mua"", ""cho_lui"": 0, ""he_so_lot"": 1.2, ""kieu_lot"": ""cong"", ""lot"": 0.01, ""tp"": 10, ""tran_tang"": 12}"
fd62764a9b,cao,CAO_NGUYEN,GBPAUD,H1,hai_chieu|nhan|-,2649,3000,0.883,1,hai_chieu,nhan,12,8,15,1.2,0,0.01,,"{""buoc"": 12, ""che_do"": ""hai_chieu"", ""cho_lui"": 0, ""he_so_lot"": 1.2, ""kieu_lot"": ""nhan"", ""lot"": 0.01, ""tp"": 8, ""tran_tang"": 15}"
fd63e49a16,cao,CAO_NGUYEN,GBPAUD,H1,hai_chieu|phang|-,2982,3000,0.994,1,hai_chieu,phang,20,13,15,,0,0.01,,"{""buoc"": 20, ""che_do"": ""hai_chieu"", ""cho_lui"": 0, ""kieu_lot"": ""phang"", ""lot"": 0.01, ""tp"": 13, ""tran_tang"": 15}"
0a459f95cf,cao,CAO_NGUYEN,GBPAUD,M15,hai_chieu|cong|-,2901,3000,0.967,1,hai_chieu,cong,24,16,15,1.2,0,0.01,,"{""buoc"": 24, ""che_do"": ""hai_chieu"", ""cho_lui"": 0, ""he_so_lot"": 1.2, ""kieu_lot"": ""cong"", ""lot"": 0.01, ""tp"": 16, ""tran_tang"": 15}"
1eb95344b4,cao,CAO_NGUYEN,GBPAUD,M15,mua|nhan|lui,2751,3000,0.917,1,mua,nhan,100,26,12,1.2,3,0.01,,"{""buoc"": 100, ""che_do"": ""mua"", ""cho_lui"": 3, ""he_so_lot"": 1.2, ""kieu_lot"": ""nhan"", ""lot"": 0.01, ""tp"": 26, ""tran_tang"": 12}"
513f397edc,cao,CAO_NGUYEN,GBPAUD,M15,ban|phang|lui,2427,3000,0.809,2,ban,phang,24,20,15,,3,0.01,,"{""buoc"": 24, ""che_do"": ""ban"", ""cho_lui"": 3, ""kieu_lot"": ""phang"", ""lot"": 0.01, ""tp"": 20, ""tran_tang"": 15}"
6633f4840d,cao,CAO_NGUYEN,GBPAUD,M15,mua|nhan|lui,2751,3000,0.917,1,mua,nhan,100,60,7,1.2,6,0.01,,"{""buoc"": 100, ""che_do"": ""mua"", ""cho_lui"": 6, ""he_so_lot"": 1.2, ""kieu_lot"": ""nhan"", ""lot"": 0.01, ""tp"": 60, ""tran_tang"": 7}"
67e18f58c9,cao,CAO_NGUYEN,GBPAUD,M15,ban|cong|-,2538,3000,0.846,1,ban,cong,16,20,15,0.8,0,0.01,,"{""buoc"": 16, ""che_do"": ""ban"", ""cho_lui"": 0, ""he_so_lot"": 0.8, ""kieu_lot"": ""cong"", ""lot"": 0.01, ""tp"": 20, ""tran_tang"": 15}"
71a723d05f,cao,CAO_NGUYEN,GBPAUD,M15,hai_chieu|nhan|-,2634,3000,0.878,1,hai_chieu,nhan,20,26,15,1.2,0,0.01,,"{""buoc"": 20, ""che_do"": ""hai_chieu"", ""cho_lui"": 0, ""he_so_lot"": 1.2, ""kieu_lot"": ""nhan"", ""lot"": 0.01, ""tp"": 26, ""tran_tang"": 15}"
75c263611c,cao,CAO_NGUYEN,GBPAUD,M15,hai_chieu|phang|-,66,72,0.9167,1,hai_chieu,phang,24,16,10,,,0.01,,"{""buoc"": 24, ""che_do"": ""hai_chieu"", ""kieu_lot"": ""phang"", ""lot"": 0.01, ""tp"": 16, ""tran_tang"": 10}"
87dbddc347,cao,CAO_NGUYEN,GBPAUD,M15,mua|cong|-,2850,3000,0.95,1,mua,cong,24,6,15,1.2,0,0.01,,"{""buoc"": 24, ""che_do"": ""mua"", ""cho_lui"": 0, ""he_so_lot"": 1.2, ""kieu_lot"": ""cong"", ""lot"": 0.01, ""tp"": 6, ""tran_tang"": 15}"
8bca194b41,cao,CAO_NGUYEN,GBPAUD,M15,ban|cong|-,2511,3000,0.837,1,ban,cong,20,20,15,0.5,0,0.01,,"{""buoc"": 20, ""che_do"": ""ban"", ""cho_lui"": 0, ""he_so_lot"": 0.5, ""kieu_lot"": ""cong"", ""lot"": 0.01, ""tp"": 20, ""tran_tang"": 15}"
8c1cdc607d,cao,CAO_NGUYEN,GBPAUD,M15,mua|cong|lui,2862,3000,0.954,1,mua,cong,100,60,12,1.2,6,0.01,,"{""buoc"": 100, ""che_do"": ""mua"", ""cho_lui"": 6, ""he_so_lot"": 1.2, ""kieu_lot"": ""cong"", ""lot"": 0.01, ""tp"": 60, ""tran_tang"": 12}"
96b0f15b96,cao,CAO_NGUYEN,GBPAUD,M15,hai_chieu|cong|-,2901,3000,0.967,1,hai_chieu,cong,24,26,12,1.2,0,0.01,,"{""buoc"": 24, ""che_do"": ""hai_chieu"", ""cho_lui"": 0, ""he_so_lot"": 1.2, ""kieu_lot"": ""cong"", ""lot"": 0.01, ""tp"": 26, ""tran_tang"": 12}"
b3d9db34e6,cao,CAO_NGUYEN,GBPAUD,M15,mua|cong|-,2862,3000,0.954,1,mua,cong,8,16,15,1.2,0,0.01,,"{""buoc"": 8, ""che_do"": ""mua"", ""cho_lui"": 0, ""he_so_lot"": 1.2, ""kieu_lot"": ""cong"", ""lot"": 0.01, ""tp"": 16, ""tran_tang"": 15}"
bb52fa9dff,cao,CAO_NGUYEN,GBPAUD,M15,ban|phang|lui,2424,3000,0.808,1,ban,phang,16,20,15,,10,0.01,,"{""buoc"": 16, ""che_do"": ""ban"", ""cho_lui"": 10, ""kieu_lot"": ""phang"", ""lot"": 0.01, ""tp"": 20, ""tran_tang"": 15}"
c292208bf8,cao,CAO_NGUYEN,GBPAUD,M15,hai_chieu|cong|-,2886,3000,0.962,1,hai_chieu,cong,16,10,12,1.2,0,0.01,,"{""buoc"": 16, ""che_do"": ""hai_chieu"", ""cho_lui"": 0, ""he_so_lot"": 1.2, ""kieu_lot"": ""cong"", ""lot"": 0.01, ""tp"": 10, ""tran_tang"": 12}"
e258be4e6a,cao,CAO_NGUYEN,GBPAUD,M15,hai_chieu|phang|-,2940,3000,0.98,3,hai_chieu,phang,24,16,15,,0,0.01,,"{""buoc"": 24, ""che_do"": ""hai_chieu"", ""cho_lui"": 0, ""kieu_lot"": ""phang"", ""lot"": 0.01, ""tp"": 16, ""tran_tang"": 15}"
e9dc213452,cao,CAO_NGUYEN,GBPAUD,M15,mua|phang|lui,2907,3000,0.969,2,mua,phang,100,26,15,,3,0.01,,"{""buoc"": 100, ""che_do"": ""mua"", ""cho_lui"": 3, ""kieu_lot"": ""phang"", ""lot"": 0.01, ""tp"": 26, ""tran_tang"": 15}"
ecd21ebd00,cao,CAO_NGUYEN,GBPAUD,M15,mua|phang|lui,2910,3000,0.97,1,mua,phang,45,26,5,,6,0.01,,"{""buoc"": 45, ""che_do"": ""mua"", ""cho_lui"": 6, ""kieu_lot"": ""phang"", ""lot"": 0.01, ""tp"": 26, ""tran_tang"": 5}"
ee6265fb14,cao,CAO_NGUYEN,GBPAUD,M15,ban|cong|-,2517,3000,0.839,1,ban,cong,16,10,12,1.2,0,0.01,,"{""buoc"": 16, ""che_do"": ""ban"", ""cho_lui"": 0, ""he_so_lot"": 1.2, ""kieu_lot"": ""cong"", ""lot"": 0.01, ""tp"": 10, ""tran_tang"": 12}"
ef355b2816,cao,CAO_NGUYEN,GBPAUD,M15,hai_chieu|nhan|-,2631,3000,0.877,1,hai_chieu,nhan,12,45,15,1.2,0,0.01,,"{""buoc"": 12, ""che_do"": ""hai_chieu"", ""cho_lui"": 0, ""he_so_lot"": 1.2, ""kieu_lot"": ""nhan"", ""lot"": 0.01, ""tp"": 45, ""tran_tang"": 15}"
f584016e49,cao,CAO_NGUYEN,GBPAUD,M15,ban|phang|-,55,72,0.7639,1,ban,phang,32,6,10,,,0.01,,"{""buoc"": 32, ""che_do"": ""ban"", ""kieu_lot"": ""phang"", ""lot"": 0.01, ""tp"": 6, ""tran_tang"": 10}"
098c8a2000,cao,CAO_NGUYEN,GBPAUD,M30,hai_chieu|nhan|-,2649,3000,0.883,1,hai_chieu,nhan,20,26,15,1.2,0,0.01,,"{""buoc"": 20, ""che_do"": ""hai_chieu"", ""cho_lui"": 0, ""he_so_lot"": 1.2, ""kieu_lot"": ""nhan"", ""lot"": 0.01, ""tp"": 26, ""tran_tang"": 15}"
0d6548a743,cao,CAO_NGUYEN,GBPAUD,M30,hai_chieu|phang|-,69,72,0.9583,1,hai_chieu,phang,24,16,10,,,0.01,,"{""buoc"": 24, ""che_do"": ""hai_chieu"", ""kieu_lot"": ""phang"", ""lot"": 0.01, ""tp"": 16, ""tran_tang"": 10}"
1e6c4bc2a0,cao,CAO_NGUYEN,GBPAUD,M30,ban|cong|-,2553,3000,0.851,1,ban,cong,24,26,12,1.2,0,0.01,,"{""buoc"": 24, ""che_do"": ""ban"", ""cho_lui"": 0, ""he_so_lot"": 1.2, ""kieu_lot"": ""cong"", ""lot"": 0.01, ""tp"": 26, ""tran_tang"": 12}"
2b856ee01b,cao,CAO_NGUYEN,GBPAUD,M30,ban|cong|-,2574,3000,0.858,1,ban,cong,12,8,15,1.2,0,0.01,,"{""buoc"": 12, ""che_do"": ""ban"", ""cho_lui"": 0, ""he_so_lot"": 1.2, ""kieu_lot"": ""cong"", ""lot"": 0.01, ""tp"": 8, ""tran_tang"": 15}"
3549edce66,cao,CAO_NGUYEN,GBPAUD,M30,mua|phang|lui,2937,3000,0.979,1,mua,phang,24,45,12,,10,0.01,,"{""buoc"": 24, ""che_do"": ""mua"", ""cho_lui"": 10, ""kieu_lot"": ""phang"", ""lot"": 0.01, ""tp"": 45, ""tran_tang"": 12}"
3a6d14c8a2,cao,CAO_NGUYEN,GBPAUD,M30,mua|cong|-,2907,3000,0.969,1,mua,cong,12,8,15,1.2,0,0.01,,"{""buoc"": 12, ""che_do"": ""mua"", ""cho_lui"": 0, ""he_so_lot"": 1.2, ""kieu_lot"": ""cong"", ""lot"": 0.01, ""tp"": 8, ""tran_tang"": 15}"
46c27992ef,cao,CAO_NGUYEN,GBPAUD,M30,hai_chieu|cong|-,2904,3000,0.968,1,hai_chieu,cong,16,10,12,1.2,0,0.01,,"{""buoc"": 16, ""che_do"": ""hai_chieu"", ""cho_lui"": 0, ""he_so_lot"": 1.2, ""kieu_lot"": ""cong"", ""lot"": 0.01, ""tp"": 10, ""tran_tang"": 12}"
4c11043806,cao,CAO_NGUYEN,GBPAUD,M30,mua|cong|-,2901,3000,0.967,1,mua,cong,12,10,15,1.2,0,0.01,,"{""buoc"": 12, ""che_do"": ""mua"", ""cho_lui"": 0, ""he_so_lot"": 1.2, ""kieu_lot"": ""cong"", ""lot"": 0.01, ""tp"": 10, ""tran_tang"": 15}"
631bb59cba,cao,CAO_NGUYEN,GBPAUD,M30,ban|cong|-,2553,3000,0.851,1,ban,cong,20,20,15,0.8,0,0.01,,"{""buoc"": 20, ""che_do"": ""ban"", ""cho_lui"": 0, ""he_so_lot"": 0.8, ""kieu_lot"": ""cong"", ""lot"": 0.01, ""tp"": 20, ""tran_tang"": 15}"
7092e9ff70,cao,CAO_NGUYEN,GBPAUD,M30,mua|phang|lui,2940,3000,0.98,1,mua,phang,36,34,12,,3,0.01,,"{""buoc"": 36, ""che_do"": ""mua"", ""cho_lui"": 3, ""kieu_lot"": ""phang"", ""lot"": 0.01, ""tp"": 34, ""tran_tang"": 12}"
74b01e5ed5,cao,CAO_NGUYEN,GBPAUD,M30,hai_chieu|phang|-,2958,3000,0.986,3,hai_chieu,phang,24,16,15,,0,0.01,,"{""buoc"": 24, ""che_do"": ""hai_chieu"", ""cho_lui"": 0, ""kieu_lot"": ""phang"", ""lot"": 0.01, ""tp"": 16, ""tran_tang"": 15}"
7c5d26a555,cao,CAO_NGUYEN,GBPAUD,M30,mua|phang|-,24,24,1.0,1,mua,phang,20,20,7,,,0.01,,"{""buoc"": 20, ""che_do"": ""mua"", ""kieu_lot"": ""phang"", ""lot"": 0.01, ""tp"": 20, ""tran_tang"": 7}"
84bec78148,cao,CAO_NGUYEN,GBPAUD,M30,ban|phang|-,58,72,0.8056,1,ban,phang,12,6,10,,,0.01,,"{""buoc"": 12, ""che_do"": ""ban"", ""kieu_lot"": ""phang"", ""lot"": 0.01, ""tp"": 6, ""tran_tang"": 10}"
b02f92f137,cao,CAO_NGUYEN,GBPAUD,M30,mua|nhan|-,2787,3000,0.929,1,mua,nhan,12,8,15,1.2,0,0.01,,"{""buoc"": 12, ""che_do"": ""mua"", ""cho_lui"": 0, ""he_so_lot"": 1.2, ""kieu_lot"": ""nhan"", ""lot"": 0.01, ""tp"": 8, ""tran_tang"": 15}"
b6bb944fe5,cao,CAO_NGUYEN,GBPAUD,M30,mua|phang|lui,2946,3000,0.982,1,mua,phang,45,26,5,,6,0.01,,"{""buoc"": 45, ""che_do"": ""mua"", ""cho_lui"": 6, ""kieu_lot"": ""phang"", ""lot"": 0.01, ""tp"": 26, ""tran_tang"": 5}"
bbe248967d,cao,CAO_NGUYEN,GBPAUD,M30,hai_chieu|cong|-,2931,3000,0.977,1,hai_chieu,cong,12,8,15,1.2,0,0.01,,"{""buoc"": 12, ""che_do"": ""hai_chieu"", ""cho_lui"": 0, ""he_so_lot"": 1.2, ""kieu_lot"": ""cong"", ""lot"": 0.01, ""tp"": 8, ""tran_tang"": 15}"
c8b4673301,cao,CAO_NGUYEN,GBPAUD,M30,hai_chieu|nhan|-,2613,3000,0.871,1,hai_chieu,nhan,12,8,15,1.2,0,0.01,,"{""buoc"": 12, ""che_do"": ""hai_chieu"", ""cho_lui"": 0, ""he_so_lot"": 1.2, ""kieu_lot"": ""nhan"", ""lot"": 0.01, ""tp"": 8, ""tran_tang"": 15}"
c976a21450,cao,CAO_NGUYEN,GBPAUD,M30,ban|phang|lui,2460,3000,0.82,3,ban,phang,30,20,15,,3,0.01,,"{""buoc"": 30, ""che_do"": ""ban"", ""cho_lui"": 3, ""kieu_lot"": ""phang"", ""lot"": 0.01, ""tp"": 20, ""tran_tang"": 15}"
d1165bffbc,cao,CAO_NGUYEN,GBPAUD,M30,mua|cong|-,2883,3000,0.961,1,mua,cong,10,6,15,1.2,0,0.01,,"{""buoc"": 10, ""che_do"": ""mua"", ""cho_lui"": 0, ""he_so_lot"": 1.2, ""kieu_lot"": ""cong"", ""lot"": 0.01, ""tp"": 6, ""tran_tang"": 15}"
ead7ce27e3,cao,CAO_NGUYEN,GBPAUD,M30,mua|nhan|lui,2793,3000,0.931,1,mua,nhan,12,60,12,1.2,3,0.01,,"{""buoc"": 12, ""che_do"": ""mua"", ""cho_lui"": 3, ""he_so_lot"": 1.2, ""kieu_lot"": ""nhan"", ""lot"": 0.01, ""tp"": 60, ""tran_tang"": 12}"
f4e7d47ebc,cao,CAO_NGUYEN,GBPAUD,M30,hai_chieu|cong|-,2922,3000,0.974,1,hai_chieu,cong,24,26,12,1.2,0,0.01,,"{""buoc"": 24, ""che_do"": ""hai_chieu"", ""cho_lui"": 0, ""he_so_lot"": 1.2, ""kieu_lot"": ""cong"", ""lot"": 0.01, ""tp"": 26, ""tran_tang"": 12}"
00744f7c2d,cao,CAO_NGUYEN,GBPAUD,M5,hai_chieu|cong|lui,2868,3000,0.956,1,hai_chieu,cong,45,26,10,1.2,6,0.01,,"{""buoc"": 45, ""che_do"": ""hai_chieu"", ""cho_lui"": 6, ""he_so_lot"": 1.2, ""kieu_lot"": ""cong"", ""lot"": 0.01, ""tp"": 26, ""tran_tang"": 10}"
07ea793425,cao,CAO_NGUYEN,GBPAUD,M5,hai_chieu|phang|lui,2925,3000,0.975,1,hai_chieu,phang,100,26,12,,3,0.01,,"{""buoc"": 100, ""che_do"": ""hai_chieu"", ""cho_lui"": 3, ""kieu_lot"": ""phang"", ""lot"": 0.01, ""tp"": 26, ""tran_tang"": 12}"
0a37c54fd0,cao,CAO_NGUYEN,GBPAUD,M5,hai_chieu|nhan|lui,2769,3000,0.923,1,hai_chieu,nhan,36,20,10,1.2,6,0.01,,"{""buoc"": 36, ""che_do"": ""hai_chieu"", ""cho_lui"": 6, ""he_so_lot"": 1.2, ""kieu_lot"": ""nhan"", ""lot"": 0.01, ""tp"": 20, ""tran_tang"": 10}"
0ff92e2203,cao,CAO_NGUYEN,GBPAUD,M5,mua|nhan|lui,2592,3000,0.864,1,mua,nhan,20,20,12,1.2,3,0.01,,"{""buoc"": 20, ""che_do"": ""mua"", ""cho_lui"": 3, ""he_so_lot"": 1.2, ""kieu_lot"": ""nhan"", ""lot"": 0.01, ""tp"": 20, ""tran_tang"": 12}"
13545f6eff,cao,CAO_NGUYEN,GBPAUD,M5,ban|nhan|lui,2895,3000,0.965,1,ban,nhan,80,20,10,1.2,10,0.01,,"{""buoc"": 80, ""che_do"": ""ban"", ""cho_lui"": 10, ""he_so_lot"": 1.2, ""kieu_lot"": ""nhan"", ""lot"": 0.01, ""tp"": 20, ""tran_tang"": 10}"
14eea8755f,cao,CAO_NGUYEN,GBPAUD,M5,hai_chieu|nhan|lui,2775,3000,0.925,1,hai_chieu,nhan,30,20,10,1.2,6,0.01,,"{""buoc"": 30, ""che_do"": ""hai_chieu"", ""cho_lui"": 6, ""he_so_lot"": 1.2, ""kieu_lot"": ""nhan"", ""lot"": 0.01, ""tp"": 20, ""tran_tang"": 10}"
1fd9943a28,cao,CAO_NGUYEN,GBPAUD,M5,mua|phang|lui,2826,3000,0.942,3,mua,phang,12,16,8,,6,0.01,,"{""buoc"": 12, ""che_do"": ""mua"", ""cho_lui"": 6, ""kieu_lot"": ""phang"", ""lot"": 0.01, ""tp"": 16, ""tran_tang"": 8}"
255ff5fc3d,cao,CAO_NGUYEN,GBPAUD,M5,mua|cong|lui,2769,3000,0.923,2,mua,cong,45,26,8,1.2,3,0.01,,"{""buoc"": 45, ""che_do"": ""mua"", ""cho_lui"": 3, ""he_so_lot"": 1.2, ""kieu_lot"": ""cong"", ""lot"": 0.01, ""tp"": 26, ""tran_tang"": 8}"
5e5f8bbb37,cao,CAO_NGUYEN,GBPAUD,M5,ban|nhan|lui,2913,3000,0.971,1,ban,nhan,24,26,15,1.2,10,0.01,,"{""buoc"": 24, ""che_do"": ""ban"", ""cho_lui"": 10, ""he_so_lot"": 1.2, ""kieu_lot"": ""nhan"", ""lot"": 0.01, ""tp"": 26, ""tran_tang"": 15}"
5e95820eae,cao,CAO_NGUYEN,GBPAUD,M5,ban|cong|lui,2826,3000,0.942,1,ban,cong,10,26,12,0.8,10,0.01,,"{""buoc"": 10, ""che_do"": ""ban"", ""cho_lui"": 10, ""he_so_lot"": 0.8, ""kieu_lot"": ""cong"", ""lot"": 0.01, ""tp"": 26, ""tran_tang"": 12}"
5f34c5c9b7,cao,CAO_NGUYEN,GBPAUD,M5,hai_chieu|cong|lui,2862,3000,0.954,1,hai_chieu,cong,80,13,12,0.3,6,0.01,,"{""buoc"": 80, ""che_do"": ""hai_chieu"", ""cho_lui"": 6, ""he_so_lot"": 0.3, ""kieu_lot"": ""cong"", ""lot"": 0.01, ""tp"": 13, ""tran_tang"": 12}"
694ed4ebea,cao,CAO_NGUYEN,GBPAUD,M5,hai_chieu|cong|lui,2853,3000,0.951,1,hai_chieu,cong,45,20,8,0.5,6,0.01,,"{""buoc"": 45, ""che_do"": ""hai_chieu"", ""cho_lui"": 6, ""he_so_lot"": 0.5, ""kieu_lot"": ""cong"", ""lot"": 0.01, ""tp"": 20, ""tran_tang"": 8}"
6cda02f6bd,cao,CAO_NGUYEN,GBPAUD,M5,ban|cong|lui,2793,3000,0.931,1,ban,cong,8,26,15,0.5,10,0.01,,"{""buoc"": 8, ""che_do"": ""ban"", ""cho_lui"": 10, ""he_so_lot"": 0.5, ""kieu_lot"": ""cong"", ""lot"": 0.01, ""tp"": 26, ""tran_tang"": 15}"
8da3c0e428,cao,CAO_NGUYEN,GBPAUD,M5,ban|phang|lui,2979,3000,0.993,2,ban,phang,16,16,6,,10,0.01,,"{""buoc"": 16, ""che_do"": ""ban"", ""cho_lui"": 10, ""kieu_lot"": ""phang"", ""lot"": 0.01, ""tp"": 16, ""tran_tang"": 6}"
b01bb3a068,cao,CAO_NGUYEN,GBPAUD,M5,hai_chieu|phang|lui,2913,3000,0.971,2,hai_chieu,phang,8,13,8,,6,0.01,,"{""buoc"": 8, ""che_do"": ""hai_chieu"", ""cho_lui"": 6, ""kieu_lot"": ""phang"", ""lot"": 0.01, ""tp"": 13, ""tran_tang"": 8}"
c9f0e66843,cao,CAO_NGUYEN,GBPAUD,M5,mua|cong|-,2769,3000,0.923,1,mua,cong,12,10,15,0.8,0,0.01,,"{""buoc"": 12, ""che_do"": ""mua"", ""cho_lui"": 0, ""he_so_lot"": 0.8, ""kieu_lot"": ""cong"", ""lot"": 0.01, ""tp"": 10, ""tran_tang"": 15}"
d0986ccf6e,cao,CAO_NGUYEN,GBPAUD,M5,mua|nhan|lui,2592,3000,0.864,1,mua,nhan,12,20,12,1.2,3,0.01,,"{""buoc"": 12, ""che_do"": ""mua"", ""cho_lui"": 3, ""he_so_lot"": 1.2, ""kieu_lot"": ""nhan"", ""lot"": 0.01, ""tp"": 20, ""tran_tang"": 12}"
ef897f3b0b,cao,CAO_NGUYEN,GBPAUD,M5,ban|cong|lui,2787,3000,0.929,1,ban,cong,30,34,10,1.2,10,0.01,,"{""buoc"": 30, ""che_do"": ""ban"", ""cho_lui"": 10, ""he_so_lot"": 1.2, ""kieu_lot"": ""cong"", ""lot"": 0.01, ""tp"": 34, ""tran_tang"": 10}"
02c880a711,cao,CAO_NGUYEN,NZDCAD,H1,ban|nhan|lui,2571,3000,0.857,1,ban,nhan,12,34,15,1.2,10,0.01,,"{""buoc"": 12, ""che_do"": ""ban"", ""cho_lui"": 10, ""he_so_lot"": 1.2, ""kieu_lot"": ""nhan"", ""lot"": 0.01, ""tp"": 34, ""tran_tang"": 15}"
053b5b5a20,cao,CAO_NGUYEN,NZDCAD,H1,mua|cong|lui,2244,3000,0.748,2,mua,cong,16,6,5,1.2,6,0.01,,"{""buoc"": 16, ""che_do"": ""mua"", ""cho_lui"": 6, ""he_so_lot"": 1.2, ""kieu_lot"": ""cong"", ""lot"": 0.01, ""tp"": 6, ""tran_tang"": 5}"
23437598b3,cao,CAO_NGUYEN,NZDCAD,H1,ban|cong|lui,3000,3000,1.0,1,ban,cong,10,34,15,1.2,10,0.01,,"{""buoc"": 10, ""che_do"": ""ban"", ""cho_lui"": 10, ""he_so_lot"": 1.2, ""kieu_lot"": ""cong"", ""lot"": 0.01, ""tp"": 34, ""tran_tang"": 15}"
31b6a88c43,cao,CAO_NGUYEN,NZDCAD,H1,hai_chieu|nhan|lui,2052,3000,0.684,1,hai_chieu,nhan,12,26,15,1.2,10,0.01,,"{""buoc"": 12, ""che_do"": ""hai_chieu"", ""cho_lui"": 10, ""he_so_lot"": 1.2, ""kieu_lot"": ""nhan"", ""lot"": 0.01, ""tp"": 26, ""tran_tang"": 15}"
3d4f2a9568,cao,CAO_NGUYEN,NZDCAD,H1,hai_chieu|phang|lui,2673,3000,0.891,3,hai_chieu,phang,8,13,15,,10,0.01,,"{""buoc"": 8, ""che_do"": ""hai_chieu"", ""cho_lui"": 10, ""kieu_lot"": ""phang"", ""lot"": 0.01, ""tp"": 13, ""tran_tang"": 15}"
4e6efb89b7,cao,CAO_NGUYEN,NZDCAD,H1,hai_chieu|cong|lui,2817,3000,0.939,1,hai_chieu,cong,10,26,15,0.8,10,0.01,,"{""buoc"": 10, ""che_do"": ""hai_chieu"", ""cho_lui"": 10, ""he_so_lot"": 0.8, ""kieu_lot"": ""cong"", ""lot"": 0.01, ""tp"": 26, ""tran_tang"": 15}"
5ec5f03721,cao,CAO_NGUYEN,NZDCAD,H1,hai_chieu|nhan|lui,2115,3000,0.705,1,hai_chieu,nhan,12,20,15,1.2,10,0.01,,"{""buoc"": 12, ""che_do"": ""hai_chieu"", ""cho_lui"": 10, ""he_so_lot"": 1.2, ""kieu_lot"": ""nhan"", ""lot"": 0.01, ""tp"": 20, ""tran_tang"": 15}"
717ebd732f,cao,CAO_NGUYEN,NZDCAD,H1,mua|phang|lui,1980,3000,0.66,1,mua,phang,10,8,6,,10,0.01,,"{""buoc"": 10, ""che_do"": ""mua"", ""cho_lui"": 10, ""kieu_lot"": ""phang"", ""lot"": 0.01, ""tp"": 8, ""tran_tang"": 6}"
7d5def6d15,cao,CAO_NGUYEN,NZDCAD,H1,ban|nhan|lui,3000,3000,1.0,1,ban,nhan,10,26,15,1.2,6,0.01,,"{""buoc"": 10, ""che_do"": ""ban"", ""cho_lui"": 6, ""he_so_lot"": 1.2, ""kieu_lot"": ""nhan"", ""lot"": 0.01, ""tp"": 26, ""tran_tang"": 15}"
8a0b9e3e3f,cao,CAO_NGUYEN,NZDCAD,H1,ban|cong|lui,2961,3000,0.987,1,ban,cong,10,34,15,0.5,10,0.01,,"{""buoc"": 10, ""che_do"": ""ban"", ""cho_lui"": 10, ""he_so_lot"": 0.5, ""kieu_lot"": ""cong"", ""lot"": 0.01, ""tp"": 34, ""tran_tang"": 15}"
8e3c36f40a,cao,CAO_NGUYEN,NZDCAD,H1,ban|cong|lui,2955,3000,0.985,1,ban,cong,8,26,15,1.2,6,0.01,,"{""buoc"": 8, ""che_do"": ""ban"", ""cho_lui"": 6, ""he_so_lot"": 1.2, ""kieu_lot"": ""cong"", ""lot"": 0.01, ""tp"": 26, ""tran_tang"": 15}"
cafa7b2589,cao,CAO_NGUYEN,NZDCAD,H1,hai_chieu|cong|lui,2811,3000,0.937,1,hai_chieu,cong,10,20,15,1.2,6,0.01,,"{""buoc"": 10, ""che_do"": ""hai_chieu"", ""cho_lui"": 6, ""he_so_lot"": 1.2, ""kieu_lot"": ""cong"", ""lot"": 0.01, ""tp"": 20, ""tran_tang"": 15}"
d89c5df869,cao,CAO_NGUYEN,NZDCAD,H1,hai_chieu|cong|-,2841,3000,0.947,1,hai_chieu,cong,16,34,10,1.2,0,0.01,,"{""buoc"": 16, ""che_do"": ""hai_chieu"", ""cho_lui"": 0, ""he_so_lot"": 1.2, ""kieu_lot"": ""cong"", ""lot"": 0.01, ""tp"": 34, ""tran_tang"": 10}"
da098aede4,cao,CAO_NGUYEN,NZDCAD,H1,mua|phang|lui,1983,3000,0.661,2,mua,phang,8,10,5,,10,0.01,,"{""buoc"": 8, ""che_do"": ""mua"", ""cho_lui"": 10, ""kieu_lot"": ""phang"", ""lot"": 0.01, ""tp"": 10, ""tran_tang"": 5}"
f1649b7f64,cao,CAO_NGUYEN,NZDCAD,H1,ban|phang|lui,2904,3000,0.968,3,ban,phang,10,20,15,,10,0.01,,"{""buoc"": 10, ""che_do"": ""ban"", ""cho_lui"": 10, ""kieu_lot"": ""phang"", ""lot"": 0.01, ""tp"": 20, ""tran_tang"": 15}"
fa89a4b58c,cao,CAO_NGUYEN,NZDCAD,H1,mua|cong|lui,2235,3000,0.745,1,mua,cong,8,10,8,0.8,3,0.01,,"{""buoc"": 8, ""che_do"": ""mua"", ""cho_lui"": 3, ""he_so_lot"": 0.8, ""kieu_lot"": ""cong"", ""lot"": 0.01, ""tp"": 10, ""tran_tang"": 8}"
0e46939732,cao,CAO_NGUYEN,NZDCAD,M15,hai_chieu|nhan|lui,1854,3000,0.618,1,hai_chieu,nhan,12,26,15,1.2,10,0.01,,"{""buoc"": 12, ""che_do"": ""hai_chieu"", ""cho_lui"": 10, ""he_so_lot"": 1.2, ""kieu_lot"": ""nhan"", ""lot"": 0.01, ""tp"": 26, ""tran_tang"": 15}"
3e7fc30158,cao,CAO_NGUYEN,NZDCAD,M15,mua|phang|lui,1875,3000,0.625,2,mua,phang,8,10,5,,10,0.01,,"{""buoc"": 8, ""che_do"": ""mua"", ""cho_lui"": 10, ""kieu_lot"": ""phang"", ""lot"": 0.01, ""tp"": 10, ""tran_tang"": 5}"
4db06229c2,cao,CAO_NGUYEN,NZDCAD,M15,hai_chieu|nhan|lui,1917,3000,0.639,1,hai_chieu,nhan,12,20,15,1.2,10,0.01,,"{""buoc"": 12, ""che_do"": ""hai_chieu"", ""cho_lui"": 10, ""he_so_lot"": 1.2, ""kieu_lot"": ""nhan"", ""lot"": 0.01, ""tp"": 20, ""tran_tang"": 15}"
4eb4d89aa8,cao,CAO_NGUYEN,NZDCAD,M15,ban|phang|lui,2781,3000,0.927,3,ban,phang,10,20,15,,10,0.01,,"{""buoc"": 10, ""che_do"": ""ban"", ""cho_lui"": 10, ""kieu_lot"": ""phang"", ""lot"": 0.01, ""tp"": 20, ""tran_tang"": 15}"
58f4b06681,cao,CAO_NGUYEN,NZDCAD,M15,ban|nhan|lui,2463,3000,0.821,1,ban,nhan,12,34,15,1.2,10,0.01,,"{""buoc"": 12, ""che_do"": ""ban"", ""cho_lui"": 10, ""he_so_lot"": 1.2, ""kieu_lot"": ""nhan"", ""lot"": 0.01, ""tp"": 34, ""tran_tang"": 15}"
5f993f5b3f,cao,CAO_NGUYEN,NZDCAD,M15,ban|cong|lui,2895,3000,0.965,1,ban,cong,10,34,15,0.5,10,0.01,,"{""buoc"": 10, ""che_do"": ""ban"", ""cho_lui"": 10, ""he_so_lot"": 0.5, ""kieu_lot"": ""cong"", ""lot"": 0.01, ""tp"": 34, ""tran_tang"": 15}"
6acbbe110e,cao,CAO_NGUYEN,NZDCAD,M15,ban|nhan|lui,2415,3000,0.805,1,ban,nhan,10,26,15,1.2,6,0.01,,"{""buoc"": 10, ""che_do"": ""ban"", ""cho_lui"": 6, ""he_so_lot"": 1.2, ""kieu_lot"": ""nhan"", ""lot"": 0.01, ""tp"": 26, ""tran_tang"": 15}"
6ca847cfd4,cao,CAO_NGUYEN,NZDCAD,M15,ban|cong|lui,2874,3000,0.958,1,ban,cong,10,34,15,1.2,10,0.01,,"{""buoc"": 10, ""che_do"": ""ban"", ""cho_lui"": 10, ""he_so_lot"": 1.2, ""kieu_lot"": ""cong"", ""lot"": 0.01, ""tp"": 34, ""tran_tang"": 15}"
6d31cabb4d,cao,CAO_NGUYEN,NZDCAD,M15,mua|phang|lui,1869,3000,0.623,1,mua,phang,10,8,5,,6,0.01,,"{""buoc"": 10, ""che_do"": ""mua"", ""cho_lui"": 6, ""kieu_lot"": ""phang"", ""lot"": 0.01, ""tp"": 8, ""tran_tang"": 5}"
744c0ec634,cao,CAO_NGUYEN,NZDCAD,M15,hai_chieu|cong|lui,2694,3000,0.898,1,hai_chieu,cong,10,26,15,0.8,10,0.01,,"{""buoc"": 10, ""che_do"": ""hai_chieu"", ""cho_lui"": 10, ""he_so_lot"": 0.8, ""kieu_lot"": ""cong"", ""lot"": 0.01, ""tp"": 26, ""tran_tang"": 15}"
82c7eaf9ff,cao,CAO_NGUYEN,NZDCAD,M15,hai_chieu|cong|lui,2715,3000,0.905,1,hai_chieu,cong,10,20,15,1.2,3,0.01,,"{""buoc"": 10, ""che_do"": ""hai_chieu"", ""cho_lui"": 3, ""he_so_lot"": 1.2, ""kieu_lot"": ""cong"", ""lot"": 0.01, ""tp"": 20, ""tran_tang"": 15}"
9edc6b3937,cao,CAO_NGUYEN,NZDCAD,M15,hai_chieu|phang|lui,2502,3000,0.834,3,hai_chieu,phang,8,13,15,,10,0.01,,"{""buoc"": 8, ""che_do"": ""hai_chieu"", ""cho_lui"": 10, ""kieu_lot"": ""phang"", ""lot"": 0.01, ""tp"": 13, ""tran_tang"": 15}"
a8dbfd2e6a,cao,CAO_NGUYEN,NZDCAD,M15,mua|cong|lui,2115,3000,0.705,1,mua,cong,30,20,12,0.8,6,0.01,,"{""buoc"": 30, ""che_do"": ""mua"", ""cho_lui"": 6, ""he_so_lot"": 0.8, ""kieu_lot"": ""cong"", ""lot"": 0.01, ""tp"": 20, ""tran_tang"": 12}"
cf9a6125be,cao,CAO_NGUYEN,NZDCAD,M15,ban|cong|lui,2880,3000,0.96,1,ban,cong,8,26,15,1.2,6,0.01,,"{""buoc"": 8, ""che_do"": ""ban"", ""cho_lui"": 6, ""he_so_lot"": 1.2, ""kieu_lot"": ""cong"", ""lot"": 0.01, ""tp"": 26, ""tran_tang"": 15}"
ed7f239ba4,cao,CAO_NGUYEN,NZDCAD,M15,mua|cong|lui,2154,3000,0.718,1,mua,cong,12,10,5,1.2,10,0.01,,"{""buoc"": 12, ""che_do"": ""mua"", ""cho_lui"": 10, ""he_so_lot"": 1.2, ""kieu_lot"": ""cong"", ""lot"": 0.01, ""tp"": 10, ""tran_tang"": 5}"
f11f08b6f9,cao,CAO_NGUYEN,NZDCAD,M15,hai_chieu|cong|lui,2676,3000,0.892,1,hai_chieu,cong,10,20,15,1.2,6,0.01,,"{""buoc"": 10, ""che_do"": ""hai_chieu"", ""cho_lui"": 6, ""he_so_lot"": 1.2, ""kieu_lot"": ""cong"", ""lot"": 0.01, ""tp"": 20, ""tran_tang"": 15}"
fb02f73282,cao,CAO_NGUYEN,NZDCAD,M15,mua|cong|lui,2124,3000,0.708,1,mua,cong,10,8,5,0.3,10,0.01,,"{""buoc"": 10, ""che_do"": ""mua"", ""cho_lui"": 10, ""he_so_lot"": 0.3, ""kieu_lot"": ""cong"", ""lot"": 0.01, ""tp"": 8, ""tran_tang"": 5}"
088c801e95,cao,CAO_NGUYEN,NZDCAD,M30,hai_chieu|cong|lui,2736,3000,0.912,1,hai_chieu,cong,10,26,15,0.8,10,0.01,,"{""buoc"": 10, ""che_do"": ""hai_chieu"", ""cho_lui"": 10, ""he_so_lot"": 0.8, ""kieu_lot"": ""cong"", ""lot"": 0.01, ""tp"": 26, ""tran_tang"": 15}"
27ab8db045,cao,CAO_NGUYEN,NZDCAD,M30,mua|cong|lui,2193,3000,0.731,1,mua,cong,16,8,4,0.8,6,0.01,,"{""buoc"": 16, ""che_do"": ""mua"", ""cho_lui"": 6, ""he_so_lot"": 0.8, ""kieu_lot"": ""cong"", ""lot"": 0.01, ""tp"": 8, ""tran_tang"": 4}"
34eb3c1d63,cao,CAO_NGUYEN,NZDCAD,M30,ban|phang|-,52,72,0.7222,1,ban,phang,16,16,10,,,0.01,,"{""buoc"": 16, ""che_do"": ""ban"", ""kieu_lot"": ""phang"", ""lot"": 0.01, ""tp"": 16, ""tran_tang"": 10}"
360fac79c3,cao,CAO_NGUYEN,NZDCAD,M30,ban|phang|lui,2835,3000,0.945,3,ban,phang,10,20,15,,10,0.01,,"{""buoc"": 10, ""che_do"": ""ban"", ""cho_lui"": 10, ""kieu_lot"": ""phang"", ""lot"": 0.01, ""tp"": 20, ""tran_tang"": 15}"
6026dbc53c,cao,CAO_NGUYEN,NZDCAD,M30,hai_chieu|cong|-,2763,3000,0.921,1,hai_chieu,cong,16,34,10,1.2,0,0.01,,"{""buoc"": 16, ""che_do"": ""hai_chieu"", ""cho_lui"": 0, ""he_so_lot"": 1.2, ""kieu_lot"": ""cong"", ""lot"": 0.01, ""tp"": 34, ""tran_tang"": 10}"
6412f90859,cao,CAO_NGUYEN,NZDCAD,M30,ban|nhan|lui,2460,3000,0.82,1,ban,nhan,10,26,15,1.2,6,0.01,,"{""buoc"": 10, ""che_do"": ""ban"", ""cho_lui"": 6, ""he_so_lot"": 1.2, ""kieu_lot"": ""nhan"", ""lot"": 0.01, ""tp"": 26, ""tran_tang"": 15}"
68bf56c429,cao,CAO_NGUYEN,NZDCAD,M30,ban|cong|lui,2910,3000,0.97,1,ban,cong,8,26,15,1.2,6,0.01,,"{""buoc"": 8, ""che_do"": ""ban"", ""cho_lui"": 6, ""he_so_lot"": 1.2, ""kieu_lot"": ""cong"", ""lot"": 0.01, ""tp"": 26, ""tran_tang"": 15}"
6aae7a8b4d,cao,CAO_NGUYEN,NZDCAD,M30,ban|nhan|lui,2499,3000,0.833,1,ban,nhan,12,34,15,1.2,10,0.01,,"{""buoc"": 12, ""che_do"": ""ban"", ""cho_lui"": 10, ""he_so_lot"": 1.2, ""kieu_lot"": ""nhan"", ""lot"": 0.01, ""tp"": 34, ""tran_tang"": 15}"
93f1cf0ac3,cao,CAO_NGUYEN,NZDCAD,M30,hai_chieu|nhan|lui,1980,3000,0.66,1,hai_chieu,nhan,12,20,15,1.2,10,0.01,,"{""buoc"": 12, ""che_do"": ""hai_chieu"", ""cho_lui"": 10, ""he_so_lot"": 1.2, ""kieu_lot"": ""nhan"", ""lot"": 0.01, ""tp"": 20, ""tran_tang"": 15}"
9c9a828e8e,cao,CAO_NGUYEN,NZDCAD,M30,hai_chieu|nhan|lui,1923,3000,0.641,1,hai_chieu,nhan,12,26,15,1.2,10,0.01,,"{""buoc"": 12, ""che_do"": ""hai_chieu"", ""cho_lui"": 10, ""he_so_lot"": 1.2, ""kieu_lot"": ""nhan"", ""lot"": 0.01, ""tp"": 26, ""tran_tang"": 15}"
b9cd5edd1c,cao,CAO_NGUYEN,NZDCAD,M30,mua|cong|lui,2193,3000,0.731,1,mua,cong,12,10,5,1.2,10,0.01,,"{""buoc"": 12, ""che_do"": ""mua"", ""cho_lui"": 10, ""he_so_lot"": 1.2, ""kieu_lot"": ""cong"", ""lot"": 0.01, ""tp"": 10, ""tran_tang"": 5}"
cd947e6cf2,cao,CAO_NGUYEN,NZDCAD,M30,mua|phang|lui,1929,3000,0.643,2,mua,phang,10,8,6,,10,0.01,,"{""buoc"": 10, ""che_do"": ""mua"", ""cho_lui"": 10, ""kieu_lot"": ""phang"", ""lot"": 0.01, ""tp"": 8, ""tran_tang"": 6}"
d0a6b1fc23,cao,CAO_NGUYEN,NZDCAD,M30,hai_chieu|cong|lui,2724,3000,0.908,1,hai_chieu,cong,10,20,15,1.2,6,0.01,,"{""buoc"": 10, ""che_do"": ""hai_chieu"", ""cho_lui"": 6, ""he_so_lot"": 1.2, ""kieu_lot"": ""cong"", ""lot"": 0.01, ""tp"": 20, ""tran_tang"": 15}"
d89e8a6bc3,cao,CAO_NGUYEN,NZDCAD,M30,ban|cong|lui,2901,3000,0.967,1,ban,cong,10,34,15,1.2,10,0.01,,"{""buoc"": 10, ""che_do"": ""ban"", ""cho_lui"": 10, ""he_so_lot"": 1.2, ""kieu_lot"": ""cong"", ""lot"": 0.01, ""tp"": 34, ""tran_tang"": 15}"
e7921dd445,cao,CAO_NGUYEN,NZDCAD,M30,mua|phang|lui,1908,3000,0.636,1,mua,phang,10,8,7,,10,0.01,,"{""buoc"": 10, ""che_do"": ""mua"", ""cho_lui"": 10, ""kieu_lot"": ""phang"", ""lot"": 0.01, ""tp"": 8, ""tran_tang"": 7}"
ec13927ef6,cao,CAO_NGUYEN,NZDCAD,M30,ban|cong|lui,2919,3000,0.973,1,ban,cong,10,34,15,0.5,10,0.01,,"{""buoc"": 10, ""che_do"": ""ban"", ""cho_lui"": 10, ""he_so_lot"": 0.5, ""kieu_lot"": ""cong"", ""lot"": 0.01, ""tp"": 34, ""tran_tang"": 15}"
fdd1b38875,cao,CAO_NGUYEN,NZDCAD,M30,hai_chieu|phang|lui,2559,3000,0.853,3,hai_chieu,phang,8,13,15,,10,0.01,,"{""buoc"": 8, ""che_do"": ""hai_chieu"", ""cho_lui"": 10, ""kieu_lot"": ""phang"", ""lot"": 0.01, ""tp"": 13, ""tran_tang"": 15}"
058e3163e8,cao,CAO_NGUYEN,NZDCAD,M5,hai_chieu|cong|lui,2775,3000,0.925,1,hai_chieu,cong,30,34,10,1.2,6,0.01,,"{""buoc"": 30, ""che_do"": ""hai_chieu"", ""cho_lui"": 6, ""he_so_lot"": 1.2, ""kieu_lot"": ""cong"", ""lot"": 0.01, ""tp"": 34, ""tran_tang"": 10}"
077c8134ae,cao,CAO_NGUYEN,NZDCAD,M5,ban|phang|lui,2916,3000,0.972,3,ban,phang,45,60,12,,10,0.01,,"{""buoc"": 45, ""che_do"": ""ban"", ""cho_lui"": 10, ""kieu_lot"": ""phang"", ""lot"": 0.01, ""tp"": 60, ""tran_tang"": 12}"
0e0a3f7800,cao,CAO_NGUYEN,NZDCAD,M5,hai_chieu|phang|lui,2649,3000,0.883,1,hai_chieu,phang,20,26,12,,10,0.01,,"{""buoc"": 20, ""che_do"": ""hai_chieu"", ""cho_lui"": 10, ""kieu_lot"": ""phang"", ""lot"": 0.01, ""tp"": 26, ""tran_tang"": 12}"
2448b6364a,cao,CAO_NGUYEN,NZDCAD,M5,ban|nhan|lui,2835,3000,0.945,1,ban,nhan,10,45,15,1.2,10,0.01,,"{""buoc"": 10, ""che_do"": ""ban"", ""cho_lui"": 10, ""he_so_lot"": 1.2, ""kieu_lot"": ""nhan"", ""lot"": 0.01, ""tp"": 45, ""tran_tang"": 15}"
3c85b51773,cao,CAO_NGUYEN,NZDCAD,M5,ban|cong|lui,2952,3000,0.984,1,ban,cong,24,34,15,0.8,6,0.01,,"{""buoc"": 24, ""che_do"": ""ban"", ""cho_lui"": 6, ""he_so_lot"": 0.8, ""kieu_lot"": ""cong"", ""lot"": 0.01, ""tp"": 34, ""tran_tang"": 15}"
63d7572846,cao,CAO_NGUYEN,NZDCAD,M5,hai_chieu|nhan|lui,2142,3000,0.714,1,hai_chieu,nhan,30,20,15,1.2,3,0.01,,"{""buoc"": 30, ""che_do"": ""hai_chieu"", ""cho_lui"": 3, ""he_so_lot"": 1.2, ""kieu_lot"": ""nhan"", ""lot"": 0.01, ""tp"": 20, ""tran_tang"": 15}"
787b26d604,cao,CAO_NGUYEN,NZDCAD,M5,hai_chieu|cong|lui,2760,3000,0.92,1,hai_chieu,cong,45,45,15,0.8,10,0.01,,"{""buoc"": 45, ""che_do"": ""hai_chieu"", ""cho_lui"": 10, ""he_so_lot"": 0.8, ""kieu_lot"": ""cong"", ""lot"": 0.01, ""tp"": 45, ""tran_tang"": 15}"
81c196f60d,cao,CAO_NGUYEN,NZDCAD,M5,ban|cong|lui,2955,3000,0.985,1,ban,cong,16,34,12,0.5,6,0.01,,"{""buoc"": 16, ""che_do"": ""ban"", ""cho_lui"": 6, ""he_so_lot"": 0.5, ""kieu_lot"": ""cong"", ""lot"": 0.01, ""tp"": 34, ""tran_tang"": 12}"
8669337f6d,cao,CAO_NGUYEN,NZDCAD,M5,ban|nhan|lui,2832,3000,0.944,1,ban,nhan,24,34,10,1.2,6,0.01,,"{""buoc"": 24, ""che_do"": ""ban"", ""cho_lui"": 6, ""he_so_lot"": 1.2, ""kieu_lot"": ""nhan"", ""lot"": 0.01, ""tp"": 34, ""tran_tang"": 10}"
c377d44046,cao,CAO_NGUYEN,NZDCAD,M5,hai_chieu|cong|lui,2769,3000,0.923,1,hai_chieu,cong,16,45,12,1.2,10,0.01,,"{""buoc"": 16, ""che_do"": ""hai_chieu"", ""cho_lui"": 10, ""he_so_lot"": 1.2, ""kieu_lot"": ""cong"", ""lot"": 0.01, ""tp"": 45, ""tran_tang"": 12}"
cac67be233,cao,CAO_NGUYEN,NZDCAD,M5,ban|cong|lui,2964,3000,0.988,1,ban,cong,12,45,15,1.2,10,0.01,,"{""buoc"": 12, ""che_do"": ""ban"", ""cho_lui"": 10, ""he_so_lot"": 1.2, ""kieu_lot"": ""cong"", ""lot"": 0.01, ""tp"": 45, ""tran_tang"": 15}"
eb28e3c148,cao,CAO_NGUYEN,NZDCAD,M5,hai_chieu|nhan|lui,2136,3000,0.712,1,hai_chieu,nhan,20,26,10,1.2,10,0.01,,"{""buoc"": 20, ""che_do"": ""hai_chieu"", ""cho_lui"": 10, ""he_so_lot"": 1.2, ""kieu_lot"": ""nhan"", ""lot"": 0.01, ""tp"": 26, ""tran_tang"": 10}"
f1f2309a83,cao,CAO_NGUYEN,NZDCAD,M5,hai_chieu|phang|lui,2634,3000,0.878,2,hai_chieu,phang,20,26,15,,10,0.01,,"{""buoc"": 20, ""che_do"": ""hai_chieu"", ""cho_lui"": 10, ""kieu_lot"": ""phang"", ""lot"": 0.01, ""tp"": 26, ""tran_tang"": 15}"
07596afc55,cao,CAO_NGUYEN,USDCAD,H1,mua|phang|-,24,24,1.0,1,mua,phang,10,8,9,,,0.01,,"{""buoc"": 10, ""che_do"": ""mua"", ""kieu_lot"": ""phang"", ""lot"": 0.01, ""tp"": 8, ""tran_tang"": 9}"
36157d3ff2,cao,CAO_NGUYEN,USDCAD,H1,hai_chieu|phang|-,3000,3000,1.0,2,hai_chieu,phang,8,8,15,,0,0.01,,"{""buoc"": 8, ""che_do"": ""hai_chieu"", ""cho_lui"": 0, ""kieu_lot"": ""phang"", ""lot"": 0.01, ""tp"": 8, ""tran_tang"": 15}"
3b35a96185,cao,CAO_NGUYEN,USDCAD,H1,hai_chieu|phang|-,2997,3000,0.999,1,hai_chieu,phang,8,6,15,,0,0.01,,"{""buoc"": 8, ""che_do"": ""hai_chieu"", ""cho_lui"": 0, ""kieu_lot"": ""phang"", ""lot"": 0.01, ""tp"": 6, ""tran_tang"": 15}"
3c354f3981,cao,CAO_NGUYEN,USDCAD,H1,hai_chieu|cong|-,2304,3000,0.768,1,hai_chieu,cong,12,10,15,1.2,0,0.01,,"{""buoc"": 12, ""che_do"": ""hai_chieu"", ""cho_lui"": 0, ""he_so_lot"": 1.2, ""kieu_lot"": ""cong"", ""lot"": 0.01, ""tp"": 10, ""tran_tang"": 15}"
4a42efef99,cao,CAO_NGUYEN,USDCAD,H1,mua|cong|-,2172,3000,0.724,1,mua,cong,10,8,15,0.8,0,0.01,,"{""buoc"": 10, ""che_do"": ""mua"", ""cho_lui"": 0, ""he_so_lot"": 0.8, ""kieu_lot"": ""cong"", ""lot"": 0.01, ""tp"": 8, ""tran_tang"": 15}"
502ac0473c,cao,CAO_NGUYEN,USDCAD,H1,hai_chieu|nhan|-,2919,3000,0.973,2,hai_chieu,nhan,8,8,15,1.2,0,0.01,,"{""buoc"": 8, ""che_do"": ""hai_chieu"", ""cho_lui"": 0, ""he_so_lot"": 1.2, ""kieu_lot"": ""nhan"", ""lot"": 0.01, ""tp"": 8, ""tran_tang"": 15}"
a2fa3408fd,cao,CAO_NGUYEN,USDCAD,H1,mua|cong|-,2259,3000,0.753,1,mua,cong,12,10,15,1.2,0,0.01,,"{""buoc"": 12, ""che_do"": ""mua"", ""cho_lui"": 0, ""he_so_lot"": 1.2, ""kieu_lot"": ""cong"", ""lot"": 0.01, ""tp"": 10, ""tran_tang"": 15}"
ac89bd7569,cao,CAO_NGUYEN,USDCAD,H1,mua|nhan|-,2904,3000,0.968,2,mua,nhan,8,8,15,1.2,0,0.01,,"{""buoc"": 8, ""che_do"": ""mua"", ""cho_lui"": 0, ""he_so_lot"": 1.2, ""kieu_lot"": ""nhan"", ""lot"": 0.01, ""tp"": 8, ""tran_tang"": 15}"
b3959164f9,cao,CAO_NGUYEN,USDCAD,H1,mua|phang|lui,3000,3000,1.0,3,mua,phang,8,10,15,,3,0.01,,"{""buoc"": 8, ""che_do"": ""mua"", ""cho_lui"": 3, ""kieu_lot"": ""phang"", ""lot"": 0.01, ""tp"": 10, ""tran_tang"": 15}"
e22935ac20,cao,CAO_NGUYEN,USDCAD,H1,mua|cong|-,2256,3000,0.752,1,mua,cong,12,8,15,1.2,0,0.01,,"{""buoc"": 12, ""che_do"": ""mua"", ""cho_lui"": 0, ""he_so_lot"": 1.2, ""kieu_lot"": ""cong"", ""lot"": 0.01, ""tp"": 8, ""tran_tang"": 15}"
ee6b7be4fd,cao,CAO_NGUYEN,USDCAD,H1,hai_chieu|cong|-,2334,3000,0.778,1,hai_chieu,cong,12,8,15,1.2,0,0.01,,"{""buoc"": 12, ""che_do"": ""hai_chieu"", ""cho_lui"": 0, ""he_so_lot"": 1.2, ""kieu_lot"": ""cong"", ""lot"": 0.01, ""tp"": 8, ""tran_tang"": 15}"
f54db66292,cao,CAO_NGUYEN,USDCAD,H1,hai_chieu|cong|-,2250,3000,0.75,1,hai_chieu,cong,8,10,15,1.2,0,0.01,,"{""buoc"": 8, ""che_do"": ""hai_chieu"", ""cho_lui"": 0, ""he_so_lot"": 1.2, ""kieu_lot"": ""cong"", ""lot"": 0.01, ""tp"": 10, ""tran_tang"": 15}"
012b287f5e,cao,CAO_NGUYEN,USDCAD,M15,mua|cong|-,2097,3000,0.699,1,mua,cong,8,6,12,1.2,0,0.01,,"{""buoc"": 8, ""che_do"": ""mua"", ""cho_lui"": 0, ""he_so_lot"": 1.2, ""kieu_lot"": ""cong"", ""lot"": 0.01, ""tp"": 6, ""tran_tang"": 12}"
0231deaac4,cao,CAO_NGUYEN,USDCAD,M15,mua|cong|-,2097,3000,0.699,2,mua,cong,10,6,15,1.2,0,0.01,,"{""buoc"": 10, ""che_do"": ""mua"", ""cho_lui"": 0, ""he_so_lot"": 1.2, ""kieu_lot"": ""cong"", ""lot"": 0.01, ""tp"": 6, ""tran_tang"": 15}"
1003dfe920,cao,CAO_NGUYEN,USDCAD,M15,hai_chieu|nhan|-,2889,3000,0.963,2,hai_chieu,nhan,8,8,15,1.2,0,0.01,,"{""buoc"": 8, ""che_do"": ""hai_chieu"", ""cho_lui"": 0, ""he_so_lot"": 1.2, ""kieu_lot"": ""nhan"", ""lot"": 0.01, ""tp"": 8, ""tran_tang"": 15}"
124adaa710,cao,CAO_NGUYEN,USDCAD,M15,hai_chieu|phang|-,72,72,1.0,1,hai_chieu,phang,8,6,8,,,0.01,,"{""buoc"": 8, ""che_do"": ""hai_chieu"", ""kieu_lot"": ""phang"", ""lot"": 0.01, ""tp"": 6, ""tran_tang"": 8}"
14f0cdac43,cao,CAO_NGUYEN,USDCAD,M15,mua|nhan|lui,2874,3000,0.958,1,mua,nhan,12,8,7,1.2,3,0.01,,"{""buoc"": 12, ""che_do"": ""mua"", ""cho_lui"": 3, ""he_so_lot"": 1.2, ""kieu_lot"": ""nhan"", ""lot"": 0.01, ""tp"": 8, ""tran_tang"": 7}"
3ed39ba8e6,cao,CAO_NGUYEN,USDCAD,M15,hai_chieu|cong|-,2145,3000,0.715,2,hai_chieu,cong,10,6,15,1.2,0,0.01,,"{""buoc"": 10, ""che_do"": ""hai_chieu"", ""cho_lui"": 0, ""he_so_lot"": 1.2, ""kieu_lot"": ""cong"", ""lot"": 0.01, ""tp"": 6, ""tran_tang"": 15}"
5119a4b2c2,cao,CAO_NGUYEN,USDCAD,M15,mua|phang|lui,3000,3000,1.0,2,mua,phang,8,8,7,,6,0.01,,"{""buoc"": 8, ""che_do"": ""mua"", ""cho_lui"": 6, ""kieu_lot"": ""phang"", ""lot"": 0.01, ""tp"": 8, ""tran_tang"": 7}"
58942de87b,cao,CAO_NGUYEN,USDCAD,M15,hai_chieu|cong|-,2154,3000,0.718,1,hai_chieu,cong,12,6,8,1.2,0,0.01,,"{""buoc"": 12, ""che_do"": ""hai_chieu"", ""cho_lui"": 0, ""he_so_lot"": 1.2, ""kieu_lot"": ""cong"", ""lot"": 0.01, ""tp"": 6, ""tran_tang"": 8}"
d566e94ed4,cao,CAO_NGUYEN,USDCAD,M15,hai_chieu|phang|lui,2991,3000,0.997,3,hai_chieu,phang,8,6,8,,3,0.01,,"{""buoc"": 8, ""che_do"": ""hai_chieu"", ""cho_lui"": 3, ""kieu_lot"": ""phang"", ""lot"": 0.01, ""tp"": 6, ""tran_tang"": 8}"
ebd7939281,cao,CAO_NGUYEN,USDCAD,M15,mua|nhan|lui,2871,3000,0.957,1,mua,nhan,8,6,6,1.2,3,0.01,,"{""buoc"": 8, ""che_do"": ""mua"", ""cho_lui"": 3, ""he_so_lot"": 1.2, ""kieu_lot"": ""nhan"", ""lot"": 0.01, ""tp"": 6, ""tran_tang"": 6}"
ff6538fa43,cao,CAO_NGUYEN,USDCAD,M15,mua|phang|lui,3000,3000,1.0,1,mua,phang,8,8,8,,6,0.01,,"{""buoc"": 8, ""che_do"": ""mua"", ""cho_lui"": 6, ""kieu_lot"": ""phang"", ""lot"": 0.01, ""tp"": 8, ""tran_tang"": 8}"
0bd8310f0d,cao,CAO_NGUYEN,USDCAD,M30,mua|phang|-,24,24,1.0,1,mua,phang,15,8,9,,,0.01,,"{""buoc"": 15, ""che_do"": ""mua"", ""kieu_lot"": ""phang"", ""lot"": 0.01, ""tp"": 8, ""tran_tang"": 9}"
1a303c9ef8,cao,CAO_NGUYEN,USDCAD,M30,hai_chieu|phang|lui,2988,3000,0.996,1,hai_chieu,phang,8,6,7,,3,0.01,,"{""buoc"": 8, ""che_do"": ""hai_chieu"", ""cho_lui"": 3, ""kieu_lot"": ""phang"", ""lot"": 0.01, ""tp"": 6, ""tran_tang"": 7}"
34be7362bc,cao,CAO_NGUYEN,USDCAD,M30,mua|phang|lui,3000,3000,1.0,3,mua,phang,10,8,12,,3,0.01,,"{""buoc"": 10, ""che_do"": ""mua"", ""cho_lui"": 3, ""kieu_lot"": ""phang"", ""lot"": 0.01, ""tp"": 8, ""tran_tang"": 12}"
4c8c9a0d83,cao,CAO_NGUYEN,USDCAD,M30,mua|nhan|-,2889,3000,0.963,2,mua,nhan,8,8,15,1.2,0,0.01,,"{""buoc"": 8, ""che_do"": ""mua"", ""cho_lui"": 0, ""he_so_lot"": 1.2, ""kieu_lot"": ""nhan"", ""lot"": 0.01, ""tp"": 8, ""tran_tang"": 15}"
5f1f90f072,cao,CAO_NGUYEN,USDCAD,M30,hai_chieu|cong|-,2262,3000,0.754,1,hai_chieu,cong,8,6,12,1.2,0,0.01,,"{""buoc"": 8, ""che_do"": ""hai_chieu"", ""cho_lui"": 0, ""he_so_lot"": 1.2, ""kieu_lot"": ""cong"", ""lot"": 0.01, ""tp"": 6, ""tran_tang"": 12}"
67e519328b,cao,CAO_NGUYEN,USDCAD,M30,hai_chieu|nhan|-,2904,3000,0.968,1,hai_chieu,nhan,12,8,15,1.2,0,0.01,,"{""buoc"": 12, ""che_do"": ""hai_chieu"", ""cho_lui"": 0, ""he_so_lot"": 1.2, ""kieu_lot"": ""nhan"", ""lot"": 0.01, ""tp"": 8, ""tran_tang"": 15}"
979426abae,cao,CAO_NGUYEN,USDCAD,M30,hai_chieu|cong|-,2181,3000,0.727,1,hai_chieu,cong,10,6,15,1.2,0,0.01,,"{""buoc"": 10, ""che_do"": ""hai_chieu"", ""cho_lui"": 0, ""he_so_lot"": 1.2, ""kieu_lot"": ""cong"", ""lot"": 0.01, ""tp"": 6, ""tran_tang"": 15}"
c045fc9a2f,cao,CAO_NGUYEN,USDCAD,M30,hai_chieu|cong|-,2286,3000,0.762,1,hai_chieu,cong,12,8,15,1.2,0,0.01,,"{""buoc"": 12, ""che_do"": ""hai_chieu"", ""cho_lui"": 0, ""he_so_lot"": 1.2, ""kieu_lot"": ""cong"", ""lot"": 0.01, ""tp"": 8, ""tran_tang"": 15}"
cd87111ef7,cao,CAO_NGUYEN,USDCAD,M30,hai_chieu|nhan|-,2886,3000,0.962,1,hai_chieu,nhan,8,8,15,1.2,0,0.01,,"{""buoc"": 8, ""che_do"": ""hai_chieu"", ""cho_lui"": 0, ""he_so_lot"": 1.2, ""kieu_lot"": ""nhan"", ""lot"": 0.01, ""tp"": 8, ""tran_tang"": 15}"
d0e3c075b4,cao,CAO_NGUYEN,USDCAD,M30,mua|cong|-,2181,3000,0.727,1,mua,cong,8,6,12,1.2,0,0.01,,"{""buoc"": 8, ""che_do"": ""mua"", ""cho_lui"": 0, ""he_so_lot"": 1.2, ""kieu_lot"": ""cong"", ""lot"": 0.01, ""tp"": 6, ""tran_tang"": 12}"
e87e0ba4e3,cao,CAO_NGUYEN,USDCAD,M30,hai_chieu|phang|-,2991,3000,0.997,2,hai_chieu,phang,8,6,15,,0,0.01,,"{""buoc"": 8, ""che_do"": ""hai_chieu"", ""cho_lui"": 0, ""kieu_lot"": ""phang"", ""lot"": 0.01, ""tp"": 6, ""tran_tang"": 15}"
ecabf237e3,cao,CAO_NGUYEN,USDCAD,M30,hai_chieu|phang|-,72,72,1.0,1,hai_chieu,phang,8,6,8,,,0.01,,"{""buoc"": 8, ""che_do"": ""hai_chieu"", ""kieu_lot"": ""phang"", ""lot"": 0.01, ""tp"": 6, ""tran_tang"": 8}"
fa40154505,cao,CAO_NGUYEN,USDCAD,M30,mua|cong|-,2202,3000,0.734,2,mua,cong,10,6,15,1.2,0,0.01,,"{""buoc"": 10, ""che_do"": ""mua"", ""cho_lui"": 0, ""he_so_lot"": 1.2, ""kieu_lot"": ""cong"", ""lot"": 0.01, ""tp"": 6, ""tran_tang"": 15}"
df2d40d99f,cao,CAO_NGUYEN,USDCAD,M5,mua|phang|lui,3000,3000,1.0,1,mua,phang,8,8,5,,10,0.01,,"{""buoc"": 8, ""che_do"": ""mua"", ""cho_lui"": 10, ""kieu_lot"": ""phang"", ""lot"": 0.01, ""tp"": 8, ""tran_tang"": 5}"
0d5a64452e,cao,CAO_NGUYEN,USDCHF,H1,hai_chieu|nhan|-,2757,3000,0.919,1,hai_chieu,nhan,8,13,15,1.2,0,0.01,,"{""buoc"": 8, ""che_do"": ""hai_chieu"", ""cho_lui"": 0, ""he_so_lot"": 1.2, ""kieu_lot"": ""nhan"", ""lot"": 0.01, ""tp"": 13, ""tran_tang"": 15}"
257bc1e7fc,cao,CAO_NGUYEN,USDCHF,H1,mua|nhan|-,2892,3000,0.964,1,mua,nhan,8,13,15,1.2,0,0.01,,"{""buoc"": 8, ""che_do"": ""mua"", ""cho_lui"": 0, ""he_so_lot"": 1.2, ""kieu_lot"": ""nhan"", ""lot"": 0.01, ""tp"": 13, ""tran_tang"": 15}"
3fa7f26ecf,cao,CAO_NGUYEN,USDCHF,H1,hai_chieu|phang|-,2958,3000,0.986,3,hai_chieu,phang,10,8,15,,0,0.01,,"{""buoc"": 10, ""che_do"": ""hai_chieu"", ""cho_lui"": 0, ""kieu_lot"": ""phang"", ""lot"": 0.01, ""tp"": 8, ""tran_tang"": 15}"
5f1fd7a58c,cao,CAO_NGUYEN,USDCHF,H1,mua|nhan|-,2889,3000,0.963,1,mua,nhan,8,8,15,1.2,0,0.01,,"{""buoc"": 8, ""che_do"": ""mua"", ""cho_lui"": 0, ""he_so_lot"": 1.2, ""kieu_lot"": ""nhan"", ""lot"": 0.01, ""tp"": 8, ""tran_tang"": 15}"
68b85383c2,cao,CAO_NGUYEN,USDCHF,H1,mua|phang|-,24,24,1.0,1,mua,phang,15,20,9,,,0.01,,"{""buoc"": 15, ""che_do"": ""mua"", ""kieu_lot"": ""phang"", ""lot"": 0.01, ""tp"": 20, ""tran_tang"": 9}"
6b23ffa22c,cao,CAO_NGUYEN,USDCHF,H1,hai_chieu|nhan|-,2757,3000,0.919,1,hai_chieu,nhan,8,8,15,1.2,0,0.01,,"{""buoc"": 8, ""che_do"": ""hai_chieu"", ""cho_lui"": 0, ""he_so_lot"": 1.2, ""kieu_lot"": ""nhan"", ""lot"": 0.01, ""tp"": 8, ""tran_tang"": 15}"
8c945c0c6a,cao,CAO_NGUYEN,USDCHF,H1,ban|cong|-,2025,3000,0.675,1,ban,cong,8,16,15,1.2,0,0.01,,"{""buoc"": 8, ""che_do"": ""ban"", ""cho_lui"": 0, ""he_so_lot"": 1.2, ""kieu_lot"": ""cong"", ""lot"": 0.01, ""tp"": 16, ""tran_tang"": 15}"
af1bd65fa7,cao,CAO_NGUYEN,USDCHF,H1,mua|cong|-,2154,3000,0.718,1,mua,cong,8,10,15,1.2,0,0.01,,"{""buoc"": 8, ""che_do"": ""mua"", ""cho_lui"": 0, ""he_so_lot"": 1.2, ""kieu_lot"": ""cong"", ""lot"": 0.01, ""tp"": 10, ""tran_tang"": 15}"
b20b27a9b9,cao,CAO_NGUYEN,USDCHF,H1,mua|cong|-,2181,3000,0.727,1,mua,cong,12,10,15,1.2,0,0.01,,"{""buoc"": 12, ""che_do"": ""mua"", ""cho_lui"": 0, ""he_so_lot"": 1.2, ""kieu_lot"": ""cong"", ""lot"": 0.01, ""tp"": 10, ""tran_tang"": 15}"
ba1ffdf637,cao,CAO_NGUYEN,USDCHF,H1,ban|cong|-,2049,3000,0.683,1,ban,cong,10,16,15,1.2,0,0.01,,"{""buoc"": 10, ""che_do"": ""ban"", ""cho_lui"": 0, ""he_so_lot"": 1.2, ""kieu_lot"": ""cong"", ""lot"": 0.01, ""tp"": 16, ""tran_tang"": 15}"
baab2d0fe2,cao,CAO_NGUYEN,USDCHF,H1,hai_chieu|cong|-,2244,3000,0.748,1,hai_chieu,cong,8,16,15,1.2,0,0.01,,"{""buoc"": 8, ""che_do"": ""hai_chieu"", ""cho_lui"": 0, ""he_so_lot"": 1.2, ""kieu_lot"": ""cong"", ""lot"": 0.01, ""tp"": 16, ""tran_tang"": 15}"
d70a1202fa,cao,CAO_NGUYEN,USDCHF,H1,mua|phang|-,2985,3000,0.995,1,mua,phang,10,8,15,,0,0.01,,"{""buoc"": 10, ""che_do"": ""mua"", ""cho_lui"": 0, ""kieu_lot"": ""phang"", ""lot"": 0.01, ""tp"": 8, ""tran_tang"": 15}"
dd796d0458,cao,CAO_NGUYEN,USDCHF,H1,mua|cong|-,2238,3000,0.746,1,mua,cong,10,16,15,1.2,0,0.01,,"{""buoc"": 10, ""che_do"": ""mua"", ""cho_lui"": 0, ""he_so_lot"": 1.2, ""kieu_lot"": ""cong"", ""lot"": 0.01, ""tp"": 16, ""tran_tang"": 15}"
e0f4c87fd2,cao,CAO_NGUYEN,USDCHF,H1,mua|phang|-,2985,3000,0.995,2,mua,phang,10,6,15,,0,0.01,,"{""buoc"": 10, ""che_do"": ""mua"", ""cho_lui"": 0, ""kieu_lot"": ""phang"", ""lot"": 0.01, ""tp"": 6, ""tran_tang"": 15}"
eea7da2da3,cao,CAO_NGUYEN,USDCHF,H1,hai_chieu|cong|-,2223,3000,0.741,1,hai_chieu,cong,8,10,15,1.2,0,0.01,,"{""buoc"": 8, ""che_do"": ""hai_chieu"", ""cho_lui"": 0, ""he_so_lot"": 1.2, ""kieu_lot"": ""cong"", ""lot"": 0.01, ""tp"": 10, ""tran_tang"": 15}"
f81b672636,cao,CAO_NGUYEN,USDCHF,H1,hai_chieu|cong|-,2280,3000,0.76,1,hai_chieu,cong,10,16,15,1.2,0,0.01,,"{""buoc"": 10, ""che_do"": ""hai_chieu"", ""cho_lui"": 0, ""he_so_lot"": 1.2, ""kieu_lot"": ""cong"", ""lot"": 0.01, ""tp"": 16, ""tran_tang"": 15}"
fd6911c684,cao,CAO_NGUYEN,USDCHF,H1,ban|cong|-,2034,3000,0.678,1,ban,cong,8,10,15,1.2,0,0.01,,"{""buoc"": 8, ""che_do"": ""ban"", ""cho_lui"": 0, ""he_so_lot"": 1.2, ""kieu_lot"": ""cong"", ""lot"": 0.01, ""tp"": 10, ""tran_tang"": 15}"
007c94762e,cao,CAO_NGUYEN,USDCHF,M15,mua|phang|lui,2982,3000,0.994,2,mua,phang,8,6,15,,10,0.01,,"{""buoc"": 8, ""che_do"": ""mua"", ""cho_lui"": 10, ""kieu_lot"": ""phang"", ""lot"": 0.01, ""tp"": 6, ""tran_tang"": 15}"
0400c84bdf,cao,CAO_NGUYEN,USDCHF,M15,hai_chieu|cong|-,1977,3000,0.659,1,hai_chieu,cong,16,8,15,0.8,0,0.01,,"{""buoc"": 16, ""che_do"": ""hai_chieu"", ""cho_lui"": 0, ""he_so_lot"": 0.8, ""kieu_lot"": ""cong"", ""lot"": 0.01, ""tp"": 8, ""tran_tang"": 15}"
08e082233f,cao,CAO_NGUYEN,USDCHF,M15,mua|phang|lui,2979,3000,0.993,1,mua,phang,8,6,10,,10,0.01,,"{""buoc"": 8, ""che_do"": ""mua"", ""cho_lui"": 10, ""kieu_lot"": ""phang"", ""lot"": 0.01, ""tp"": 6, ""tran_tang"": 10}"
0bdae65755,cao,CAO_NGUYEN,USDCHF,M15,mua|phang|-,24,24,1.0,1,mua,phang,10,8,9,,,0.01,,"{""buoc"": 10, ""che_do"": ""mua"", ""kieu_lot"": ""phang"", ""lot"": 0.01, ""tp"": 8, ""tran_tang"": 9}"
2a953d8222,cao,CAO_NGUYEN,USDCHF,M15,hai_chieu|cong|-,1914,3000,0.638,1,hai_chieu,cong,8,6,15,0.8,0,0.01,,"{""buoc"": 8, ""che_do"": ""hai_chieu"", ""cho_lui"": 0, ""he_so_lot"": 0.8, ""kieu_lot"": ""cong"", ""lot"": 0.01, ""tp"": 6, ""tran_tang"": 15}"
4597c664eb,cao,CAO_NGUYEN,USDCHF,M15,hai_chieu|cong|-,1962,3000,0.654,1,hai_chieu,cong,20,6,15,1.2,0,0.01,,"{""buoc"": 20, ""che_do"": ""hai_chieu"", ""cho_lui"": 0, ""he_so_lot"": 1.2, ""kieu_lot"": ""cong"", ""lot"": 0.01, ""tp"": 6, ""tran_tang"": 15}"
9110738c83,cao,CAO_NGUYEN,USDCHF,M15,hai_chieu|nhan|-,2718,3000,0.906,2,hai_chieu,nhan,8,8,15,1.2,0,0.01,,"{""buoc"": 8, ""che_do"": ""hai_chieu"", ""cho_lui"": 0, ""he_so_lot"": 1.2, ""kieu_lot"": ""nhan"", ""lot"": 0.01, ""tp"": 8, ""tran_tang"": 15}"
bca2b46ee5,cao,CAO_NGUYEN,USDCHF,M15,mua|cong|-,2019,3000,0.673,2,mua,cong,10,6,15,1.2,0,0.01,,"{""buoc"": 10, ""che_do"": ""mua"", ""cho_lui"": 0, ""he_so_lot"": 1.2, ""kieu_lot"": ""cong"", ""lot"": 0.01, ""tp"": 6, ""tran_tang"": 15}"
c92f3bb04c,cao,CAO_NGUYEN,USDCHF,M15,mua|nhan|-,2874,3000,0.958,2,mua,nhan,8,8,15,1.2,0,0.01,,"{""buoc"": 8, ""che_do"": ""mua"", ""cho_lui"": 0, ""he_so_lot"": 1.2, ""kieu_lot"": ""nhan"", ""lot"": 0.01, ""tp"": 8, ""tran_tang"": 15}"
e205370178,cao,CAO_NGUYEN,USDCHF,M15,hai_chieu|phang|lui,2880,3000,0.96,3,hai_chieu,phang,10,6,15,,10,0.01,,"{""buoc"": 10, ""che_do"": ""hai_chieu"", ""cho_lui"": 10, ""kieu_lot"": ""phang"", ""lot"": 0.01, ""tp"": 6, ""tran_tang"": 15}"
ed7a58ef74,cao,CAO_NGUYEN,USDCHF,M15,mua|cong|-,2007,3000,0.669,1,mua,cong,20,6,15,1.2,0,0.01,,"{""buoc"": 20, ""che_do"": ""mua"", ""cho_lui"": 0, ""he_so_lot"": 1.2, ""kieu_lot"": ""cong"", ""lot"": 0.01, ""tp"": 6, ""tran_tang"": 15}"
f8a69ede3e,cao,CAO_NGUYEN,USDCHF,M15,hai_chieu|phang|-,69,72,0.9583,1,hai_chieu,phang,12,6,10,,,0.01,,"{""buoc"": 12, ""che_do"": ""hai_chieu"", ""kieu_lot"": ""phang"", ""lot"": 0.01, ""tp"": 6, ""tran_tang"": 10}"
0440f5670b,cao,CAO_NGUYEN,USDCHF,M30,hai_chieu|nhan|-,2745,3000,0.915,2,hai_chieu,nhan,8,8,15,1.2,0,0.01,,"{""buoc"": 8, ""che_do"": ""hai_chieu"", ""cho_lui"": 0, ""he_so_lot"": 1.2, ""kieu_lot"": ""nhan"", ""lot"": 0.01, ""tp"": 8, ""tran_tang"": 15}"
0ba1879b29,cao,CAO_NGUYEN,USDCHF,M30,mua|cong|-,2043,3000,0.681,1,mua,cong,8,10,15,1.2,0,0.01,,"{""buoc"": 8, ""che_do"": ""mua"", ""cho_lui"": 0, ""he_so_lot"": 1.2, ""kieu_lot"": ""cong"", ""lot"": 0.01, ""tp"": 10, ""tran_tang"": 15}"
24c424d8e5,cao,CAO_NGUYEN,USDCHF,M30,mua|nhan|-,2886,3000,0.962,2,mua,nhan,8,8,15,1.2,0,0.01,,"{""buoc"": 8, ""che_do"": ""mua"", ""cho_lui"": 0, ""he_so_lot"": 1.2, ""kieu_lot"": ""nhan"", ""lot"": 0.01, ""tp"": 8, ""tran_tang"": 15}"
2565ca90d7,cao,CAO_NGUYEN,USDCHF,M30,mua|cong|-,2124,3000,0.708,1,mua,cong,12,8,15,1.2,0,0.01,,"{""buoc"": 12, ""che_do"": ""mua"", ""cho_lui"": 0, ""he_so_lot"": 1.2, ""kieu_lot"": ""cong"", ""lot"": 0.01, ""tp"": 8, ""tran_tang"": 15}"
4799a48110,cao,CAO_NGUYEN,USDCHF,M30,ban|cong|-,1860,3000,0.62,1,ban,cong,8,10,15,1.2,0,0.01,,"{""buoc"": 8, ""che_do"": ""ban"", ""cho_lui"": 0, ""he_so_lot"": 1.2, ""kieu_lot"": ""cong"", ""lot"": 0.01, ""tp"": 10, ""tran_tang"": 15}"
62dd4c13b5,cao,CAO_NGUYEN,USDCHF,M30,hai_chieu|phang|-,2925,3000,0.975,2,hai_chieu,phang,10,6,15,,0,0.01,,"{""buoc"": 10, ""che_do"": ""hai_chieu"", ""cho_lui"": 0, ""kieu_lot"": ""phang"", ""lot"": 0.01, ""tp"": 6, ""tran_tang"": 15}"
6dbcef8933,cao,CAO_NGUYEN,USDCHF,M30,hai_chieu|phang|-,2922,3000,0.974,1,hai_chieu,phang,12,6,12,,0,0.01,,"{""buoc"": 12, ""che_do"": ""hai_chieu"", ""cho_lui"": 0, ""kieu_lot"": ""phang"", ""lot"": 0.01, ""tp"": 6, ""tran_tang"": 12}"
6de0ba81ba,cao,CAO_NGUYEN,USDCHF,M30,hai_chieu|cong|-,2082,3000,0.694,1,hai_chieu,cong,12,10,15,1.2,0,0.01,,"{""buoc"": 12, ""che_do"": ""hai_chieu"", ""cho_lui"": 0, ""he_so_lot"": 1.2, ""kieu_lot"": ""cong"", ""lot"": 0.01, ""tp"": 10, ""tran_tang"": 15}"
8aa2c4f628,cao,CAO_NGUYEN,USDCHF,M30,mua|cong|-,2097,3000,0.699,1,mua,cong,12,10,15,1.2,0,0.01,,"{""buoc"": 12, ""che_do"": ""mua"", ""cho_lui"": 0, ""he_so_lot"": 1.2, ""kieu_lot"": ""cong"", ""lot"": 0.01, ""tp"": 10, ""tran_tang"": 15}"
a0df178cb0,cao,CAO_NGUYEN,USDCHF,M30,ban|cong|-,1899,3000,0.633,1,ban,cong,8,10,12,1.2,0,0.01,,"{""buoc"": 8, ""che_do"": ""ban"", ""cho_lui"": 0, ""he_so_lot"": 1.2, ""kieu_lot"": ""cong"", ""lot"": 0.01, ""tp"": 10, ""tran_tang"": 12}"
a34343b7a2,cao,CAO_NGUYEN,USDCHF,M30,hai_chieu|cong|-,2109,3000,0.703,1,hai_chieu,cong,12,10,12,1.2,0,0.01,,"{""buoc"": 12, ""che_do"": ""hai_chieu"", ""cho_lui"": 0, ""he_so_lot"": 1.2, ""kieu_lot"": ""cong"", ""lot"": 0.01, ""tp"": 10, ""tran_tang"": 12}"
aa5e6d88da,cao,CAO_NGUYEN,USDCHF,M30,hai_chieu|phang|-,69,72,0.9583,1,hai_chieu,phang,8,6,10,,,0.01,,"{""buoc"": 8, ""che_do"": ""hai_chieu"", ""kieu_lot"": ""phang"", ""lot"": 0.01, ""tp"": 6, ""tran_tang"": 10}"
c3297a3f33,cao,CAO_NGUYEN,USDCHF,M30,ban|cong|-,1878,3000,0.626,1,ban,cong,10,10,12,1.2,0,0.01,,"{""buoc"": 10, ""che_do"": ""ban"", ""cho_lui"": 0, ""he_so_lot"": 1.2, ""kieu_lot"": ""cong"", ""lot"": 0.01, ""tp"": 10, ""tran_tang"": 12}"
c97516761e,cao,CAO_NGUYEN,USDCHF,M30,hai_chieu|cong|-,2049,3000,0.683,1,hai_chieu,cong,8,10,15,1.2,0,0.01,,"{""buoc"": 8, ""che_do"": ""hai_chieu"", ""cho_lui"": 0, ""he_so_lot"": 1.2, ""kieu_lot"": ""cong"", ""lot"": 0.01, ""tp"": 10, ""tran_tang"": 15}"
fb946ca55c,cao,CAO_NGUYEN,USDCHF,M30,mua|phang|-,24,24,1.0,1,mua,phang,15,12,7,,,0.01,,"{""buoc"": 15, ""che_do"": ""mua"", ""kieu_lot"": ""phang"", ""lot"": 0.01, ""tp"": 12, ""tran_tang"": 7}"
fcad73409f,cao,CAO_NGUYEN,USDCHF,M30,mua|phang|lui,2985,3000,0.995,3,mua,phang,8,8,15,,10,0.01,,"{""buoc"": 8, ""che_do"": ""mua"", ""cho_lui"": 10, ""kieu_lot"": ""phang"", ""lot"": 0.01, ""tp"": 8, ""tran_tang"": 15}"
a28d093b93,cao,CAO_NGUYEN,USDCHF,M5,mua|cong|-,1875,3000,0.625,1,mua,cong,10,6,15,1.2,0,0.01,,"{""buoc"": 10, ""che_do"": ""mua"", ""cho_lui"": 0, ""he_so_lot"": 1.2, ""kieu_lot"": ""cong"", ""lot"": 0.01, ""tp"": 6, ""tran_tang"": 15}"
cfd4f5b48f,cao,CAO_NGUYEN,USDCHF,M5,mua|cong|-,1872,3000,0.624,1,mua,cong,8,6,12,1.2,0,0.01,,"{""buoc"": 8, ""che_do"": ""mua"", ""cho_lui"": 0, ""he_so_lot"": 1.2, ""kieu_lot"": ""cong"", ""lot"": 0.01, ""tp"": 6, ""tran_tang"": 12}"
1dfb23a987,cao,CAO_NGUYEN,USDJPY,H1,mua|cong|-,2949,3000,0.983,1,mua,cong,8,6,12,1.2,0,0.01,,"{""buoc"": 8, ""che_do"": ""mua"", ""cho_lui"": 0, ""he_so_lot"": 1.2, ""kieu_lot"": ""cong"", ""lot"": 0.01, ""tp"": 6, ""tran_tang"": 12}"
3fb2c19577,cao,CAO_NGUYEN,USDJPY,H1,mua|phang|lui,3000,3000,1.0,2,mua,phang,30,34,15,,6,0.01,,"{""buoc"": 30, ""che_do"": ""mua"", ""cho_lui"": 6, ""kieu_lot"": ""phang"", ""lot"": 0.01, ""tp"": 34, ""tran_tang"": 15}"
52a5e4531c,cao,CAO_NGUYEN,USDJPY,H1,mua|phang|lui,3000,3000,1.0,1,mua,phang,80,26,15,,3,0.01,,"{""buoc"": 80, ""che_do"": ""mua"", ""cho_lui"": 3, ""kieu_lot"": ""phang"", ""lot"": 0.01, ""tp"": 26, ""tran_tang"": 15}"
b8b2590851,cao,CAO_NGUYEN,USDJPY,H1,mua|cong|-,2943,3000,0.981,1,mua,cong,12,8,15,1.2,0,0.01,,"{""buoc"": 12, ""che_do"": ""mua"", ""cho_lui"": 0, ""he_so_lot"": 1.2, ""kieu_lot"": ""cong"", ""lot"": 0.01, ""tp"": 8, ""tran_tang"": 15}"
c3d7046cf3,cao,CAO_NGUYEN,USDJPY,H1,mua|cong|-,2934,3000,0.978,1,mua,cong,8,10,15,1.2,0,0.01,,"{""buoc"": 8, ""che_do"": ""mua"", ""cho_lui"": 0, ""he_so_lot"": 1.2, ""kieu_lot"": ""cong"", ""lot"": 0.01, ""tp"": 10, ""tran_tang"": 15}"
f8aec158f8,cao,CAO_NGUYEN,USDJPY,H1,mua|nhan|-,2994,3000,0.998,2,mua,nhan,8,8,15,1.2,0,0.01,,"{""buoc"": 8, ""che_do"": ""mua"", ""cho_lui"": 0, ""he_so_lot"": 1.2, ""kieu_lot"": ""nhan"", ""lot"": 0.01, ""tp"": 8, ""tran_tang"": 15}"
13ea6a3271,cao,CAO_NGUYEN,USDJPY,M15,mua|cong|-,2916,3000,0.972,1,mua,cong,16,8,15,0.8,0,0.01,,"{""buoc"": 16, ""che_do"": ""mua"", ""cho_lui"": 0, ""he_so_lot"": 0.8, ""kieu_lot"": ""cong"", ""lot"": 0.01, ""tp"": 8, ""tran_tang"": 15}"
3e77b48fc9,cao,CAO_NGUYEN,USDJPY,M15,mua|nhan|lui,2985,3000,0.995,1,mua,nhan,100,26,5,1.2,6,0.01,,"{""buoc"": 100, ""che_do"": ""mua"", ""cho_lui"": 6, ""he_so_lot"": 1.2, ""kieu_lot"": ""nhan"", ""lot"": 0.01, ""tp"": 26, ""tran_tang"": 5}"
3f050ceb4f,cao,CAO_NGUYEN,USDJPY,M15,mua|cong|-,2934,3000,0.978,1,mua,cong,20,6,15,1.2,0,0.01,,"{""buoc"": 20, ""che_do"": ""mua"", ""cho_lui"": 0, ""he_so_lot"": 1.2, ""kieu_lot"": ""cong"", ""lot"": 0.01, ""tp"": 6, ""tran_tang"": 15}"
7403eb3019,cao,CAO_NGUYEN,USDJPY,M15,mua|phang|lui,3000,3000,1.0,2,mua,phang,80,45,15,,10,0.01,,"{""buoc"": 80, ""che_do"": ""mua"", ""cho_lui"": 10, ""kieu_lot"": ""phang"", ""lot"": 0.01, ""tp"": 45, ""tran_tang"": 15}"
db5603978d,cao,CAO_NGUYEN,USDJPY,M15,mua|phang|lui,3000,3000,1.0,1,mua,phang,80,45,12,,10,0.01,,"{""buoc"": 80, ""che_do"": ""mua"", ""cho_lui"": 10, ""kieu_lot"": ""phang"", ""lot"": 0.01, ""tp"": 45, ""tran_tang"": 12}"
e3d1703eea,cao,CAO_NGUYEN,USDJPY,M15,mua|nhan|lui,2988,3000,0.996,1,mua,nhan,80,45,8,1.2,10,0.01,,"{""buoc"": 80, ""che_do"": ""mua"", ""cho_lui"": 10, ""he_so_lot"": 1.2, ""kieu_lot"": ""nhan"", ""lot"": 0.01, ""tp"": 45, ""tran_tang"": 8}"
fe9d67da93,cao,CAO_NGUYEN,USDJPY,M15,mua|cong|-,2910,3000,0.97,1,mua,cong,8,6,10,0.3,0,0.01,,"{""buoc"": 8, ""che_do"": ""mua"", ""cho_lui"": 0, ""he_so_lot"": 0.3, ""kieu_lot"": ""cong"", ""lot"": 0.01, ""tp"": 6, ""tran_tang"": 10}"
0e84a21bb6,cao,CAO_NGUYEN,USDJPY,M30,mua|phang|-,3000,3000,1.0,1,mua,phang,8,6,7,,0,0.01,,"{""buoc"": 8, ""che_do"": ""mua"", ""cho_lui"": 0, ""kieu_lot"": ""phang"", ""lot"": 0.01, ""tp"": 6, ""tran_tang"": 7}"
3a94bb787f,cao,CAO_NGUYEN,USDJPY,M30,mua|cong|-,2943,3000,0.981,1,mua,cong,12,10,15,1.2,0,0.01,,"{""buoc"": 12, ""che_do"": ""mua"", ""cho_lui"": 0, ""he_so_lot"": 1.2, ""kieu_lot"": ""cong"", ""lot"": 0.01, ""tp"": 10, ""tran_tang"": 15}"
48f0809a7e,cao,CAO_NGUYEN,USDJPY,M30,mua|nhan|-,2994,3000,0.998,2,mua,nhan,8,8,15,1.2,0,0.01,,"{""buoc"": 8, ""che_do"": ""mua"", ""cho_lui"": 0, ""he_so_lot"": 1.2, ""kieu_lot"": ""nhan"", ""lot"": 0.01, ""tp"": 8, ""tran_tang"": 15}"
962e3c3c0b,cao,CAO_NGUYEN,USDJPY,M30,mua|phang|-,3000,3000,1.0,2,mua,phang,8,6,8,,0,0.01,,"{""buoc"": 8, ""che_do"": ""mua"", ""cho_lui"": 0, ""kieu_lot"": ""phang"", ""lot"": 0.01, ""tp"": 6, ""tran_tang"": 8}"
a20ea6c042,cao,CAO_NGUYEN,USDJPY,M30,mua|cong|-,2931,3000,0.977,1,mua,cong,12,8,15,1.2,0,0.01,,"{""buoc"": 12, ""che_do"": ""mua"", ""cho_lui"": 0, ""he_so_lot"": 1.2, ""kieu_lot"": ""cong"", ""lot"": 0.01, ""tp"": 8, ""tran_tang"": 15}"
cc3c5eef3a,cao,CAO_NGUYEN,USDJPY,M30,mua|cong|-,2922,3000,0.974,1,mua,cong,8,6,15,0.8,0,0.01,,"{""buoc"": 8, ""che_do"": ""mua"", ""cho_lui"": 0, ""he_so_lot"": 0.8, ""kieu_lot"": ""cong"", ""lot"": 0.01, ""tp"": 6, ""tran_tang"": 15}"
c3d2b72640,cao,CAO_NGUYEN,USDJPY,M5,mua|phang|lui,3000,3000,1.0,1,mua,phang,60,34,15,,10,0.01,,"{""buoc"": 60, ""che_do"": ""mua"", ""cho_lui"": 10, ""kieu_lot"": ""phang"", ""lot"": 0.01, ""tp"": 34, ""tran_tang"": 15}"
23be295e27,cao,CAO_NGUYEN,XAUUSD,H1,ban|nhan|-,2964,3000,0.988,1,ban,nhan,8,13,15,1.2,0,0.01,,"{""buoc"": 8, ""che_do"": ""ban"", ""cho_lui"": 0, ""he_so_lot"": 1.2, ""kieu_lot"": ""nhan"", ""lot"": 0.01, ""tp"": 13, ""tran_tang"": 15}"
4479f59670,cao,CAO_NGUYEN,XAUUSD,H1,ban|cong|-,2649,3000,0.883,1,ban,cong,20,26,15,0.8,0,0.01,,"{""buoc"": 20, ""che_do"": ""ban"", ""cho_lui"": 0, ""he_so_lot"": 0.8, ""kieu_lot"": ""cong"", ""lot"": 0.01, ""tp"": 26, ""tran_tang"": 15}"
80caacc8cb,cao,CAO_NGUYEN,XAUUSD,H1,ban|cong|-,2697,3000,0.899,1,ban,cong,20,20,15,1.2,0,0.01,,"{""buoc"": 20, ""che_do"": ""ban"", ""cho_lui"": 0, ""he_so_lot"": 1.2, ""kieu_lot"": ""cong"", ""lot"": 0.01, ""tp"": 20, ""tran_tang"": 15}"
932e89a8c6,cao,CAO_NGUYEN,XAUUSD,H1,ban|cong|-,2700,3000,0.9,1,ban,cong,16,13,12,1.2,0,0.01,,"{""buoc"": 16, ""che_do"": ""ban"", ""cho_lui"": 0, ""he_so_lot"": 1.2, ""kieu_lot"": ""cong"", ""lot"": 0.01, ""tp"": 13, ""tran_tang"": 12}"
e4ba74a2bb,cao,CAO_NGUYEN,XAUUSD,H1,ban|nhan|-,2952,3000,0.984,1,ban,nhan,20,26,15,1.2,0,0.01,,"{""buoc"": 20, ""che_do"": ""ban"", ""cho_lui"": 0, ""he_so_lot"": 1.2, ""kieu_lot"": ""nhan"", ""lot"": 0.01, ""tp"": 26, ""tran_tang"": 15}"
f8426cc0ca,cao,CAO_NGUYEN,XAUUSD,H1,ban|phang|-,3000,3000,1.0,3,ban,phang,12,8,15,,0,0.01,,"{""buoc"": 12, ""che_do"": ""ban"", ""cho_lui"": 0, ""kieu_lot"": ""phang"", ""lot"": 0.01, ""tp"": 8, ""tran_tang"": 15}"
344b7786f6,cao,CAO_NGUYEN,XAUUSD,M15,hai_chieu|phang|-,70,72,0.9722,1,hai_chieu,phang,16,10,10,,,0.01,,"{""buoc"": 16, ""che_do"": ""hai_chieu"", ""kieu_lot"": ""phang"", ""lot"": 0.01, ""tp"": 10, ""tran_tang"": 10}"
34aa531920,cao,CAO_NGUYEN,XAUUSD,M15,ban|cong|lui,2322,3000,0.774,1,ban,cong,8,10,12,1.2,10,0.01,,"{""buoc"": 8, ""che_do"": ""ban"", ""cho_lui"": 10, ""he_so_lot"": 1.2, ""kieu_lot"": ""cong"", ""lot"": 0.01, ""tp"": 10, ""tran_tang"": 12}"
3b9945be59,cao,CAO_NGUYEN,XAUUSD,M15,hai_chieu|nhan|-,2889,3000,0.963,1,hai_chieu,nhan,8,13,15,1.2,0,0.01,,"{""buoc"": 8, ""che_do"": ""hai_chieu"", ""cho_lui"": 0, ""he_so_lot"": 1.2, ""kieu_lot"": ""nhan"", ""lot"": 0.01, ""tp"": 13, ""tran_tang"": 15}"
3ba63b3e6d,cao,CAO_NGUYEN,XAUUSD,M15,mua|phang|-,44,60,0.7333,1,mua,phang,30,10,12,,,0.01,,"{""buoc"": 30, ""che_do"": ""mua"", ""kieu_lot"": ""phang"", ""lot"": 0.01, ""tp"": 10, ""tran_tang"": 12}"
4490690e6a,cao,CAO_NGUYEN,XAUUSD,M15,ban|nhan|lui,2916,3000,0.972,1,ban,nhan,10,8,15,1.2,10,0.01,,"{""buoc"": 10, ""che_do"": ""ban"", ""cho_lui"": 10, ""he_so_lot"": 1.2, ""kieu_lot"": ""nhan"", ""lot"": 0.01, ""tp"": 8, ""tran_tang"": 15}"
5ae22b0228,cao,CAO_NGUYEN,XAUUSD,M15,mua|phang|lui,2334,3000,0.778,3,mua,phang,16,16,15,,10,0.01,,"{""buoc"": 16, ""che_do"": ""mua"", ""cho_lui"": 10, ""kieu_lot"": ""phang"", ""lot"": 0.01, ""tp"": 16, ""tran_tang"": 15}"
5ef4875f7c,cao,CAO_NGUYEN,XAUUSD,M15,ban|nhan|lui,2910,3000,0.97,1,ban,nhan,8,8,15,1.2,10,0.01,,"{""buoc"": 8, ""che_do"": ""ban"", ""cho_lui"": 10, ""he_so_lot"": 1.2, ""kieu_lot"": ""nhan"", ""lot"": 0.01, ""tp"": 8, ""tran_tang"": 15}"
64dfe5592d,cao,CAO_NGUYEN,XAUUSD,M15,hai_chieu|cong|-,2514,3000,0.838,1,hai_chieu,cong,16,13,15,1.2,0,0.01,,"{""buoc"": 16, ""che_do"": ""hai_chieu"", ""cho_lui"": 0, ""he_so_lot"": 1.2, ""kieu_lot"": ""cong"", ""lot"": 0.01, ""tp"": 13, ""tran_tang"": 15}"
6c40fac9d1,cao,CAO_NGUYEN,XAUUSD,M15,hai_chieu|cong|-,2550,3000,0.85,1,hai_chieu,cong,10,16,15,1.2,0,0.01,,"{""buoc"": 10, ""che_do"": ""hai_chieu"", ""cho_lui"": 0, ""he_so_lot"": 1.2, ""kieu_lot"": ""cong"", ""lot"": 0.01, ""tp"": 16, ""tran_tang"": 15}"
7b522d2320,cao,CAO_NGUYEN,XAUUSD,M15,mua|phang|-,109,120,0.9083,1,mua,phang,30,8,12,,,0.01,,"{""buoc"": 30, ""che_do"": ""mua"", ""he_so_buoc"": 0.9, ""kieu_lot"": ""phang"", ""lot"": 0.01, ""tp"": 8, ""tran_tang"": 12}"
8e76d116d8,cao,CAO_NGUYEN,XAUUSD,M15,hai_chieu|phang|lui,2982,3000,0.994,2,hai_chieu,phang,8,8,12,,10,0.01,,"{""buoc"": 8, ""che_do"": ""hai_chieu"", ""cho_lui"": 10, ""kieu_lot"": ""phang"", ""lot"": 0.01, ""tp"": 8, ""tran_tang"": 12}"
9d802ef41f,cao,CAO_NGUYEN,XAUUSD,M15,ban|phang|lui,3000,3000,1.0,3,ban,phang,36,34,7,,3,0.01,,"{""buoc"": 36, ""che_do"": ""ban"", ""cho_lui"": 3, ""kieu_lot"": ""phang"", ""lot"": 0.01, ""tp"": 34, ""tran_tang"": 7}"
af8f6ccb0d,cao,CAO_NGUYEN,XAUUSD,M15,hai_chieu|nhan|-,2895,3000,0.965,1,hai_chieu,nhan,8,8,15,1.2,0,0.01,,"{""buoc"": 8, ""che_do"": ""hai_chieu"", ""cho_lui"": 0, ""he_so_lot"": 1.2, ""kieu_lot"": ""nhan"", ""lot"": 0.01, ""tp"": 8, ""tran_tang"": 15}"
bf468dfba9,cao,CAO_NGUYEN,XAUUSD,M15,mua|cong|-,2430,3000,0.81,1,mua,cong,16,13,15,0.5,0,0.01,,"{""buoc"": 16, ""che_do"": ""mua"", ""cho_lui"": 0, ""he_so_lot"": 0.5, ""kieu_lot"": ""cong"", ""lot"": 0.01, ""tp"": 13, ""tran_tang"": 15}"
c480356c35,cao,CAO_NGUYEN,XAUUSD,M15,ban|cong|lui,2409,3000,0.803,1,ban,cong,12,10,8,1.2,3,0.01,,"{""buoc"": 12, ""che_do"": ""ban"", ""cho_lui"": 3, ""he_so_lot"": 1.2, ""kieu_lot"": ""cong"", ""lot"": 0.01, ""tp"": 10, ""tran_tang"": 8}"
c897b431e8,cao,CAO_NGUYEN,XAUUSD,M15,hai_chieu|phang|lui,2979,3000,0.993,1,hai_chieu,phang,12,8,10,,10,0.01,,"{""buoc"": 12, ""che_do"": ""hai_chieu"", ""cho_lui"": 10, ""kieu_lot"": ""phang"", ""lot"": 0.01, ""tp"": 8, ""tran_tang"": 10}"
cb29379315,cao,CAO_NGUYEN,XAUUSD,M15,ban|cong|lui,2406,3000,0.802,1,ban,cong,8,10,15,1.2,10,0.01,,"{""buoc"": 8, ""che_do"": ""ban"", ""cho_lui"": 10, ""he_so_lot"": 1.2, ""kieu_lot"": ""cong"", ""lot"": 0.01, ""tp"": 10, ""tran_tang"": 15}"
f667e9df7e,cao,CAO_NGUYEN,XAUUSD,M15,mua|cong|-,2442,3000,0.814,1,mua,cong,20,13,12,0.8,0,0.01,,"{""buoc"": 20, ""che_do"": ""mua"", ""cho_lui"": 0, ""he_so_lot"": 0.8, ""kieu_lot"": ""cong"", ""lot"": 0.01, ""tp"": 13, ""tran_tang"": 12}"
1a0c6d226d,cao,CAO_NGUYEN,XAUUSD,M30,ban|nhan|lui,2931,3000,0.977,1,ban,nhan,12,10,7,1.2,10,0.01,,"{""buoc"": 12, ""che_do"": ""ban"", ""cho_lui"": 10, ""he_so_lot"": 1.2, ""kieu_lot"": ""nhan"", ""lot"": 0.01, ""tp"": 10, ""tran_tang"": 7}"
1d83e6da47,cao,CAO_NGUYEN,XAUUSD,M30,hai_chieu|cong|-,2580,3000,0.86,1,hai_chieu,cong,10,20,15,1.2,0,0.01,,"{""buoc"": 10, ""che_do"": ""hai_chieu"", ""cho_lui"": 0, ""he_so_lot"": 1.2, ""kieu_lot"": ""cong"", ""lot"": 0.01, ""tp"": 20, ""tran_tang"": 15}"
1d8ffdce16,cao,CAO_NGUYEN,XAUUSD,M30,hai_chieu|phang|-,72,72,1.0,1,hai_chieu,phang,16,10,10,,,0.01,,"{""buoc"": 16, ""che_do"": ""hai_chieu"", ""kieu_lot"": ""phang"", ""lot"": 0.01, ""tp"": 10, ""tran_tang"": 10}"
23518ab1c3,cao,CAO_NGUYEN,XAUUSD,M30,mua|phang|lui,2340,3000,0.78,2,mua,phang,16,16,15,,10,0.01,,"{""buoc"": 16, ""che_do"": ""mua"", ""cho_lui"": 10, ""kieu_lot"": ""phang"", ""lot"": 0.01, ""tp"": 16, ""tran_tang"": 15}"
360b23ed18,cao,CAO_NGUYEN,XAUUSD,M30,hai_chieu|nhan|-,2904,3000,0.968,1,hai_chieu,nhan,8,8,15,1.2,0,0.01,,"{""buoc"": 8, ""che_do"": ""hai_chieu"", ""cho_lui"": 0, ""he_so_lot"": 1.2, ""kieu_lot"": ""nhan"", ""lot"": 0.01, ""tp"": 8, ""tran_tang"": 15}"
5aeeb00875,cao,CAO_NGUYEN,XAUUSD,M30,hai_chieu|cong|-,2595,3000,0.865,1,hai_chieu,cong,10,16,15,1.2,0,0.01,,"{""buoc"": 10, ""che_do"": ""hai_chieu"", ""cho_lui"": 0, ""he_so_lot"": 1.2, ""kieu_lot"": ""cong"", ""lot"": 0.01, ""tp"": 16, ""tran_tang"": 15}"
770825abb2,cao,CAO_NGUYEN,XAUUSD,M30,hai_chieu|phang|-,2982,3000,0.994,2,hai_chieu,phang,20,8,10,,0,0.01,,"{""buoc"": 20, ""che_do"": ""hai_chieu"", ""cho_lui"": 0, ""kieu_lot"": ""phang"", ""lot"": 0.01, ""tp"": 8, ""tran_tang"": 10}"
7f1687a7c8,cao,CAO_NGUYEN,XAUUSD,M30,mua|phang|lui,2328,3000,0.776,1,mua,phang,16,13,15,,6,0.01,,"{""buoc"": 16, ""che_do"": ""mua"", ""cho_lui"": 6, ""kieu_lot"": ""phang"", ""lot"": 0.01, ""tp"": 13, ""tran_tang"": 15}"
96aa28d597,cao,CAO_NGUYEN,XAUUSD,M30,ban|cong|-,2481,3000,0.827,1,ban,cong,10,10,12,1.2,0,0.01,,"{""buoc"": 10, ""che_do"": ""ban"", ""cho_lui"": 0, ""he_so_lot"": 1.2, ""kieu_lot"": ""cong"", ""lot"": 0.01, ""tp"": 10, ""tran_tang"": 12}"
97f2978447,cao,CAO_NGUYEN,XAUUSD,M30,mua|cong|-,2427,3000,0.809,1,mua,cong,16,13,15,1.2,0,0.01,,"{""buoc"": 16, ""che_do"": ""mua"", ""cho_lui"": 0, ""he_so_lot"": 1.2, ""kieu_lot"": ""cong"", ""lot"": 0.01, ""tp"": 13, ""tran_tang"": 15}"
a71066a75b,cao,CAO_NGUYEN,XAUUSD,M30,ban|phang|lui,3000,3000,1.0,1,ban,phang,10,8,10,,6,0.01,,"{""buoc"": 10, ""che_do"": ""ban"", ""cho_lui"": 6, ""kieu_lot"": ""phang"", ""lot"": 0.01, ""tp"": 8, ""tran_tang"": 10}"
a772e95250,cao,CAO_NGUYEN,XAUUSD,M30,ban|cong|-,2481,3000,0.827,1,ban,cong,8,10,12,1.2,0,0.01,,"{""buoc"": 8, ""che_do"": ""ban"", ""cho_lui"": 0, ""he_so_lot"": 1.2, ""kieu_lot"": ""cong"", ""lot"": 0.01, ""tp"": 10, ""tran_tang"": 12}"
ac4fd40544,cao,CAO_NGUYEN,XAUUSD,M30,mua|phang|-,49,72,0.6806,1,mua,phang,24,6,10,,,0.01,,"{""buoc"": 24, ""che_do"": ""mua"", ""kieu_lot"": ""phang"", ""lot"": 0.01, ""tp"": 6, ""tran_tang"": 10}"
ac61c32442,cao,CAO_NGUYEN,XAUUSD,M30,mua|cong|-,2439,3000,0.813,1,mua,cong,16,13,15,0.5,0,0.01,,"{""buoc"": 16, ""che_do"": ""mua"", ""cho_lui"": 0, ""he_so_lot"": 0.5, ""kieu_lot"": ""cong"", ""lot"": 0.01, ""tp"": 13, ""tran_tang"": 15}"
b60906d76a,cao,CAO_NGUYEN,XAUUSD,M30,hai_chieu|cong|-,2601,3000,0.867,1,hai_chieu,cong,8,16,15,1.2,0,0.01,,"{""buoc"": 8, ""che_do"": ""hai_chieu"", ""cho_lui"": 0, ""he_so_lot"": 1.2, ""kieu_lot"": ""cong"", ""lot"": 0.01, ""tp"": 16, ""tran_tang"": 15}"
b872650939,cao,CAO_NGUYEN,XAUUSD,M30,mua|cong|-,2460,3000,0.82,1,mua,cong,20,13,12,0.8,0,0.01,,"{""buoc"": 20, ""che_do"": ""mua"", ""cho_lui"": 0, ""he_so_lot"": 0.8, ""kieu_lot"": ""cong"", ""lot"": 0.01, ""tp"": 13, ""tran_tang"": 12}"
de55869073,cao,CAO_NGUYEN,XAUUSD,M30,ban|phang|lui,3000,3000,1.0,2,ban,phang,8,10,12,,10,0.01,,"{""buoc"": 8, ""che_do"": ""ban"", ""cho_lui"": 10, ""kieu_lot"": ""phang"", ""lot"": 0.01, ""tp"": 10, ""tran_tang"": 12}"
e320fd71ad,cao,CAO_NGUYEN,XAUUSD,M30,ban|nhan|lui,2922,3000,0.974,1,ban,nhan,8,8,15,1.2,10,0.01,,"{""buoc"": 8, ""che_do"": ""ban"", ""cho_lui"": 10, ""he_so_lot"": 1.2, ""kieu_lot"": ""nhan"", ""lot"": 0.01, ""tp"": 8, ""tran_tang"": 15}"
f0eaa4172d,cao,CAO_NGUYEN,XAUUSD,M30,ban|cong|-,2412,3000,0.804,1,ban,cong,20,8,7,1.2,0,0.01,,"{""buoc"": 20, ""che_do"": ""ban"", ""cho_lui"": 0, ""he_so_lot"": 1.2, ""kieu_lot"": ""cong"", ""lot"": 0.01, ""tp"": 8, ""tran_tang"": 7}"
f704e485ac,cao,CAO_NGUYEN,XAUUSD,M30,hai_chieu|nhan|-,2895,3000,0.965,1,hai_chieu,nhan,8,13,15,1.2,0,0.01,,"{""buoc"": 8, ""che_do"": ""hai_chieu"", ""cho_lui"": 0, ""he_so_lot"": 1.2, ""kieu_lot"": ""nhan"", ""lot"": 0.01, ""tp"": 13, ""tran_tang"": 15}"
f9aea17bee,cao,CAO_NGUYEN,XAUUSD,M30,hai_chieu|phang|-,2988,3000,0.996,1,hai_chieu,phang,10,10,15,,0,0.01,,"{""buoc"": 10, ""che_do"": ""hai_chieu"", ""cho_lui"": 0, ""kieu_lot"": ""phang"", ""lot"": 0.01, ""tp"": 10, ""tran_tang"": 15}"
0d3c466183,cao,CAO_NGUYEN,XAUUSD,M5,ban|cong|lui,2181,3000,0.727,1,ban,cong,24,6,8,0.8,10,0.01,,"{""buoc"": 24, ""che_do"": ""ban"", ""cho_lui"": 10, ""he_so_lot"": 0.8, ""kieu_lot"": ""cong"", ""lot"": 0.01, ""tp"": 6, ""tran_tang"": 8}"
0e64e8aff3,cao,CAO_NGUYEN,XAUUSD,M5,ban|cong|-,2265,3000,0.755,1,ban,cong,24,20,15,0.3,0,0.01,,"{""buoc"": 24, ""che_do"": ""ban"", ""cho_lui"": 0, ""he_so_lot"": 0.3, ""kieu_lot"": ""cong"", ""lot"": 0.01, ""tp"": 20, ""tran_tang"": 15}"
2302b17c92,cao,CAO_NGUYEN,XAUUSD,M5,ban|nhan|lui,2898,3000,0.966,1,ban,nhan,10,8,15,1.2,10,0.01,,"{""buoc"": 10, ""che_do"": ""ban"", ""cho_lui"": 10, ""he_so_lot"": 1.2, ""kieu_lot"": ""nhan"", ""lot"": 0.01, ""tp"": 8, ""tran_tang"": 15}"
32a7f246c2,cao,CAO_NGUYEN,XAUUSD,M5,mua|cong|-,2349,3000,0.783,1,mua,cong,16,13,15,0.5,0,0.01,,"{""buoc"": 16, ""che_do"": ""mua"", ""cho_lui"": 0, ""he_so_lot"": 0.5, ""kieu_lot"": ""cong"", ""lot"": 0.01, ""tp"": 13, ""tran_tang"": 15}"
3b7bb12e3d,cao,CAO_NGUYEN,XAUUSD,M5,ban|nhan|lui,2892,3000,0.964,1,ban,nhan,8,8,15,1.2,10,0.01,,"{""buoc"": 8, ""che_do"": ""ban"", ""cho_lui"": 10, ""he_so_lot"": 1.2, ""kieu_lot"": ""nhan"", ""lot"": 0.01, ""tp"": 8, ""tran_tang"": 15}"
46ef3aa2af,cao,CAO_NGUYEN,XAUUSD,M5,mua|phang|lui,2190,3000,0.73,3,mua,phang,20,13,12,,10,0.01,,"{""buoc"": 20, ""che_do"": ""mua"", ""cho_lui"": 10, ""kieu_lot"": ""phang"", ""lot"": 0.01, ""tp"": 13, ""tran_tang"": 12}"
56d5ae4e38,cao,CAO_NGUYEN,XAUUSD,M5,mua|phang|-,89,120,0.7417,1,mua,phang,30,10,12,,,0.01,,"{""buoc"": 30, ""che_do"": ""mua"", ""he_so_buoc"": 1, ""kieu_lot"": ""phang"", ""lot"": 0.01, ""tp"": 10, ""tran_tang"": 12}"
6836248514,cao,CAO_NGUYEN,XAUUSD,M5,hai_chieu|phang|lui,2988,3000,0.996,2,hai_chieu,phang,24,34,12,,3,0.01,,"{""buoc"": 24, ""che_do"": ""hai_chieu"", ""cho_lui"": 3, ""kieu_lot"": ""phang"", ""lot"": 0.01, ""tp"": 34, ""tran_tang"": 12}"
80ab6c021b,cao,CAO_NGUYEN,XAUUSD,M5,hai_chieu|cong|-,2433,3000,0.811,1,hai_chieu,cong,24,16,15,1.2,0,0.01,,"{""buoc"": 24, ""che_do"": ""hai_chieu"", ""cho_lui"": 0, ""he_so_lot"": 1.2, ""kieu_lot"": ""cong"", ""lot"": 0.01, ""tp"": 16, ""tran_tang"": 15}"
86c27482e8,cao,CAO_NGUYEN,XAUUSD,M5,ban|phang|lui,3000,3000,1.0,3,ban,phang,8,6,5,,10,0.01,,"{""buoc"": 8, ""che_do"": ""ban"", ""cho_lui"": 10, ""kieu_lot"": ""phang"", ""lot"": 0.01, ""tp"": 6, ""tran_tang"": 5}"
8cec596df7,cao,CAO_NGUYEN,XAUUSD,M5,hai_chieu|nhan|-,2880,3000,0.96,1,hai_chieu,nhan,16,13,15,1.2,0,0.01,,"{""buoc"": 16, ""che_do"": ""hai_chieu"", ""cho_lui"": 0, ""he_so_lot"": 1.2, ""kieu_lot"": ""nhan"", ""lot"": 0.01, ""tp"": 13, ""tran_tang"": 15}"
abf40cac4a,cao,CAO_NGUYEN,XAUUSD,M5,hai_chieu|nhan|-,2883,3000,0.961,1,hai_chieu,nhan,20,13,15,1.2,0,0.01,,"{""buoc"": 20, ""che_do"": ""hai_chieu"", ""cho_lui"": 0, ""he_so_lot"": 1.2, ""kieu_lot"": ""nhan"", ""lot"": 0.01, ""tp"": 13, ""tran_tang"": 15}"
ad12e41576,cao,CAO_NGUYEN,XAUUSD,M5,hai_chieu|cong|-,2427,3000,0.809,1,hai_chieu,cong,8,16,15,1.2,0,0.01,,"{""buoc"": 8, ""che_do"": ""hai_chieu"", ""cho_lui"": 0, ""he_so_lot"": 1.2, ""kieu_lot"": ""cong"", ""lot"": 0.01, ""tp"": 16, ""tran_tang"": 15}"
b864ddb4da,cao,CAO_NGUYEN,XAUUSD,M5,mua|cong|-,2355,3000,0.785,1,mua,cong,20,8,12,0.8,0,0.01,,"{""buoc"": 20, ""che_do"": ""mua"", ""cho_lui"": 0, ""he_so_lot"": 0.8, ""kieu_lot"": ""cong"", ""lot"": 0.01, ""tp"": 8, ""tran_tang"": 12}"
c00ced9b30,cao,CAO_NGUYEN,XAUUSD,M5,ban|cong|-,2268,3000,0.756,1,ban,cong,60,26,7,1.2,0,0.01,,"{""buoc"": 60, ""che_do"": ""ban"", ""cho_lui"": 0, ""he_so_lot"": 1.2, ""kieu_lot"": ""cong"", ""lot"": 0.01, ""tp"": 26, ""tran_tang"": 7}"
e12f0f2c60,cao,CAO_NGUYEN,XAUUSD,M5,hai_chieu|cong|-,2403,3000,0.801,1,hai_chieu,cong,16,13,15,1.2,0,0.01,,"{""buoc"": 16, ""che_do"": ""hai_chieu"", ""cho_lui"": 0, ""he_so_lot"": 1.2, ""kieu_lot"": ""cong"", ""lot"": 0.01, ""tp"": 13, ""tran_tang"": 15}"
f0138b27c4,cao,CAO_NGUYEN,XAUUSD,M5,hai_chieu|phang|-,2982,3000,0.994,1,hai_chieu,phang,24,10,15,,0,0.01,,"{""buoc"": 24, ""che_do"": ""hai_chieu"", ""cho_lui"": 0, ""kieu_lot"": ""phang"", ""lot"": 0.01, ""tp"": 10, ""tran_tang"": 15}"
36539a8cd0,doi,HON_HOP,AUDCAD,H1,ban|nhan|-,1647,3000,0.549,1,ban,nhan,8,8,15,1.2,0,0.01,,"{""buoc"": 8, ""che_do"": ""ban"", ""cho_lui"": 0, ""he_so_lot"": 1.2, ""kieu_lot"": ""nhan"", ""lot"": 0.01, ""tp"": 8, ""tran_tang"": 15}"
8dafec3196,doi,HON_HOP,AUDCAD,H1,ban|nhan|lui,1608,3000,0.536,1,ban,nhan,8,34,12,1.2,6,0.01,,"{""buoc"": 8, ""che_do"": ""ban"", ""cho_lui"": 6, ""he_so_lot"": 1.2, ""kieu_lot"": ""nhan"", ""lot"": 0.01, ""tp"": 34, ""tran_tang"": 12}"
6e23e5613b,doi,HON_HOP,AUDCAD,M15,ban|nhan|lui,523,1000,0.523,1,ban,nhan,8,20,15,1.2,3,0.01,,"{""buoc"": 8, ""che_do"": ""ban"", ""cho_lui"": 3, ""he_so_lot"": 1.2, ""kieu_lot"": ""nhan"", ""lot"": 0.01, ""tp"": 20, ""tran_tang"": 15}"
9592a0ca66,doi,CAI_GAI,AUDCAD,M15,ban|phang|-,4,72,0.0556,1,ban,phang,32,24,10,,,0.01,,"{""buoc"": 32, ""che_do"": ""ban"", ""kieu_lot"": ""phang"", ""lot"": 0.01, ""tp"": 24, ""tran_tang"": 10}"
b052f355c1,doi,HON_HOP,AUDCAD,M15,ban|nhan|lui,530,1000,0.53,1,ban,nhan,12,34,15,1.2,10,0.01,,"{""buoc"": 12, ""che_do"": ""ban"", ""cho_lui"": 10, ""he_so_lot"": 1.2, ""kieu_lot"": ""nhan"", ""lot"": 0.01, ""tp"": 34, ""tran_tang"": 15}"
0422f7734a,doi,HON_HOP,AUDCAD,M30,ban|nhan|lui,1587,3000,0.529,1,ban,nhan,8,34,12,1.2,6,0.01,,"{""buoc"": 8, ""che_do"": ""ban"", ""cho_lui"": 6, ""he_so_lot"": 1.2, ""kieu_lot"": ""nhan"", ""lot"": 0.01, ""tp"": 34, ""tran_tang"": 12}"
600d26ef6b,doi,CAI_GAI,AUDCAD,M30,ban|phang|-,17,72,0.2361,1,ban,phang,32,16,6,,,0.01,,"{""buoc"": 32, ""che_do"": ""ban"", ""kieu_lot"": ""phang"", ""lot"": 0.01, ""tp"": 16, ""tran_tang"": 6}"
c9dbfff953,doi,HON_HOP,AUDCAD,M30,ban|nhan|lui,1617,3000,0.539,1,ban,nhan,8,34,12,1.2,10,0.01,,"{""buoc"": 8, ""che_do"": ""ban"", ""cho_lui"": 10, ""he_so_lot"": 1.2, ""kieu_lot"": ""nhan"", ""lot"": 0.01, ""tp"": 34, ""tran_tang"": 12}"
353613e7b0,doi,HON_HOP,AUDCAD,M5,ban|nhan|lui,493,1000,0.493,1,ban,nhan,10,20,12,1.2,10,0.01,,"{""buoc"": 10, ""che_do"": ""ban"", ""cho_lui"": 10, ""he_so_lot"": 1.2, ""kieu_lot"": ""nhan"", ""lot"": 0.01, ""tp"": 20, ""tran_tang"": 12}"
7a3315c846,doi,HON_HOP,AUDCAD,M5,ban|nhan|lui,508,1000,0.508,1,ban,nhan,16,20,10,1.2,10,0.01,,"{""buoc"": 16, ""che_do"": ""ban"", ""cho_lui"": 10, ""he_so_lot"": 1.2, ""kieu_lot"": ""nhan"", ""lot"": 0.01, ""tp"": 20, ""tran_tang"": 10}"
8db77630bb,doi,HON_HOP,AUDCHF,H1,ban|nhan|-,1106,2253,0.4909,1,ban,nhan,30,16,12,1.2,0,0.01,,"{""buoc"": 30, ""che_do"": ""ban"", ""cho_lui"": 0, ""he_so_lot"": 1.2, ""kieu_lot"": ""nhan"", ""lot"": 0.01, ""tp"": 16, ""tran_tang"": 12}"
dc551997d3,doi,HON_HOP,AUDCHF,H1,ban|nhan|lui,1107,2223,0.498,1,ban,nhan,30,34,6,1.2,6,0.01,,"{""buoc"": 30, ""che_do"": ""ban"", ""cho_lui"": 6, ""he_so_lot"": 1.2, ""kieu_lot"": ""nhan"", ""lot"": 0.01, ""tp"": 34, ""tran_tang"": 6}"
080e4ea14e,doi,HON_HOP,AUDCHF,M15,ban|nhan|lui,978,2253,0.4341,1,ban,nhan,12,60,15,1.2,3,0.01,,"{""buoc"": 12, ""che_do"": ""ban"", ""cho_lui"": 3, ""he_so_lot"": 1.2, ""kieu_lot"": ""nhan"", ""lot"": 0.01, ""tp"": 60, ""tran_tang"": 15}"
c0d6b304aa,doi,HON_HOP,AUDCHF,M15,ban|nhan|lui,983,2223,0.4422,1,ban,nhan,30,34,6,1.2,6,0.01,,"{""buoc"": 30, ""che_do"": ""ban"", ""cho_lui"": 6, ""he_so_lot"": 1.2, ""kieu_lot"": ""nhan"", ""lot"": 0.01, ""tp"": 34, ""tran_tang"": 6}"
2a0e9b036f,doi,HON_HOP,AUDCHF,M30,ban|cong|lui,1695,2464,0.6879,1,ban,cong,60,34,4,0.5,3,0.01,,"{""buoc"": 60, ""che_do"": ""ban"", ""cho_lui"": 3, ""he_so_lot"": 0.5, ""kieu_lot"": ""cong"", ""lot"": 0.01, ""tp"": 34, ""tran_tang"": 4}"
b1383dad0f,doi,HON_HOP,AUDCHF,M30,ban|nhan|lui,1016,2223,0.457,1,ban,nhan,30,34,6,1.2,6,0.01,,"{""buoc"": 30, ""che_do"": ""ban"", ""cho_lui"": 6, ""he_so_lot"": 1.2, ""kieu_lot"": ""nhan"", ""lot"": 0.01, ""tp"": 34, ""tran_tang"": 6}"
b2deb90616,doi,HON_HOP,AUDCHF,M30,ban|nhan|lui,1018,2253,0.4518,1,ban,nhan,12,60,15,1.2,3,0.01,,"{""buoc"": 12, ""che_do"": ""ban"", ""cho_lui"": 3, ""he_so_lot"": 1.2, ""kieu_lot"": ""nhan"", ""lot"": 0.01, ""tp"": 60, ""tran_tang"": 15}"
2ba2013688,doi,HON_HOP,AUDCHF,M5,ban|cong|-,1551,3000,0.517,1,ban,cong,20,6,15,1.2,0,0.01,,"{""buoc"": 20, ""che_do"": ""ban"", ""cho_lui"": 0, ""he_so_lot"": 1.2, ""kieu_lot"": ""cong"", ""lot"": 0.01, ""tp"": 6, ""tran_tang"": 15}"
2f184d6c7e,doi,HON_HOP,AUDCHF,M5,ban|nhan|lui,948,3000,0.316,1,ban,nhan,8,13,15,1.2,3,0.01,,"{""buoc"": 8, ""che_do"": ""ban"", ""cho_lui"": 3, ""he_so_lot"": 1.2, ""kieu_lot"": ""nhan"", ""lot"": 0.01, ""tp"": 13, ""tran_tang"": 15}"
70d11d7b39,doi,HON_HOP,AUDCHF,M5,ban|phang|lui,1176,3000,0.392,3,ban,phang,10,6,4,,10,0.01,,"{""buoc"": 10, ""che_do"": ""ban"", ""cho_lui"": 10, ""kieu_lot"": ""phang"", ""lot"": 0.01, ""tp"": 6, ""tran_tang"": 4}"
a4511692d3,doi,HON_HOP,AUDCHF,M5,ban|cong|lui,1575,3000,0.525,1,ban,cong,60,13,12,1.2,6,0.01,,"{""buoc"": 60, ""che_do"": ""ban"", ""cho_lui"": 6, ""he_so_lot"": 1.2, ""kieu_lot"": ""cong"", ""lot"": 0.01, ""tp"": 13, ""tran_tang"": 12}"
cea31e3a33,doi,HON_HOP,AUDCHF,M5,ban|cong|lui,1539,3000,0.513,1,ban,cong,8,6,5,0.8,10,0.01,,"{""buoc"": 8, ""che_do"": ""ban"", ""cho_lui"": 10, ""he_so_lot"": 0.8, ""kieu_lot"": ""cong"", ""lot"": 0.01, ""tp"": 6, ""tran_tang"": 5}"
e3f39a0d50,doi,CAI_GAI,AUDCHF,M5,ban|nhan|lui,891,3000,0.297,1,ban,nhan,36,16,8,1.2,6,0.01,,"{""buoc"": 36, ""che_do"": ""ban"", ""cho_lui"": 6, ""he_so_lot"": 1.2, ""kieu_lot"": ""nhan"", ""lot"": 0.01, ""tp"": 16, ""tran_tang"": 8}"
125ec6eaa0,doi,HON_HOP,AUDNZD,H1,ban|nhan|lui,1158,3000,0.386,2,ban,nhan,20,26,15,1.2,3,0.01,,"{""buoc"": 20, ""che_do"": ""ban"", ""cho_lui"": 3, ""he_so_lot"": 1.2, ""kieu_lot"": ""nhan"", ""lot"": 0.01, ""tp"": 26, ""tran_tang"": 15}"
3ec6d6959b,doi,HON_HOP,AUDNZD,H1,ban|phang|lui,1755,3000,0.585,1,ban,phang,8,20,10,,10,0.01,,"{""buoc"": 8, ""che_do"": ""ban"", ""cho_lui"": 10, ""kieu_lot"": ""phang"", ""lot"": 0.01, ""tp"": 20, ""tran_tang"": 10}"
a9c6c33fc8,doi,HON_HOP,AUDNZD,H1,hai_chieu|nhan|lui,1644,3000,0.548,1,hai_chieu,nhan,12,20,15,1.2,3,0.01,,"{""buoc"": 12, ""che_do"": ""hai_chieu"", ""cho_lui"": 3, ""he_so_lot"": 1.2, ""kieu_lot"": ""nhan"", ""lot"": 0.01, ""tp"": 20, ""tran_tang"": 15}"
ae5cce71f8,doi,HON_HOP,AUDNZD,H1,ban|phang|lui,1767,3000,0.589,2,ban,phang,16,20,6,,10,0.01,,"{""buoc"": 16, ""che_do"": ""ban"", ""cho_lui"": 10, ""kieu_lot"": ""phang"", ""lot"": 0.01, ""tp"": 20, ""tran_tang"": 6}"
e97b09c27a,doi,HON_HOP,AUDNZD,H1,hai_chieu|nhan|-,1632,3000,0.544,1,hai_chieu,nhan,8,13,15,1.2,0,0.01,,"{""buoc"": 8, ""che_do"": ""hai_chieu"", ""cho_lui"": 0, ""he_so_lot"": 1.2, ""kieu_lot"": ""nhan"", ""lot"": 0.01, ""tp"": 13, ""tran_tang"": 15}"
1dc3bdd301,doi,HON_HOP,AUDNZD,M15,ban|phang|lui,1719,3000,0.573,1,ban,phang,8,20,12,,10,0.01,,"{""buoc"": 8, ""che_do"": ""ban"", ""cho_lui"": 10, ""kieu_lot"": ""phang"", ""lot"": 0.01, ""tp"": 20, ""tran_tang"": 12}"
275f6e4632,doi,HON_HOP,AUDNZD,M15,hai_chieu|nhan|lui,1539,3000,0.513,1,hai_chieu,nhan,12,20,15,1.2,3,0.01,,"{""buoc"": 12, ""che_do"": ""hai_chieu"", ""cho_lui"": 3, ""he_so_lot"": 1.2, ""kieu_lot"": ""nhan"", ""lot"": 0.01, ""tp"": 20, ""tran_tang"": 15}"
4864cd9b8c,doi,HON_HOP,AUDNZD,M15,ban|nhan|lui,1062,3000,0.354,1,ban,nhan,36,34,8,1.2,10,0.01,,"{""buoc"": 36, ""che_do"": ""ban"", ""cho_lui"": 10, ""he_so_lot"": 1.2, ""kieu_lot"": ""nhan"", ""lot"": 0.01, ""tp"": 34, ""tran_tang"": 8}"
593fb4cb14,doi,CAI_GAI,AUDNZD,M15,hai_chieu|phang|-,11,72,0.1528,1,hai_chieu,phang,48,16,10,,,0.01,,"{""buoc"": 48, ""che_do"": ""hai_chieu"", ""kieu_lot"": ""phang"", ""lot"": 0.01, ""tp"": 16, ""tran_tang"": 10}"
6943f2d4aa,doi,HON_HOP,AUDNZD,M15,ban|cong|lui,1791,3000,0.597,1,ban,cong,45,34,7,1.2,6,0.01,,"{""buoc"": 45, ""che_do"": ""ban"", ""cho_lui"": 6, ""he_so_lot"": 1.2, ""kieu_lot"": ""cong"", ""lot"": 0.01, ""tp"": 34, ""tran_tang"": 7}"
d72be9a328,doi,HON_HOP,AUDNZD,M15,ban|nhan|lui,1077,3000,0.359,1,ban,nhan,24,26,12,1.2,6,0.01,,"{""buoc"": 24, ""che_do"": ""ban"", ""cho_lui"": 6, ""he_so_lot"": 1.2, ""kieu_lot"": ""nhan"", ""lot"": 0.01, ""tp"": 26, ""tran_tang"": 12}"
da27a95803,doi,HON_HOP,AUDNZD,M15,ban|phang|lui,1707,3000,0.569,2,ban,phang,36,13,7,,3,0.01,,"{""buoc"": 36, ""che_do"": ""ban"", ""cho_lui"": 3, ""kieu_lot"": ""phang"", ""lot"": 0.01, ""tp"": 13, ""tran_tang"": 7}"
fd6da2195e,doi,HON_HOP,AUDNZD,M15,hai_chieu|nhan|-,1512,3000,0.504,1,hai_chieu,nhan,8,13,15,1.2,0,0.01,,"{""buoc"": 8, ""che_do"": ""hai_chieu"", ""cho_lui"": 0, ""he_so_lot"": 1.2, ""kieu_lot"": ""nhan"", ""lot"": 0.01, ""tp"": 13, ""tran_tang"": 15}"
0ccce7be19,doi,HON_HOP,AUDNZD,M30,ban|nhan|lui,1071,3000,0.357,1,ban,nhan,36,34,8,1.2,10,0.01,,"{""buoc"": 36, ""che_do"": ""ban"", ""cho_lui"": 10, ""he_so_lot"": 1.2, ""kieu_lot"": ""nhan"", ""lot"": 0.01, ""tp"": 34, ""tran_tang"": 8}"
433372850f,doi,HON_HOP,AUDNZD,M30,ban|phang|lui,1746,3000,0.582,3,ban,phang,30,20,8,,6,0.01,,"{""buoc"": 30, ""che_do"": ""ban"", ""cho_lui"": 6, ""kieu_lot"": ""phang"", ""lot"": 0.01, ""tp"": 20, ""tran_tang"": 8}"
922afc2ba1,doi,CAI_GAI,AUDNZD,M30,hai_chieu|phang|-,16,72,0.2222,1,hai_chieu,phang,48,16,10,,,0.01,,"{""buoc"": 48, ""che_do"": ""hai_chieu"", ""kieu_lot"": ""phang"", ""lot"": 0.01, ""tp"": 16, ""tran_tang"": 10}"
9bdb00df40,doi,HON_HOP,AUDNZD,M30,ban|nhan|lui,1092,3000,0.364,1,ban,nhan,24,26,12,1.2,6,0.01,,"{""buoc"": 24, ""che_do"": ""ban"", ""cho_lui"": 6, ""he_so_lot"": 1.2, ""kieu_lot"": ""nhan"", ""lot"": 0.01, ""tp"": 26, ""tran_tang"": 12}"
df7a946258,doi,HON_HOP,AUDNZD,M30,hai_chieu|nhan|-,1566,3000,0.522,1,hai_chieu,nhan,8,13,15,1.2,0,0.01,,"{""buoc"": 8, ""che_do"": ""hai_chieu"", ""cho_lui"": 0, ""he_so_lot"": 1.2, ""kieu_lot"": ""nhan"", ""lot"": 0.01, ""tp"": 13, ""tran_tang"": 15}"
ff4c1db8e4,doi,HON_HOP,AUDNZD,M30,hai_chieu|nhan|lui,1578,3000,0.526,1,hai_chieu,nhan,12,20,8,1.2,3,0.01,,"{""buoc"": 12, ""che_do"": ""hai_chieu"", ""cho_lui"": 3, ""he_so_lot"": 1.2, ""kieu_lot"": ""nhan"", ""lot"": 0.01, ""tp"": 20, ""tran_tang"": 8}"
0bfd1b482f,doi,HON_HOP,AUDNZD,M5,ban|cong|lui,1143,3000,0.381,1,ban,cong,24,34,12,0.8,10,0.01,,"{""buoc"": 24, ""che_do"": ""ban"", ""cho_lui"": 10, ""he_so_lot"": 0.8, ""kieu_lot"": ""cong"", ""lot"": 0.01, ""tp"": 34, ""tran_tang"": 12}"
136f80e743,doi,HON_HOP,AUDNZD,M5,hai_chieu|nhan|lui,1566,3000,0.522,1,hai_chieu,nhan,36,16,15,1.2,6,0.01,,"{""buoc"": 36, ""che_do"": ""hai_chieu"", ""cho_lui"": 6, ""he_so_lot"": 1.2, ""kieu_lot"": ""nhan"", ""lot"": 0.01, ""tp"": 16, ""tran_tang"": 15}"
2fcf9dc7ad,doi,HON_HOP,AUDNZD,M5,hai_chieu|nhan|lui,1521,3000,0.507,1,hai_chieu,nhan,36,16,10,1.2,6,0.01,,"{""buoc"": 36, ""che_do"": ""hai_chieu"", ""cho_lui"": 6, ""he_so_lot"": 1.2, ""kieu_lot"": ""nhan"", ""lot"": 0.01, ""tp"": 16, ""tran_tang"": 10}"
38f5417ef6,doi,HON_HOP,AUDNZD,M5,ban|cong|lui,1203,3000,0.401,1,ban,cong,24,13,12,0.8,3,0.01,,"{""buoc"": 24, ""che_do"": ""ban"", ""cho_lui"": 3, ""he_so_lot"": 0.8, ""kieu_lot"": ""cong"", ""lot"": 0.01, ""tp"": 13, ""tran_tang"": 12}"
a9eee46a53,doi,HON_HOP,AUDNZD,M5,ban|cong|lui,1215,3000,0.405,1,ban,cong,16,26,10,0.3,10,0.01,,"{""buoc"": 16, ""che_do"": ""ban"", ""cho_lui"": 10, ""he_so_lot"": 0.3, ""kieu_lot"": ""cong"", ""lot"": 0.01, ""tp"": 26, ""tran_tang"": 10}"
ad815aee6b,doi,CAI_GAI,AUDNZD,M5,ban|nhan|lui,474,3000,0.158,1,ban,nhan,100,8,4,1.2,10,0.01,,"{""buoc"": 100, ""che_do"": ""ban"", ""cho_lui"": 10, ""he_so_lot"": 1.2, ""kieu_lot"": ""nhan"", ""lot"": 0.01, ""tp"": 8, ""tran_tang"": 4}"
dfe1f5f647,doi,CAI_GAI,AUDNZD,M5,ban|nhan|lui,483,3000,0.161,1,ban,nhan,30,20,8,1.2,10,0.01,,"{""buoc"": 30, ""che_do"": ""ban"", ""cho_lui"": 10, ""he_so_lot"": 1.2, ""kieu_lot"": ""nhan"", ""lot"": 0.01, ""tp"": 20, ""tran_tang"": 8}"
e6e499ab2a,doi,HON_HOP,AUDNZD,M5,ban|phang|lui,924,3000,0.308,3,ban,phang,20,13,12,,6,0.01,,"{""buoc"": 20, ""che_do"": ""ban"", ""cho_lui"": 6, ""kieu_lot"": ""phang"", ""lot"": 0.01, ""tp"": 13, ""tran_tang"": 12}"
03dd6fa995,doi,HON_HOP,EURCAD,H1,mua|cong|lui,2697,3000,0.899,1,mua,cong,8,10,15,1.2,3,0.01,,"{""buoc"": 8, ""che_do"": ""mua"", ""cho_lui"": 3, ""he_so_lot"": 1.2, ""kieu_lot"": ""cong"", ""lot"": 0.01, ""tp"": 10, ""tran_tang"": 15}"
2e0696b422,doi,HON_HOP,EURCAD,H1,ban|nhan|-,2553,3000,0.851,1,ban,nhan,45,20,12,1.2,0,0.01,,"{""buoc"": 45, ""che_do"": ""ban"", ""cho_lui"": 0, ""he_so_lot"": 1.2, ""kieu_lot"": ""nhan"", ""lot"": 0.01, ""tp"": 20, ""tran_tang"": 12}"
6df23eeed6,doi,HON_HOP,EURCAD,H1,mua|nhan|lui,2265,3000,0.755,1,mua,nhan,8,10,15,1.2,3,0.01,,"{""buoc"": 8, ""che_do"": ""mua"", ""cho_lui"": 3, ""he_so_lot"": 1.2, ""kieu_lot"": ""nhan"", ""lot"": 0.01, ""tp"": 10, ""tran_tang"": 15}"
a3cf7a19b2,doi,HON_HOP,EURCAD,M15,hai_chieu|cong|lui,2661,3000,0.887,1,hai_chieu,cong,8,8,10,1.2,6,0.01,,"{""buoc"": 8, ""che_do"": ""hai_chieu"", ""cho_lui"": 6, ""he_so_lot"": 1.2, ""kieu_lot"": ""cong"", ""lot"": 0.01, ""tp"": 8, ""tran_tang"": 10}"
bf3061c124,doi,HON_HOP,EURCAD,M15,ban|phang|-,26,72,0.3611,1,ban,phang,8,6,10,,,0.01,,"{""buoc"": 8, ""che_do"": ""ban"", ""kieu_lot"": ""phang"", ""lot"": 0.01, ""tp"": 6, ""tran_tang"": 10}"
1de0fe49a2,doi,HON_HOP,EURCAD,M30,mua|cong|lui,2685,3000,0.895,1,mua,cong,8,13,15,0.8,6,0.01,,"{""buoc"": 8, ""che_do"": ""mua"", ""cho_lui"": 6, ""he_so_lot"": 0.8, ""kieu_lot"": ""cong"", ""lot"": 0.01, ""tp"": 13, ""tran_tang"": 15}"
e9e41b5be4,doi,HON_HOP,EURCAD,M30,ban|phang|-,33,72,0.4583,1,ban,phang,8,6,8,,,0.01,,"{""buoc"": 8, ""che_do"": ""ban"", ""kieu_lot"": ""phang"", ""lot"": 0.01, ""tp"": 6, ""tran_tang"": 8}"
d5ea89c2fb,doi,HON_HOP,EURGBP,M15,ban|cong|lui,2511,3000,0.837,1,ban,cong,8,10,15,1.2,3,0.01,,"{""buoc"": 8, ""che_do"": ""ban"", ""cho_lui"": 3, ""he_so_lot"": 1.2, ""kieu_lot"": ""cong"", ""lot"": 0.01, ""tp"": 10, ""tran_tang"": 15}"
0d2683748e,doi,HON_HOP,EURGBP,M30,ban|cong|lui,2514,3000,0.838,1,ban,cong,8,10,15,1.2,3,0.01,,"{""buoc"": 8, ""che_do"": ""ban"", ""cho_lui"": 3, ""he_so_lot"": 1.2, ""kieu_lot"": ""cong"", ""lot"": 0.01, ""tp"": 10, ""tran_tang"": 15}"
3ce70d3dc8,doi,HON_HOP,EURUSD,M15,mua|cong|-,2031,3000,0.677,1,mua,cong,16,6,7,1.2,0,0.01,,"{""buoc"": 16, ""che_do"": ""mua"", ""cho_lui"": 0, ""he_so_lot"": 1.2, ""kieu_lot"": ""cong"", ""lot"": 0.01, ""tp"": 6, ""tran_tang"": 7}"
0eddd4aa38,doi,HON_HOP,EURUSD,M30,ban|cong|-,2274,3000,0.758,1,ban,cong,12,6,8,1.2,0,0.01,,"{""buoc"": 12, ""che_do"": ""ban"", ""cho_lui"": 0, ""he_so_lot"": 1.2, ""kieu_lot"": ""cong"", ""lot"": 0.01, ""tp"": 6, ""tran_tang"": 8}"
271546a1fb,doi,HON_HOP,GBPAUD,H1,ban|nhan|-,1104,3000,0.368,1,ban,nhan,20,26,15,1.2,0,0.01,,"{""buoc"": 20, ""che_do"": ""ban"", ""cho_lui"": 0, ""he_so_lot"": 1.2, ""kieu_lot"": ""nhan"", ""lot"": 0.01, ""tp"": 26, ""tran_tang"": 15}"
e2252bcd1e,doi,HON_HOP,GBPAUD,H1,ban|nhan|-,1101,3000,0.367,1,ban,nhan,20,34,15,1.2,0,0.01,,"{""buoc"": 20, ""che_do"": ""ban"", ""cho_lui"": 0, ""he_so_lot"": 1.2, ""kieu_lot"": ""nhan"", ""lot"": 0.01, ""tp"": 34, ""tran_tang"": 15}"
b9f236a4e1,doi,HON_HOP,GBPAUD,M15,ban|nhan|lui,1062,3000,0.354,1,ban,nhan,12,20,15,1.2,10,0.01,,"{""buoc"": 12, ""che_do"": ""ban"", ""cho_lui"": 10, ""he_so_lot"": 1.2, ""kieu_lot"": ""nhan"", ""lot"": 0.01, ""tp"": 20, ""tran_tang"": 15}"
e16fdd66c7,doi,HON_HOP,GBPAUD,M15,ban|nhan|lui,1044,3000,0.348,1,ban,nhan,20,26,12,1.2,3,0.01,,"{""buoc"": 20, ""che_do"": ""ban"", ""cho_lui"": 3, ""he_so_lot"": 1.2, ""kieu_lot"": ""nhan"", ""lot"": 0.01, ""tp"": 26, ""tran_tang"": 12}"
9d8d517355,doi,HON_HOP,GBPAUD,M30,ban|nhan|-,1059,3000,0.353,1,ban,nhan,20,16,12,1.2,0,0.01,,"{""buoc"": 20, ""che_do"": ""ban"", ""cho_lui"": 0, ""he_so_lot"": 1.2, ""kieu_lot"": ""nhan"", ""lot"": 0.01, ""tp"": 16, ""tran_tang"": 12}"
e8163930a5,doi,HON_HOP,GBPAUD,M30,ban|nhan|lui,1074,3000,0.358,1,ban,nhan,12,26,15,1.2,10,0.01,,"{""buoc"": 12, ""che_do"": ""ban"", ""cho_lui"": 10, ""he_so_lot"": 1.2, ""kieu_lot"": ""nhan"", ""lot"": 0.01, ""tp"": 26, ""tran_tang"": 15}"
4bad70ba67,doi,HON_HOP,NZDCAD,H1,mua|nhan|lui,1203,3000,0.401,1,mua,nhan,8,13,6,1.2,10,0.01,,"{""buoc"": 8, ""che_do"": ""mua"", ""cho_lui"": 10, ""he_so_lot"": 1.2, ""kieu_lot"": ""nhan"", ""lot"": 0.01, ""tp"": 13, ""tran_tang"": 6}"
5c0a599d4e,doi,HON_HOP,NZDCAD,H1,mua|nhan|lui,1185,3000,0.395,1,mua,nhan,12,10,4,1.2,10,0.01,,"{""buoc"": 12, ""che_do"": ""mua"", ""cho_lui"": 10, ""he_so_lot"": 1.2, ""kieu_lot"": ""nhan"", ""lot"": 0.01, ""tp"": 10, ""tran_tang"": 4}"
4ace0e7cdf,doi,HON_HOP,NZDCAD,M15,ban|phang|-,41,72,0.5694,1,ban,phang,32,16,8,,,0.01,,"{""buoc"": 32, ""che_do"": ""ban"", ""kieu_lot"": ""phang"", ""lot"": 0.01, ""tp"": 16, ""tran_tang"": 8}"
745741615e,doi,HON_HOP,NZDCAD,M15,mua|nhan|lui,1158,3000,0.386,1,mua,nhan,8,13,6,1.2,10,0.01,,"{""buoc"": 8, ""che_do"": ""mua"", ""cho_lui"": 10, ""he_so_lot"": 1.2, ""kieu_lot"": ""nhan"", ""lot"": 0.01, ""tp"": 13, ""tran_tang"": 6}"
795c48c96d,doi,HON_HOP,NZDCAD,M15,hai_chieu|phang|-,23,72,0.3194,1,hai_chieu,phang,32,16,8,,,0.01,,"{""buoc"": 32, ""che_do"": ""hai_chieu"", ""kieu_lot"": ""phang"", ""lot"": 0.01, ""tp"": 16, ""tran_tang"": 8}"
d50745d02c,doi,HON_HOP,NZDCAD,M15,mua|nhan|lui,1137,3000,0.379,1,mua,nhan,12,10,4,1.2,10,0.01,,"{""buoc"": 12, ""che_do"": ""mua"", ""cho_lui"": 10, ""he_so_lot"": 1.2, ""kieu_lot"": ""nhan"", ""lot"": 0.01, ""tp"": 10, ""tran_tang"": 4}"
0171d8f83b,doi,HON_HOP,NZDCAD,M30,mua|cong|lui,2151,3000,0.717,1,mua,cong,8,8,8,0.5,3,0.01,,"{""buoc"": 8, ""che_do"": ""mua"", ""cho_lui"": 3, ""he_so_lot"": 0.5, ""kieu_lot"": ""cong"", ""lot"": 0.01, ""tp"": 8, ""tran_tang"": 8}"
15c830dba4,doi,HON_HOP,NZDCAD,M30,mua|nhan|lui,1182,3000,0.394,1,mua,nhan,8,8,6,1.2,10,0.01,,"{""buoc"": 8, ""che_do"": ""mua"", ""cho_lui"": 10, ""he_so_lot"": 1.2, ""kieu_lot"": ""nhan"", ""lot"": 0.01, ""tp"": 8, ""tran_tang"": 6}"
1c7e476d4d,doi,HON_HOP,NZDCAD,M30,mua|nhan|lui,1152,3000,0.384,1,mua,nhan,12,10,4,1.2,10,0.01,,"{""buoc"": 12, ""che_do"": ""mua"", ""cho_lui"": 10, ""he_so_lot"": 1.2, ""kieu_lot"": ""nhan"", ""lot"": 0.01, ""tp"": 10, ""tran_tang"": 4}"
7fc72a6538,doi,HON_HOP,NZDCAD,M30,hai_chieu|phang|-,31,72,0.4306,1,hai_chieu,phang,24,24,10,,,0.01,,"{""buoc"": 24, ""che_do"": ""hai_chieu"", ""kieu_lot"": ""phang"", ""lot"": 0.01, ""tp"": 24, ""tran_tang"": 10}"
1d87e3bff9,doi,CAI_GAI,NZDCAD,M5,mua|nhan|lui,591,3000,0.197,1,mua,nhan,20,26,10,1.2,10,0.01,,"{""buoc"": 20, ""che_do"": ""mua"", ""cho_lui"": 10, ""he_so_lot"": 1.2, ""kieu_lot"": ""nhan"", ""lot"": 0.01, ""tp"": 26, ""tran_tang"": 10}"
3305b7997f,doi,HON_HOP,NZDCAD,M5,mua|cong|lui,1788,3000,0.596,1,mua,cong,20,34,12,1.2,10,0.01,,"{""buoc"": 20, ""che_do"": ""mua"", ""cho_lui"": 10, ""he_so_lot"": 1.2, ""kieu_lot"": ""cong"", ""lot"": 0.01, ""tp"": 34, ""tran_tang"": 12}"
3b7e0b9291,doi,CAI_GAI,NZDCAD,M5,mua|nhan|lui,567,3000,0.189,1,mua,nhan,30,26,8,1.2,10,0.01,,"{""buoc"": 30, ""che_do"": ""mua"", ""cho_lui"": 10, ""he_so_lot"": 1.2, ""kieu_lot"": ""nhan"", ""lot"": 0.01, ""tp"": 26, ""tran_tang"": 8}"
5c9f7303d5,doi,HON_HOP,NZDCAD,M5,mua|phang|lui,1386,3000,0.462,3,mua,phang,20,20,15,,10,0.01,,"{""buoc"": 20, ""che_do"": ""mua"", ""cho_lui"": 10, ""kieu_lot"": ""phang"", ""lot"": 0.01, ""tp"": 20, ""tran_tang"": 15}"
6908a2c2ce,doi,HON_HOP,NZDCAD,M5,mua|cong|lui,1779,3000,0.593,1,mua,cong,24,26,15,0.8,6,0.01,,"{""buoc"": 24, ""che_do"": ""mua"", ""cho_lui"": 6, ""he_so_lot"": 0.8, ""kieu_lot"": ""cong"", ""lot"": 0.01, ""tp"": 26, ""tran_tang"": 15}"
d56211b3a9,doi,HON_HOP,NZDCAD,M5,mua|cong|lui,1755,3000,0.585,1,mua,cong,30,20,12,0.5,3,0.01,,"{""buoc"": 30, ""che_do"": ""mua"", ""cho_lui"": 3, ""he_so_lot"": 0.5, ""kieu_lot"": ""cong"", ""lot"": 0.01, ""tp"": 20, ""tran_tang"": 12}"
0a9559f31b,doi,HON_HOP,USDCAD,H1,ban|phang|lui,1323,3000,0.441,3,ban,phang,8,10,7,,6,0.01,,"{""buoc"": 8, ""che_do"": ""ban"", ""cho_lui"": 6, ""kieu_lot"": ""phang"", ""lot"": 0.01, ""tp"": 10, ""tran_tang"": 7}"
3d9fa152b7,doi,HON_HOP,USDCAD,H1,ban|cong|-,1758,3000,0.586,1,ban,cong,8,8,10,1.2,0,0.01,,"{""buoc"": 8, ""che_do"": ""ban"", ""cho_lui"": 0, ""he_so_lot"": 1.2, ""kieu_lot"": ""cong"", ""lot"": 0.01, ""tp"": 8, ""tran_tang"": 10}"
3e4a8b830c,doi,HON_HOP,USDCAD,H1,ban|cong|-,1734,3000,0.578,1,ban,cong,8,10,15,1.2,0,0.01,,"{""buoc"": 8, ""che_do"": ""ban"", ""cho_lui"": 0, ""he_so_lot"": 1.2, ""kieu_lot"": ""cong"", ""lot"": 0.01, ""tp"": 10, ""tran_tang"": 15}"
ba66091784,doi,CAI_GAI,USDCAD,H1,ban|nhan|-,699,3000,0.233,2,ban,nhan,8,8,15,1.2,0,0.01,,"{""buoc"": 8, ""che_do"": ""ban"", ""cho_lui"": 0, ""he_so_lot"": 1.2, ""kieu_lot"": ""nhan"", ""lot"": 0.01, ""tp"": 8, ""tran_tang"": 15}"
d57e039178,doi,HON_HOP,USDCAD,H1,ban|cong|-,1800,3000,0.6,1,ban,cong,10,10,12,1.2,0,0.01,,"{""buoc"": 10, ""che_do"": ""ban"", ""cho_lui"": 0, ""he_so_lot"": 1.2, ""kieu_lot"": ""cong"", ""lot"": 0.01, ""tp"": 10, ""tran_tang"": 12}"
00cdf98f7f,doi,HON_HOP,USDCAD,M15,ban|cong|lui,1578,3000,0.526,1,ban,cong,8,10,6,1.2,6,0.01,,"{""buoc"": 8, ""che_do"": ""ban"", ""cho_lui"": 6, ""he_so_lot"": 1.2, ""kieu_lot"": ""cong"", ""lot"": 0.01, ""tp"": 10, ""tran_tang"": 6}"
500d8b3182,doi,HON_HOP,USDCAD,M15,ban|phang|lui,1098,3000,0.366,3,ban,phang,10,6,7,,3,0.01,,"{""buoc"": 10, ""che_do"": ""ban"", ""cho_lui"": 3, ""kieu_lot"": ""phang"", ""lot"": 0.01, ""tp"": 6, ""tran_tang"": 7}"
660c0a8c15,doi,CAI_GAI,USDCAD,M15,ban|phang|-,21,72,0.2917,1,ban,phang,8,6,6,,,0.01,,"{""buoc"": 8, ""che_do"": ""ban"", ""kieu_lot"": ""phang"", ""lot"": 0.01, ""tp"": 6, ""tran_tang"": 6}"
6b6db1d8d1,doi,CAI_GAI,USDCAD,M15,ban|nhan|lui,687,3000,0.229,1,ban,nhan,12,10,4,1.2,10,0.01,,"{""buoc"": 12, ""che_do"": ""ban"", ""cho_lui"": 10, ""he_so_lot"": 1.2, ""kieu_lot"": ""nhan"", ""lot"": 0.01, ""tp"": 10, ""tran_tang"": 4}"
b0b203d5e4,doi,HON_HOP,USDCAD,M15,ban|cong|lui,1611,3000,0.537,1,ban,cong,8,10,10,1.2,6,0.01,,"{""buoc"": 8, ""che_do"": ""ban"", ""cho_lui"": 6, ""he_so_lot"": 1.2, ""kieu_lot"": ""cong"", ""lot"": 0.01, ""tp"": 10, ""tran_tang"": 10}"
b643afdf77,doi,HON_HOP,USDCAD,M15,ban|cong|lui,1626,3000,0.542,1,ban,cong,8,10,15,1.2,6,0.01,,"{""buoc"": 8, ""che_do"": ""ban"", ""cho_lui"": 6, ""he_so_lot"": 1.2, ""kieu_lot"": ""cong"", ""lot"": 0.01, ""tp"": 10, ""tran_tang"": 15}"
cd24b24316,doi,CAI_GAI,USDCAD,M15,ban|nhan|lui,642,3000,0.214,1,ban,nhan,12,10,15,1.2,10,0.01,,"{""buoc"": 12, ""che_do"": ""ban"", ""cho_lui"": 10, ""he_so_lot"": 1.2, ""kieu_lot"": ""nhan"", ""lot"": 0.01, ""tp"": 10, ""tran_tang"": 15}"
0ca6a1d7d6,doi,HON_HOP,USDCAD,M30,ban|cong|-,1752,3000,0.584,1,ban,cong,8,6,12,1.2,0,0.01,,"{""buoc"": 8, ""che_do"": ""ban"", ""cho_lui"": 0, ""he_so_lot"": 1.2, ""kieu_lot"": ""cong"", ""lot"": 0.01, ""tp"": 6, ""tran_tang"": 12}"
5cad68a9da,doi,HON_HOP,USDCAD,M30,ban|phang|lui,1206,3000,0.402,3,ban,phang,10,8,5,,6,0.01,,"{""buoc"": 10, ""che_do"": ""ban"", ""cho_lui"": 6, ""kieu_lot"": ""phang"", ""lot"": 0.01, ""tp"": 8, ""tran_tang"": 5}"
678848707d,doi,HON_HOP,USDCAD,M30,ban|phang|-,34,72,0.4722,1,ban,phang,8,6,6,,,0.01,,"{""buoc"": 8, ""che_do"": ""ban"", ""kieu_lot"": ""phang"", ""lot"": 0.01, ""tp"": 6, ""tran_tang"": 6}"
6d0502d28f,doi,HON_HOP,USDCAD,M30,ban|cong|-,1716,3000,0.572,2,ban,cong,10,6,15,1.2,0,0.01,,"{""buoc"": 10, ""che_do"": ""ban"", ""cho_lui"": 0, ""he_so_lot"": 1.2, ""kieu_lot"": ""cong"", ""lot"": 0.01, ""tp"": 6, ""tran_tang"": 15}"
84aefee39c,doi,CAI_GAI,USDCAD,M30,ban|nhan|-,696,3000,0.232,1,ban,nhan,8,8,15,1.2,0,0.01,,"{""buoc"": 8, ""che_do"": ""ban"", ""cho_lui"": 0, ""he_so_lot"": 1.2, ""kieu_lot"": ""nhan"", ""lot"": 0.01, ""tp"": 8, ""tran_tang"": 15}"
894a2d16e1,doi,CAI_GAI,USDCAD,M30,ban|nhan|-,717,3000,0.239,1,ban,nhan,12,8,15,1.2,0,0.01,,"{""buoc"": 12, ""che_do"": ""ban"", ""cho_lui"": 0, ""he_so_lot"": 1.2, ""kieu_lot"": ""nhan"", ""lot"": 0.01, ""tp"": 8, ""tran_tang"": 15}"
1b3be7cd3a,doi,CAI_GAI,USDCHF,H1,ban|nhan|-,561,3000,0.187,1,ban,nhan,8,13,15,1.2,0,0.01,,"{""buoc"": 8, ""che_do"": ""ban"", ""cho_lui"": 0, ""he_so_lot"": 1.2, ""kieu_lot"": ""nhan"", ""lot"": 0.01, ""tp"": 13, ""tran_tang"": 15}"
2145ac7790,doi,HON_HOP,USDCHF,H1,ban|phang|-,1605,3000,0.535,2,ban,phang,16,8,10,,0,0.01,,"{""buoc"": 16, ""che_do"": ""ban"", ""cho_lui"": 0, ""kieu_lot"": ""phang"", ""lot"": 0.01, ""tp"": 8, ""tran_tang"": 10}"
d250eef986,doi,CAI_GAI,USDCHF,H1,ban|nhan|-,528,3000,0.176,1,ban,nhan,10,13,12,1.2,0,0.01,,"{""buoc"": 10, ""che_do"": ""ban"", ""cho_lui"": 0, ""he_so_lot"": 1.2, ""kieu_lot"": ""nhan"", ""lot"": 0.01, ""tp"": 13, ""tran_tang"": 12}"
dc8a5cc302,doi,HON_HOP,USDCHF,H1,ban|phang|-,1587,3000,0.529,1,ban,phang,8,8,15,,0,0.01,,"{""buoc"": 8, ""che_do"": ""ban"", ""cho_lui"": 0, ""kieu_lot"": ""phang"", ""lot"": 0.01, ""tp"": 8, ""tran_tang"": 15}"
26d2a39bc7,doi,HON_HOP,USDCHF,M15,ban|phang|lui,1410,3000,0.47,2,ban,phang,12,10,10,,6,0.01,,"{""buoc"": 12, ""che_do"": ""ban"", ""cho_lui"": 6, ""kieu_lot"": ""phang"", ""lot"": 0.01, ""tp"": 10, ""tran_tang"": 10}"
2e154a2b70,doi,HON_HOP,USDCHF,M15,ban|cong|-,1794,3000,0.598,1,ban,cong,8,8,10,0.5,0,0.01,,"{""buoc"": 8, ""che_do"": ""ban"", ""cho_lui"": 0, ""he_so_lot"": 0.5, ""kieu_lot"": ""cong"", ""lot"": 0.01, ""tp"": 8, ""tran_tang"": 10}"
55d2093df5,doi,CAI_GAI,USDCHF,M15,ban|nhan|-,597,3000,0.199,1,ban,nhan,8,6,10,1.2,0,0.01,,"{""buoc"": 8, ""che_do"": ""ban"", ""cho_lui"": 0, ""he_so_lot"": 1.2, ""kieu_lot"": ""nhan"", ""lot"": 0.01, ""tp"": 6, ""tran_tang"": 10}"
652357f7ae,doi,HON_HOP,USDCHF,M15,ban|phang|lui,1410,3000,0.47,1,ban,phang,24,10,15,,10,0.01,,"{""buoc"": 24, ""che_do"": ""ban"", ""cho_lui"": 10, ""kieu_lot"": ""phang"", ""lot"": 0.01, ""tp"": 10, ""tran_tang"": 15}"
824a5f8d9e,doi,CAI_GAI,USDCHF,M15,ban|nhan|-,573,3000,0.191,1,ban,nhan,8,8,15,1.2,0,0.01,,"{""buoc"": 8, ""che_do"": ""ban"", ""cho_lui"": 0, ""he_so_lot"": 1.2, ""kieu_lot"": ""nhan"", ""lot"": 0.01, ""tp"": 8, ""tran_tang"": 15}"
a76774c344,doi,HON_HOP,USDCHF,M15,ban|cong|-,1770,3000,0.59,1,ban,cong,10,6,15,1.2,0,0.01,,"{""buoc"": 10, ""che_do"": ""ban"", ""cho_lui"": 0, ""he_so_lot"": 1.2, ""kieu_lot"": ""cong"", ""lot"": 0.01, ""tp"": 6, ""tran_tang"": 15}"
b125dee975,doi,HON_HOP,USDCHF,M15,ban|cong|-,1806,3000,0.602,1,ban,cong,8,8,10,1.2,0,0.01,,"{""buoc"": 8, ""che_do"": ""ban"", ""cho_lui"": 0, ""he_so_lot"": 1.2, ""kieu_lot"": ""cong"", ""lot"": 0.01, ""tp"": 8, ""tran_tang"": 10}"
fd3aaacab2,doi,CAI_GAI,USDCHF,M15,ban|phang|-,2,72,0.0278,1,ban,phang,12,6,10,,,0.01,,"{""buoc"": 12, ""che_do"": ""ban"", ""kieu_lot"": ""phang"", ""lot"": 0.01, ""tp"": 6, ""tran_tang"": 10}"
4eb7fd68d4,doi,CAI_GAI,USDCHF,M30,ban|nhan|-,537,3000,0.179,1,ban,nhan,8,8,15,1.2,0,0.01,,"{""buoc"": 8, ""che_do"": ""ban"", ""cho_lui"": 0, ""he_so_lot"": 1.2, ""kieu_lot"": ""nhan"", ""lot"": 0.01, ""tp"": 8, ""tran_tang"": 15}"
59ac4e99e3,doi,CAI_GAI,USDCHF,M30,ban|nhan|-,564,3000,0.188,1,ban,nhan,8,13,15,1.2,0,0.01,,"{""buoc"": 8, ""che_do"": ""ban"", ""cho_lui"": 0, ""he_so_lot"": 1.2, ""kieu_lot"": ""nhan"", ""lot"": 0.01, ""tp"": 13, ""tran_tang"": 15}"
8d35efaccc,doi,HON_HOP,USDCHF,M30,ban|phang|lui,1473,3000,0.491,3,ban,phang,20,13,12,,10,0.01,,"{""buoc"": 20, ""che_do"": ""ban"", ""cho_lui"": 10, ""kieu_lot"": ""phang"", ""lot"": 0.01, ""tp"": 13, ""tran_tang"": 12}"
a2f79e3777,doi,CAI_GAI,USDCHF,M30,ban|phang|-,7,72,0.0972,1,ban,phang,8,6,10,,,0.01,,"{""buoc"": 8, ""che_do"": ""ban"", ""kieu_lot"": ""phang"", ""lot"": 0.01, ""tp"": 6, ""tran_tang"": 10}"
6dea08a410,doi,HON_HOP,USDCHF,M5,ban|phang|lui,1341,3000,0.447,1,ban,phang,10,8,7,,6,0.01,,"{""buoc"": 10, ""che_do"": ""ban"", ""cho_lui"": 6, ""kieu_lot"": ""phang"", ""lot"": 0.01, ""tp"": 8, ""tran_tang"": 7}"
87fcd1d531,doi,HON_HOP,USDCHF,M5,ban|cong|lui,1647,3000,0.549,1,ban,cong,20,10,12,1.2,6,0.01,,"{""buoc"": 20, ""che_do"": ""ban"", ""cho_lui"": 6, ""he_so_lot"": 1.2, ""kieu_lot"": ""cong"", ""lot"": 0.01, ""tp"": 10, ""tran_tang"": 12}"
cb9e0b506e,doi,HON_HOP,USDCHF,M5,ban|phang|lui,1314,3000,0.438,1,ban,phang,12,10,7,,6,0.01,,"{""buoc"": 12, ""che_do"": ""ban"", ""cho_lui"": 6, ""kieu_lot"": ""phang"", ""lot"": 0.01, ""tp"": 10, ""tran_tang"": 7}"
0f06bc37d8,doi,CAI_GAI,USDJPY,H1,ban|nhan|lui,123,3000,0.041,1,ban,nhan,12,10,15,1.2,3,0.01,,"{""buoc"": 12, ""che_do"": ""ban"", ""cho_lui"": 3, ""he_so_lot"": 1.2, ""kieu_lot"": ""nhan"", ""lot"": 0.01, ""tp"": 10, ""tran_tang"": 15}"
0f790df767,doi,CAI_GAI,USDJPY,H1,ban|phang|lui,312,3000,0.104,1,ban,phang,10,10,15,,10,0.01,,"{""buoc"": 10, ""che_do"": ""ban"", ""cho_lui"": 10, ""kieu_lot"": ""phang"", ""lot"": 0.01, ""tp"": 10, ""tran_tang"": 15}"
42b279d836,doi,CAI_GAI,USDJPY,H1,ban|phang|lui,327,3000,0.109,2,ban,phang,10,10,12,,10,0.01,,"{""buoc"": 10, ""che_do"": ""ban"", ""cho_lui"": 10, ""kieu_lot"": ""phang"", ""lot"": 0.01, ""tp"": 10, ""tran_tang"": 12}"
5b4da9e413,doi,CAI_GAI,USDJPY,H1,ban|cong|-,663,3000,0.221,1,ban,cong,12,6,12,0.8,0,0.01,,"{""buoc"": 12, ""che_do"": ""ban"", ""cho_lui"": 0, ""he_so_lot"": 0.8, ""kieu_lot"": ""cong"", ""lot"": 0.01, ""tp"": 6, ""tran_tang"": 12}"
819d5e102c,doi,HON_HOP,USDJPY,H1,hai_chieu|cong|-,1278,3000,0.426,1,hai_chieu,cong,10,10,12,1.2,0,0.01,,"{""buoc"": 10, ""che_do"": ""hai_chieu"", ""cho_lui"": 0, ""he_so_lot"": 1.2, ""kieu_lot"": ""cong"", ""lot"": 0.01, ""tp"": 10, ""tran_tang"": 12}"
937c5274a7,doi,HON_HOP,USDJPY,H1,hai_chieu|cong|-,1296,3000,0.432,1,hai_chieu,cong,8,8,10,0.8,0,0.01,,"{""buoc"": 8, ""che_do"": ""hai_chieu"", ""cho_lui"": 0, ""he_so_lot"": 0.8, ""kieu_lot"": ""cong"", ""lot"": 0.01, ""tp"": 8, ""tran_tang"": 10}"
9428f0f630,doi,CAI_GAI,USDJPY,H1,hai_chieu|phang|lui,753,3000,0.251,1,hai_chieu,phang,8,8,8,,10,0.01,,"{""buoc"": 8, ""che_do"": ""hai_chieu"", ""cho_lui"": 10, ""kieu_lot"": ""phang"", ""lot"": 0.01, ""tp"": 8, ""tran_tang"": 8}"
baf6144502,doi,HON_HOP,USDJPY,H1,hai_chieu|cong|-,1281,3000,0.427,1,hai_chieu,cong,12,8,15,1.2,0,0.01,,"{""buoc"": 12, ""che_do"": ""hai_chieu"", ""cho_lui"": 0, ""he_so_lot"": 1.2, ""kieu_lot"": ""cong"", ""lot"": 0.01, ""tp"": 8, ""tran_tang"": 15}"
c4456f60d6,doi,CAI_GAI,USDJPY,H1,ban|cong|-,693,3000,0.231,1,ban,cong,16,6,7,1.2,0,0.01,,"{""buoc"": 16, ""che_do"": ""ban"", ""cho_lui"": 0, ""he_so_lot"": 1.2, ""kieu_lot"": ""cong"", ""lot"": 0.01, ""tp"": 6, ""tran_tang"": 7}"
c51edc012b,doi,CAI_GAI,USDJPY,H1,hai_chieu|phang|lui,774,3000,0.258,2,hai_chieu,phang,10,6,15,,3,0.01,,"{""buoc"": 10, ""che_do"": ""hai_chieu"", ""cho_lui"": 3, ""kieu_lot"": ""phang"", ""lot"": 0.01, ""tp"": 6, ""tran_tang"": 15}"
d2f020881f,doi,CAI_GAI,USDJPY,H1,hai_chieu|nhan|-,327,3000,0.109,2,hai_chieu,nhan,8,8,15,1.2,0,0.01,,"{""buoc"": 8, ""che_do"": ""hai_chieu"", ""cho_lui"": 0, ""he_so_lot"": 1.2, ""kieu_lot"": ""nhan"", ""lot"": 0.01, ""tp"": 8, ""tran_tang"": 15}"
d7427a357c,doi,CAI_GAI,USDJPY,H1,ban|cong|-,666,3000,0.222,1,ban,cong,8,6,15,0.8,0,0.01,,"{""buoc"": 8, ""che_do"": ""ban"", ""cho_lui"": 0, ""he_so_lot"": 0.8, ""kieu_lot"": ""cong"", ""lot"": 0.01, ""tp"": 6, ""tran_tang"": 15}"
e909d73cfb,doi,CAI_GAI,USDJPY,H1,ban|nhan|lui,135,3000,0.045,1,ban,nhan,8,13,15,1.2,3,0.01,,"{""buoc"": 8, ""che_do"": ""ban"", ""cho_lui"": 3, ""he_so_lot"": 1.2, ""kieu_lot"": ""nhan"", ""lot"": 0.01, ""tp"": 13, ""tran_tang"": 15}"
06618f80f6,doi,CAI_GAI,USDJPY,M15,ban|nhan|lui,87,3000,0.029,1,ban,nhan,12,8,15,1.2,6,0.01,,"{""buoc"": 12, ""che_do"": ""ban"", ""cho_lui"": 6, ""he_so_lot"": 1.2, ""kieu_lot"": ""nhan"", ""lot"": 0.01, ""tp"": 8, ""tran_tang"": 15}"
0ba4cb2797,doi,CAI_GAI,USDJPY,M15,hai_chieu|phang|lui,567,3000,0.189,3,hai_chieu,phang,8,8,15,,10,0.01,,"{""buoc"": 8, ""che_do"": ""hai_chieu"", ""cho_lui"": 10, ""kieu_lot"": ""phang"", ""lot"": 0.01, ""tp"": 8, ""tran_tang"": 15}"
0d35fc9fe1,doi,CAI_GAI,USDJPY,M15,hai_chieu|nhan|lui,282,3000,0.094,1,hai_chieu,nhan,8,6,12,1.2,3,0.01,,"{""buoc"": 8, ""che_do"": ""hai_chieu"", ""cho_lui"": 3, ""he_so_lot"": 1.2, ""kieu_lot"": ""nhan"", ""lot"": 0.01, ""tp"": 6, ""tran_tang"": 12}"
1c80dd1661,doi,HON_HOP,USDJPY,M15,hai_chieu|cong|-,951,3000,0.317,2,hai_chieu,cong,10,6,15,1.2,0,0.01,,"{""buoc"": 10, ""che_do"": ""hai_chieu"", ""cho_lui"": 0, ""he_so_lot"": 1.2, ""kieu_lot"": ""cong"", ""lot"": 0.01, ""tp"": 6, ""tran_tang"": 15}"
2aadee5f01,doi,HON_HOP,USDJPY,M15,hai_chieu|cong|-,954,3000,0.318,1,hai_chieu,cong,12,6,8,1.2,0,0.01,,"{""buoc"": 12, ""che_do"": ""hai_chieu"", ""cho_lui"": 0, ""he_so_lot"": 1.2, ""kieu_lot"": ""cong"", ""lot"": 0.01, ""tp"": 6, ""tran_tang"": 8}"
469de9d566,doi,CAI_GAI,USDJPY,M15,ban|phang|lui,228,3000,0.076,3,ban,phang,8,8,15,,10,0.01,,"{""buoc"": 8, ""che_do"": ""ban"", ""cho_lui"": 10, ""kieu_lot"": ""phang"", ""lot"": 0.01, ""tp"": 8, ""tran_tang"": 15}"
5d2987c3a2,doi,CAI_GAI,USDJPY,M15,ban|cong|lui,399,3000,0.133,1,ban,cong,8,13,15,1.2,10,0.01,,"{""buoc"": 8, ""che_do"": ""ban"", ""cho_lui"": 10, ""he_so_lot"": 1.2, ""kieu_lot"": ""cong"", ""lot"": 0.01, ""tp"": 13, ""tran_tang"": 15}"
82e99ab401,doi,CAI_GAI,USDJPY,M15,hai_chieu|phang|-,4,72,0.0556,1,hai_chieu,phang,12,6,10,,,0.01,,"{""buoc"": 12, ""che_do"": ""hai_chieu"", ""kieu_lot"": ""phang"", ""lot"": 0.01, ""tp"": 6, ""tran_tang"": 10}"
998ce9db46,doi,CAI_GAI,USDJPY,M15,ban|nhan|lui,93,3000,0.031,1,ban,nhan,8,13,15,1.2,10,0.01,,"{""buoc"": 8, ""che_do"": ""ban"", ""cho_lui"": 10, ""he_so_lot"": 1.2, ""kieu_lot"": ""nhan"", ""lot"": 0.01, ""tp"": 13, ""tran_tang"": 15}"
c8971f749a,doi,CAI_GAI,USDJPY,M15,hai_chieu|nhan|lui,279,3000,0.093,1,hai_chieu,nhan,8,8,10,1.2,10,0.01,,"{""buoc"": 8, ""che_do"": ""hai_chieu"", ""cho_lui"": 10, ""he_so_lot"": 1.2, ""kieu_lot"": ""nhan"", ""lot"": 0.01, ""tp"": 8, ""tran_tang"": 10}"
f2a0f072ed,doi,CAI_GAI,USDJPY,M15,ban|cong|lui,414,3000,0.138,2,ban,cong,12,8,15,1.2,3,0.01,,"{""buoc"": 12, ""che_do"": ""ban"", ""cho_lui"": 3, ""he_so_lot"": 1.2, ""kieu_lot"": ""cong"", ""lot"": 0.01, ""tp"": 8, ""tran_tang"": 15}"
318c052d79,doi,CAI_GAI,USDJPY,M30,hai_chieu|phang|lui,666,3000,0.222,3,hai_chieu,phang,8,8,7,,10,0.01,,"{""buoc"": 8, ""che_do"": ""hai_chieu"", ""cho_lui"": 10, ""kieu_lot"": ""phang"", ""lot"": 0.01, ""tp"": 8, ""tran_tang"": 7}"
38905a7ffb,doi,CAI_GAI,USDJPY,M30,ban|cong|-,504,3000,0.168,1,ban,cong,8,6,15,0.8,0,0.01,,"{""buoc"": 8, ""che_do"": ""ban"", ""cho_lui"": 0, ""he_so_lot"": 0.8, ""kieu_lot"": ""cong"", ""lot"": 0.01, ""tp"": 6, ""tran_tang"": 15}"
3945d6b986,doi,CAI_GAI,USDJPY,M30,ban|nhan|lui,99,3000,0.033,1,ban,nhan,10,13,15,1.2,10,0.01,,"{""buoc"": 10, ""che_do"": ""ban"", ""cho_lui"": 10, ""he_so_lot"": 1.2, ""kieu_lot"": ""nhan"", ""lot"": 0.01, ""tp"": 13, ""tran_tang"": 15}"
4f12dbe5c4,doi,CAI_GAI,USDJPY,M30,ban|cong|-,513,3000,0.171,1,ban,cong,10,6,15,1.2,0,0.01,,"{""buoc"": 10, ""che_do"": ""ban"", ""cho_lui"": 0, ""he_so_lot"": 1.2, ""kieu_lot"": ""cong"", ""lot"": 0.01, ""tp"": 6, ""tran_tang"": 15}"
54ca1827ea,doi,CAI_GAI,USDJPY,M30,ban|nhan|lui,120,3000,0.04,1,ban,nhan,8,10,15,1.2,3,0.01,,"{""buoc"": 8, ""che_do"": ""ban"", ""cho_lui"": 3, ""he_so_lot"": 1.2, ""kieu_lot"": ""nhan"", ""lot"": 0.01, ""tp"": 10, ""tran_tang"": 15}"
5c2d089484,doi,CAI_GAI,USDJPY,M30,hai_chieu|nhan|-,300,3000,0.1,1,hai_chieu,nhan,8,8,15,1.2,0,0.01,,"{""buoc"": 8, ""che_do"": ""hai_chieu"", ""cho_lui"": 0, ""he_so_lot"": 1.2, ""kieu_lot"": ""nhan"", ""lot"": 0.01, ""tp"": 8, ""tran_tang"": 15}"
799a4fe551,doi,CAI_GAI,USDJPY,M30,hai_chieu|phang|-,12,72,0.1667,1,hai_chieu,phang,8,6,10,,,0.01,,"{""buoc"": 8, ""che_do"": ""hai_chieu"", ""kieu_lot"": ""phang"", ""lot"": 0.01, ""tp"": 6, ""tran_tang"": 10}"
84c8a928ae,doi,CAI_GAI,USDJPY,M30,ban|phang|lui,264,3000,0.088,3,ban,phang,8,6,12,,6,0.01,,"{""buoc"": 8, ""che_do"": ""ban"", ""cho_lui"": 6, ""kieu_lot"": ""phang"", ""lot"": 0.01, ""tp"": 6, ""tran_tang"": 12}"
870cbad2e9,doi,CAI_GAI,USDJPY,M30,ban|cong|-,507,3000,0.169,1,ban,cong,8,6,12,1.2,0,0.01,,"{""buoc"": 8, ""che_do"": ""ban"", ""cho_lui"": 0, ""he_so_lot"": 1.2, ""kieu_lot"": ""cong"", ""lot"": 0.01, ""tp"": 6, ""tran_tang"": 12}"
9a2ff77057,doi,HON_HOP,USDJPY,M30,hai_chieu|cong|-,1134,3000,0.378,1,hai_chieu,cong,12,8,15,1.2,0,0.01,,"{""buoc"": 12, ""che_do"": ""hai_chieu"", ""cho_lui"": 0, ""he_so_lot"": 1.2, ""kieu_lot"": ""cong"", ""lot"": 0.01, ""tp"": 8, ""tran_tang"": 15}"
9b05a7001b,doi,HON_HOP,USDJPY,M30,hai_chieu|cong|-,1089,3000,0.363,1,hai_chieu,cong,8,6,12,1.2,0,0.01,,"{""buoc"": 8, ""che_do"": ""hai_chieu"", ""cho_lui"": 0, ""he_so_lot"": 1.2, ""kieu_lot"": ""cong"", ""lot"": 0.01, ""tp"": 6, ""tran_tang"": 12}"
dc3275b8df,doi,HON_HOP,USDJPY,M30,hai_chieu|cong|-,1137,3000,0.379,1,hai_chieu,cong,8,6,15,0.8,0,0.01,,"{""buoc"": 8, ""che_do"": ""hai_chieu"", ""cho_lui"": 0, ""he_so_lot"": 0.8, ""kieu_lot"": ""cong"", ""lot"": 0.01, ""tp"": 6, ""tran_tang"": 15}"
fff8303612,doi,CAI_GAI,USDJPY,M30,hai_chieu|nhan|lui,315,3000,0.105,1,hai_chieu,nhan,8,10,15,1.2,3,0.01,,"{""buoc"": 8, ""che_do"": ""hai_chieu"", ""cho_lui"": 3, ""he_so_lot"": 1.2, ""kieu_lot"": ""nhan"", ""lot"": 0.01, ""tp"": 10, ""tran_tang"": 15}"
2466f882d1,doi,CAI_GAI,USDJPY,M5,ban|phang|lui,219,3000,0.073,1,ban,phang,10,6,7,,10,0.01,,"{""buoc"": 10, ""che_do"": ""ban"", ""cho_lui"": 10, ""kieu_lot"": ""phang"", ""lot"": 0.01, ""tp"": 6, ""tran_tang"": 7}"
7ca909475f,doi,CAI_GAI,USDJPY,M5,ban|nhan|lui,99,3000,0.033,1,ban,nhan,10,6,12,1.2,10,0.01,,"{""buoc"": 10, ""che_do"": ""ban"", ""cho_lui"": 10, ""he_so_lot"": 1.2, ""kieu_lot"": ""nhan"", ""lot"": 0.01, ""tp"": 6, ""tran_tang"": 12}"
96aba8196e,doi,CAI_GAI,USDJPY,M5,ban|cong|lui,315,3000,0.105,1,ban,cong,8,6,15,1.2,6,0.01,,"{""buoc"": 8, ""che_do"": ""ban"", ""cho_lui"": 6, ""he_so_lot"": 1.2, ""kieu_lot"": ""cong"", ""lot"": 0.01, ""tp"": 6, ""tran_tang"": 15}"
2926ba63e7,doi,CAI_GAI,XAUUSD,H1,mua|cong|-,399,3000,0.133,2,mua,cong,100,26,15,0.8,0,0.01,,"{""buoc"": 100, ""che_do"": ""mua"", ""cho_lui"": 0, ""he_so_lot"": 0.8, ""kieu_lot"": ""cong"", ""lot"": 0.01, ""tp"": 26, ""tran_tang"": 15}"
2a83953f67,doi,CAI_GAI,XAUUSD,H1,mua|phang|lui,240,3000,0.08,3,mua,phang,100,10,15,,6,0.01,,"{""buoc"": 100, ""che_do"": ""mua"", ""cho_lui"": 6, ""kieu_lot"": ""phang"", ""lot"": 0.01, ""tp"": 10, ""tran_tang"": 15}"
42418b8ff9,doi,CAI_GAI,XAUUSD,H1,hai_chieu|cong|-,705,3000,0.235,1,hai_chieu,cong,80,16,15,1.2,0,0.01,,"{""buoc"": 80, ""che_do"": ""hai_chieu"", ""cho_lui"": 0, ""he_so_lot"": 1.2, ""kieu_lot"": ""cong"", ""lot"": 0.01, ""tp"": 16, ""tran_tang"": 15}"
43faddd006,doi,CAI_GAI,XAUUSD,H1,mua|nhan|lui,60,3000,0.02,1,mua,nhan,80,26,12,1.2,6,0.01,,"{""buoc"": 80, ""che_do"": ""mua"", ""cho_lui"": 6, ""he_so_lot"": 1.2, ""kieu_lot"": ""nhan"", ""lot"": 0.01, ""tp"": 26, ""tran_tang"": 12}"
465d322ff6,doi,CAI_GAI,XAUUSD,H1,hai_chieu|cong|-,657,3000,0.219,1,hai_chieu,cong,100,10,12,0.8,0,0.01,,"{""buoc"": 100, ""che_do"": ""hai_chieu"", ""cho_lui"": 0, ""he_so_lot"": 0.8, ""kieu_lot"": ""cong"", ""lot"": 0.01, ""tp"": 10, ""tran_tang"": 12}"
4d97208131,doi,CAI_GAI,XAUUSD,H1,mua|cong|-,408,3000,0.136,1,mua,cong,60,8,15,1.2,0,0.01,,"{""buoc"": 60, ""che_do"": ""mua"", ""cho_lui"": 0, ""he_so_lot"": 1.2, ""kieu_lot"": ""cong"", ""lot"": 0.01, ""tp"": 8, ""tran_tang"": 15}"
51ba7bffd7,doi,CAI_GAI,XAUUSD,H1,hai_chieu|nhan|-,627,3000,0.209,1,hai_chieu,nhan,80,26,10,1.2,0,0.01,,"{""buoc"": 80, ""che_do"": ""hai_chieu"", ""cho_lui"": 0, ""he_so_lot"": 1.2, ""kieu_lot"": ""nhan"", ""lot"": 0.01, ""tp"": 26, ""tran_tang"": 10}"
60c79cd00d,doi,CAI_GAI,XAUUSD,H1,hai_chieu|phang|-,843,3000,0.281,3,hai_chieu,phang,80,45,15,,0,0.01,,"{""buoc"": 80, ""che_do"": ""hai_chieu"", ""cho_lui"": 0, ""kieu_lot"": ""phang"", ""lot"": 0.01, ""tp"": 45, ""tran_tang"": 15}"
88591f9c5d,doi,CAI_GAI,XAUUSD,H1,mua|phang|-,2,60,0.0333,1,mua,phang,30,20,12,,,0.01,,"{""buoc"": 30, ""che_do"": ""mua"", ""kieu_lot"": ""phang"", ""lot"": 0.01, ""tp"": 20, ""tran_tang"": 12}"
901ced13db,doi,CAI_GAI,XAUUSD,H1,hai_chieu|nhan|-,591,3000,0.197,1,hai_chieu,nhan,60,10,15,1.2,0,0.01,,"{""buoc"": 60, ""che_do"": ""hai_chieu"", ""cho_lui"": 0, ""he_so_lot"": 1.2, ""kieu_lot"": ""nhan"", ""lot"": 0.01, ""tp"": 10, ""tran_tang"": 15}"
9a003009a8,doi,CAI_GAI,XAUUSD,H1,hai_chieu|cong|-,735,3000,0.245,1,hai_chieu,cong,60,16,15,0.8,0,0.01,,"{""buoc"": 60, ""che_do"": ""hai_chieu"", ""cho_lui"": 0, ""he_so_lot"": 0.8, ""kieu_lot"": ""cong"", ""lot"": 0.01, ""tp"": 16, ""tran_tang"": 15}"
ba9c6cc53a,doi,CAI_GAI,XAUUSD,H1,mua|nhan|lui,63,3000,0.021,1,mua,nhan,100,20,12,1.2,6,0.01,,"{""buoc"": 100, ""che_do"": ""mua"", ""cho_lui"": 6, ""he_so_lot"": 1.2, ""kieu_lot"": ""nhan"", ""lot"": 0.01, ""tp"": 20, ""tran_tang"": 12}"
18884e3ef5,doi,HON_HOP,XAUUSD,M15,mua|nhan|-,1416,3000,0.472,1,mua,nhan,20,13,15,1.2,0,0.01,,"{""buoc"": 20, ""che_do"": ""mua"", ""cho_lui"": 0, ""he_so_lot"": 1.2, ""kieu_lot"": ""nhan"", ""lot"": 0.01, ""tp"": 13, ""tran_tang"": 15}"
1b161a95e5,doi,HON_HOP,XAUUSD,M15,mua|cong|-,2421,3000,0.807,1,mua,cong,16,13,15,1.2,0,0.01,,"{""buoc"": 16, ""che_do"": ""mua"", ""cho_lui"": 0, ""he_so_lot"": 1.2, ""kieu_lot"": ""cong"", ""lot"": 0.01, ""tp"": 13, ""tran_tang"": 15}"
37684f3332,doi,HON_HOP,XAUUSD,M15,mua|phang|-,32,72,0.4444,1,mua,phang,32,6,10,,,0.01,,"{""buoc"": 32, ""che_do"": ""mua"", ""kieu_lot"": ""phang"", ""lot"": 0.01, ""tp"": 6, ""tran_tang"": 10}"
7b0723b0b8,doi,HON_HOP,XAUUSD,M15,mua|nhan|-,1398,3000,0.466,1,mua,nhan,16,13,15,1.2,0,0.01,,"{""buoc"": 16, ""che_do"": ""mua"", ""cho_lui"": 0, ""he_so_lot"": 1.2, ""kieu_lot"": ""nhan"", ""lot"": 0.01, ""tp"": 13, ""tran_tang"": 15}"
e7be5efb47,doi,HON_HOP,XAUUSD,M15,hai_chieu|cong|-,2556,3000,0.852,1,hai_chieu,cong,8,16,15,1.2,0,0.01,,"{""buoc"": 8, ""che_do"": ""hai_chieu"", ""cho_lui"": 0, ""he_so_lot"": 1.2, ""kieu_lot"": ""cong"", ""lot"": 0.01, ""tp"": 16, ""tran_tang"": 15}"
51a4f437d8,doi,HON_HOP,XAUUSD,M30,mua|nhan|-,1293,3000,0.431,1,mua,nhan,16,13,15,1.2,0,0.01,,"{""buoc"": 16, ""che_do"": ""mua"", ""cho_lui"": 0, ""he_so_lot"": 1.2, ""kieu_lot"": ""nhan"", ""lot"": 0.01, ""tp"": 13, ""tran_tang"": 15}"
e034b40a64,doi,HON_HOP,XAUUSD,M30,mua|nhan|-,1296,3000,0.432,1,mua,nhan,16,8,15,1.2,0,0.01,,"{""buoc"": 16, ""che_do"": ""mua"", ""cho_lui"": 0, ""he_so_lot"": 1.2, ""kieu_lot"": ""nhan"", ""lot"": 0.01, ""tp"": 8, ""tran_tang"": 15}"
06fb111650,doi,HON_HOP,XAUUSD,M5,mua|nhan|-,1380,3000,0.46,1,mua,nhan,16,8,15,1.2,0,0.01,,"{""buoc"": 16, ""che_do"": ""mua"", ""cho_lui"": 0, ""he_so_lot"": 1.2, ""kieu_lot"": ""nhan"", ""lot"": 0.01, ""tp"": 8, ""tran_tang"": 15}"
40e8e818f1,doi,HON_HOP,XAUUSD,M5,mua|cong|-,2316,3000,0.772,1,mua,cong,16,13,15,1.2,0,0.01,,"{""buoc"": 16, ""che_do"": ""mua"", ""cho_lui"": 0, ""he_so_lot"": 1.2, ""kieu_lot"": ""cong"", ""lot"": 0.01, ""tp"": 13, ""tran_tang"": 15}"
af7ffe0c35,doi,HON_HOP,XAUUSD,M5,mua|nhan|-,1365,3000,0.455,1,mua,nhan,20,10,15,1.2,0,0.01,,"{""buoc"": 20, ""che_do"": ""mua"", ""cho_lui"": 0, ""he_so_lot"": 1.2, ""kieu_lot"": ""nhan"", ""lot"": 0.01, ""tp"": 10, ""tran_tang"": 15}"
c7e2318164,ngau,NGAU_NHIEN,AUDCAD,H1,ban|cong|lui,,,,0,ban,cong,30,34,6,0.5,3,0.01,,"{""buoc"": 30, ""che_do"": ""ban"", ""cho_lui"": 3, ""he_so_lot"": 0.5, ""kieu_lot"": ""cong"", ""lot"": 0.01, ""tp"": 34, ""tran_tang"": 6}"
cf2f128b8d,ngau,NGAU_NHIEN,AUDCAD,H1,ban|cong|lui,,,,0,ban,cong,100,16,8,0.1,10,0.01,,"{""buoc"": 100, ""che_do"": ""ban"", ""cho_lui"": 10, ""he_so_lot"": 0.1, ""kieu_lot"": ""cong"", ""lot"": 0.01, ""tp"": 16, ""tran_tang"": 8}"
e97883efed,ngau,NGAU_NHIEN,AUDCAD,H1,hai_chieu|nhan|lui,,,,0,hai_chieu,nhan,20,13,10,0.8,6,0.01,,"{""buoc"": 20, ""che_do"": ""hai_chieu"", ""cho_lui"": 6, ""he_so_lot"": 0.8, ""kieu_lot"": ""nhan"", ""lot"": 0.01, ""tp"": 13, ""tran_tang"": 10}"
19e3d72072,ngau,NGAU_NHIEN,AUDCAD,M15,hai_chieu|cong|lui,,,,0,hai_chieu,cong,80,60,5,0.5,10,0.01,,"{""buoc"": 80, ""che_do"": ""hai_chieu"", ""cho_lui"": 10, ""he_so_lot"": 0.5, ""kieu_lot"": ""cong"", ""lot"": 0.01, ""tp"": 60, ""tran_tang"": 5}"
343377b402,ngau,NGAU_NHIEN,AUDCAD,M15,hai_chieu|phang|-,,,,0,hai_chieu,phang,24,60,7,,0,0.01,,"{""buoc"": 24, ""che_do"": ""hai_chieu"", ""cho_lui"": 0, ""kieu_lot"": ""phang"", ""lot"": 0.01, ""tp"": 60, ""tran_tang"": 7}"
40e61eeed4,ngau,NGAU_NHIEN,AUDCAD,M15,ban|cong|-,,,,0,ban,cong,8,60,5,0.1,0,0.01,,"{""buoc"": 8, ""che_do"": ""ban"", ""cho_lui"": 0, ""he_so_lot"": 0.1, ""kieu_lot"": ""cong"", ""lot"": 0.01, ""tp"": 60, ""tran_tang"": 5}"
8fbab342ae,ngau,NGAU_NHIEN,AUDCAD,M15,ban|phang|lui,,,,0,ban,phang,36,10,10,,6,0.01,,"{""buoc"": 36, ""che_do"": ""ban"", ""cho_lui"": 6, ""kieu_lot"": ""phang"", ""lot"": 0.01, ""tp"": 10, ""tran_tang"": 10}"
9b4c7e2d73,ngau,NGAU_NHIEN,AUDCAD,M15,ban|phang|-,,,,0,ban,phang,24,34,6,,0,0.01,,"{""buoc"": 24, ""che_do"": ""ban"", ""cho_lui"": 0, ""kieu_lot"": ""phang"", ""lot"": 0.01, ""tp"": 34, ""tran_tang"": 6}"
a89e8d2bf0,ngau,NGAU_NHIEN,AUDCAD,M15,hai_chieu|nhan|lui,,,,0,hai_chieu,nhan,8,26,5,0.5,6,0.01,,"{""buoc"": 8, ""che_do"": ""hai_chieu"", ""cho_lui"": 6, ""he_so_lot"": 0.5, ""kieu_lot"": ""nhan"", ""lot"": 0.01, ""tp"": 26, ""tran_tang"": 5}"
de600c150a,ngau,NGAU_NHIEN,AUDCAD,M15,mua|cong|-,,,,0,mua,cong,16,45,4,0.1,0,0.01,,"{""buoc"": 16, ""che_do"": ""mua"", ""cho_lui"": 0, ""he_so_lot"": 0.1, ""kieu_lot"": ""cong"", ""lot"": 0.01, ""tp"": 45, ""tran_tang"": 4}"
239a189455,ngau,NGAU_NHIEN,AUDCAD,M30,mua|phang|lui,,,,0,mua,phang,30,60,10,,10,0.01,,"{""buoc"": 30, ""che_do"": ""mua"", ""cho_lui"": 10, ""kieu_lot"": ""phang"", ""lot"": 0.01, ""tp"": 60, ""tran_tang"": 10}"
4436653d7c,ngau,NGAU_NHIEN,AUDCAD,M30,hai_chieu|nhan|-,,,,0,hai_chieu,nhan,12,45,5,1.2,0,0.01,,"{""buoc"": 12, ""che_do"": ""hai_chieu"", ""cho_lui"": 0, ""he_so_lot"": 1.2, ""kieu_lot"": ""nhan"", ""lot"": 0.01, ""tp"": 45, ""tran_tang"": 5}"
85b53ba299,ngau,NGAU_NHIEN,AUDCAD,M30,mua|cong|lui,,,,0,mua,cong,45,45,8,0.8,6,0.01,,"{""buoc"": 45, ""che_do"": ""mua"", ""cho_lui"": 6, ""he_so_lot"": 0.8, ""kieu_lot"": ""cong"", ""lot"": 0.01, ""tp"": 45, ""tran_tang"": 8}"
8cea85a695,ngau,NGAU_NHIEN,AUDCAD,M30,hai_chieu|phang|-,,,,0,hai_chieu,phang,12,6,10,,,0.01,,"{""buoc"": 12, ""che_do"": ""hai_chieu"", ""kieu_lot"": ""phang"", ""lot"": 0.01, ""tp"": 6, ""tran_tang"": 10}"
c23f9b488d,ngau,NGAU_NHIEN,AUDCAD,M30,mua|nhan|lui,,,,0,mua,nhan,45,34,12,0.3,10,0.01,,"{""buoc"": 45, ""che_do"": ""mua"", ""cho_lui"": 10, ""he_so_lot"": 0.3, ""kieu_lot"": ""nhan"", ""lot"": 0.01, ""tp"": 34, ""tran_tang"": 12}"
ec2b52e586,ngau,NGAU_NHIEN,AUDCAD,M30,hai_chieu|phang|lui,,,,0,hai_chieu,phang,16,16,10,,6,0.01,,"{""buoc"": 16, ""che_do"": ""hai_chieu"", ""cho_lui"": 6, ""kieu_lot"": ""phang"", ""lot"": 0.01, ""tp"": 16, ""tran_tang"": 10}"
f85d5ecda1,ngau,NGAU_NHIEN,AUDCAD,M30,hai_chieu|phang|-,,,,0,hai_chieu,phang,12,34,10,,0,0.01,,"{""buoc"": 12, ""che_do"": ""hai_chieu"", ""cho_lui"": 0, ""kieu_lot"": ""phang"", ""lot"": 0.01, ""tp"": 34, ""tran_tang"": 10}"
7524bc93a5,ngau,NGAU_NHIEN,AUDCAD,M5,mua|cong|lui,,,,0,mua,cong,36,60,12,0.1,3,0.01,,"{""buoc"": 36, ""che_do"": ""mua"", ""cho_lui"": 3, ""he_so_lot"": 0.1, ""kieu_lot"": ""cong"", ""lot"": 0.01, ""tp"": 60, ""tran_tang"": 12}"
91f6cb9331,ngau,NGAU_NHIEN,AUDCAD,M5,hai_chieu|phang|lui,,,,0,hai_chieu,phang,24,8,7,,6,0.01,,"{""buoc"": 24, ""che_do"": ""hai_chieu"", ""cho_lui"": 6, ""kieu_lot"": ""phang"", ""lot"": 0.01, ""tp"": 8, ""tran_tang"": 7}"
d2c78c2cfa,ngau,NGAU_NHIEN,AUDCAD,M5,mua|phang|lui,,,,0,mua,phang,20,10,15,,10,0.01,,"{""buoc"": 20, ""che_do"": ""mua"", ""cho_lui"": 10, ""kieu_lot"": ""phang"", ""lot"": 0.01, ""tp"": 10, ""tran_tang"": 15}"
ef7f8c83be,ngau,NGAU_NHIEN,AUDCAD,M5,mua|nhan|-,,,,0,mua,nhan,45,6,8,0.3,0,0.01,,"{""buoc"": 45, ""che_do"": ""mua"", ""cho_lui"": 0, ""he_so_lot"": 0.3, ""kieu_lot"": ""nhan"", ""lot"": 0.01, ""tp"": 6, ""tran_tang"": 8}"
0486408e3c,ngau,NGAU_NHIEN,AUDCHF,H1,hai_chieu|cong|lui,,,,0,hai_chieu,cong,60,8,12,0.1,10,0.01,,"{""buoc"": 60, ""che_do"": ""hai_chieu"", ""cho_lui"": 10, ""he_so_lot"": 0.1, ""kieu_lot"": ""cong"", ""lot"": 0.01, ""tp"": 8, ""tran_tang"": 12}"
09e64c49f2,ngau,NGAU_NHIEN,AUDCHF,H1,ban|cong|-,,,,0,ban,cong,45,60,10,0.5,0,0.01,,"{""buoc"": 45, ""che_do"": ""ban"", ""cho_lui"": 0, ""he_so_lot"": 0.5, ""kieu_lot"": ""cong"", ""lot"": 0.01, ""tp"": 60, ""tran_tang"": 10}"
20c63b8a14,ngau,NGAU_NHIEN,AUDCHF,H1,ban|cong|lui,,,,0,ban,cong,24,26,12,0.8,10,0.01,,"{""buoc"": 24, ""che_do"": ""ban"", ""cho_lui"": 10, ""he_so_lot"": 0.8, ""kieu_lot"": ""cong"", ""lot"": 0.01, ""tp"": 26, ""tran_tang"": 12}"
c8f8a97697,ngau,NGAU_NHIEN,AUDCHF,H1,mua|cong|lui,,,,0,mua,cong,60,8,5,0.3,6,0.01,,"{""buoc"": 60, ""che_do"": ""mua"", ""cho_lui"": 6, ""he_so_lot"": 0.3, ""kieu_lot"": ""cong"", ""lot"": 0.01, ""tp"": 8, ""tran_tang"": 5}"
38735108c5,ngau,NGAU_NHIEN,AUDCHF,M15,ban|phang|lui,,,,0,ban,phang,60,13,7,,10,0.01,,"{""buoc"": 60, ""che_do"": ""ban"", ""cho_lui"": 10, ""kieu_lot"": ""phang"", ""lot"": 0.01, ""tp"": 13, ""tran_tang"": 7}"
aa02bb6758,ngau,NGAU_NHIEN,AUDCHF,M15,ban|cong|lui,,,,0,ban,cong,24,6,12,1.2,10,0.01,,"{""buoc"": 24, ""che_do"": ""ban"", ""cho_lui"": 10, ""he_so_lot"": 1.2, ""kieu_lot"": ""cong"", ""lot"": 0.01, ""tp"": 6, ""tran_tang"": 12}"
b334117ad8,ngau,NGAU_NHIEN,AUDCHF,M15,hai_chieu|nhan|-,,,,0,hai_chieu,nhan,60,13,4,0.1,0,0.01,,"{""buoc"": 60, ""che_do"": ""hai_chieu"", ""cho_lui"": 0, ""he_so_lot"": 0.1, ""kieu_lot"": ""nhan"", ""lot"": 0.01, ""tp"": 13, ""tran_tang"": 4}"
e1aca7ba36,ngau,NGAU_NHIEN,AUDCHF,M15,hai_chieu|cong|lui,,,,0,hai_chieu,cong,80,60,12,0.1,3,0.01,,"{""buoc"": 80, ""che_do"": ""hai_chieu"", ""cho_lui"": 3, ""he_so_lot"": 0.1, ""kieu_lot"": ""cong"", ""lot"": 0.01, ""tp"": 60, ""tran_tang"": 12}"
fb35dfe146,ngau,NGAU_NHIEN,AUDCHF,M15,hai_chieu|phang|-,,,,0,hai_chieu,phang,48,16,10,,,0.01,,"{""buoc"": 48, ""che_do"": ""hai_chieu"", ""kieu_lot"": ""phang"", ""lot"": 0.01, ""tp"": 16, ""tran_tang"": 10}"
0249ee52dd,ngau,NGAU_NHIEN,AUDCHF,M30,mua|phang|lui,,,,0,mua,phang,80,13,15,,10,0.01,,"{""buoc"": 80, ""che_do"": ""mua"", ""cho_lui"": 10, ""kieu_lot"": ""phang"", ""lot"": 0.01, ""tp"": 13, ""tran_tang"": 15}"
171849799d,ngau,NGAU_NHIEN,AUDCHF,M30,hai_chieu|nhan|lui,,,,0,hai_chieu,nhan,30,6,15,0.3,6,0.01,,"{""buoc"": 30, ""che_do"": ""hai_chieu"", ""cho_lui"": 6, ""he_so_lot"": 0.3, ""kieu_lot"": ""nhan"", ""lot"": 0.01, ""tp"": 6, ""tran_tang"": 15}"
505bec63e0,ngau,NGAU_NHIEN,AUDCHF,M30,mua|cong|lui,,,,0,mua,cong,45,8,12,0.5,10,0.01,,"{""buoc"": 45, ""che_do"": ""mua"", ""cho_lui"": 10, ""he_so_lot"": 0.5, ""kieu_lot"": ""cong"", ""lot"": 0.01, ""tp"": 8, ""tran_tang"": 12}"
9df205d457,ngau,NGAU_NHIEN,AUDCHF,M30,mua|phang|-,,,,0,mua,phang,20,8,7,,,0.01,,"{""buoc"": 20, ""che_do"": ""mua"", ""kieu_lot"": ""phang"", ""lot"": 0.01, ""tp"": 8, ""tran_tang"": 7}"
c5a32eb3b2,ngau,NGAU_NHIEN,AUDCHF,M30,hai_chieu|phang|-,,,,0,hai_chieu,phang,8,26,15,,0,0.01,,"{""buoc"": 8, ""che_do"": ""hai_chieu"", ""cho_lui"": 0, ""kieu_lot"": ""phang"", ""lot"": 0.01, ""tp"": 26, ""tran_tang"": 15}"
eb7bba4b2b,ngau,NGAU_NHIEN,AUDCHF,M30,mua|nhan|lui,,,,0,mua,nhan,16,8,15,0.2,6,0.01,,"{""buoc"": 16, ""che_do"": ""mua"", ""cho_lui"": 6, ""he_so_lot"": 0.2, ""kieu_lot"": ""nhan"", ""lot"": 0.01, ""tp"": 8, ""tran_tang"": 15}"
fd77c24835,ngau,NGAU_NHIEN,AUDCHF,M5,hai_chieu|cong|-,,,,0,hai_chieu,cong,80,60,10,0.8,0,0.01,,"{""buoc"": 80, ""che_do"": ""hai_chieu"", ""cho_lui"": 0, ""he_so_lot"": 0.8, ""kieu_lot"": ""cong"", ""lot"": 0.01, ""tp"": 60, ""tran_tang"": 10}"
3b64ccb613,ngau,NGAU_NHIEN,AUDNZD,H1,hai_chieu|cong|lui,,,,0,hai_chieu,cong,12,26,5,0.8,6,0.01,,"{""buoc"": 12, ""che_do"": ""hai_chieu"", ""cho_lui"": 6, ""he_so_lot"": 0.8, ""kieu_lot"": ""cong"", ""lot"": 0.01, ""tp"": 26, ""tran_tang"": 5}"
a3a657d087,ngau,NGAU_NHIEN,AUDNZD,H1,hai_chieu|phang|lui,,,,0,hai_chieu,phang,36,13,10,,6,0.01,,"{""buoc"": 36, ""che_do"": ""hai_chieu"", ""cho_lui"": 6, ""kieu_lot"": ""phang"", ""lot"": 0.01, ""tp"": 13, ""tran_tang"": 10}"
eb01053752,ngau,NGAU_NHIEN,AUDNZD,H1,ban|cong|lui,,,,0,ban,cong,36,20,15,0.1,10,0.01,,"{""buoc"": 36, ""che_do"": ""ban"", ""cho_lui"": 10, ""he_so_lot"": 0.1, ""kieu_lot"": ""cong"", ""lot"": 0.01, ""tp"": 20, ""tran_tang"": 15}"
f1fe226399,ngau,NGAU_NHIEN,AUDNZD,H1,hai_chieu|cong|lui,,,,0,hai_chieu,cong,20,26,12,0.5,6,0.01,,"{""buoc"": 20, ""che_do"": ""hai_chieu"", ""cho_lui"": 6, ""he_so_lot"": 0.5, ""kieu_lot"": ""cong"", ""lot"": 0.01, ""tp"": 26, ""tran_tang"": 12}"
f49d8af87e,ngau,NGAU_NHIEN,AUDNZD,H1,mua|phang|lui,,,,0,mua,phang,36,8,12,,3,0.01,,"{""buoc"": 36, ""che_do"": ""mua"", ""cho_lui"": 3, ""kieu_lot"": ""phang"", ""lot"": 0.01, ""tp"": 8, ""tran_tang"": 12}"
594400fe5c,ngau,NGAU_NHIEN,AUDNZD,M15,hai_chieu|cong|-,,,,0,hai_chieu,cong,20,6,4,0.2,0,0.01,,"{""buoc"": 20, ""che_do"": ""hai_chieu"", ""cho_lui"": 0, ""he_so_lot"": 0.2, ""kieu_lot"": ""cong"", ""lot"": 0.01, ""tp"": 6, ""tran_tang"": 4}"
8e86cddaff,ngau,NGAU_NHIEN,AUDNZD,M15,mua|cong|lui,,,,0,mua,cong,100,26,8,0.8,10,0.01,,"{""buoc"": 100, ""che_do"": ""mua"", ""cho_lui"": 10, ""he_so_lot"": 0.8, ""kieu_lot"": ""cong"", ""lot"": 0.01, ""tp"": 26, ""tran_tang"": 8}"
5ddfb6cc32,ngau,NGAU_NHIEN,AUDNZD,M30,mua|cong|-,,,,0,mua,cong,80,8,7,1.2,0,0.01,,"{""buoc"": 80, ""che_do"": ""mua"", ""cho_lui"": 0, ""he_so_lot"": 1.2, ""kieu_lot"": ""cong"", ""lot"": 0.01, ""tp"": 8, ""tran_tang"": 7}"
5fe042c551,ngau,NGAU_NHIEN,AUDNZD,M30,ban|cong|lui,,,,0,ban,cong,60,16,7,0.1,3,0.01,,"{""buoc"": 60, ""che_do"": ""ban"", ""cho_lui"": 3, ""he_so_lot"": 0.1, ""kieu_lot"": ""cong"", ""lot"": 0.01, ""tp"": 16, ""tran_tang"": 7}"
9567ec9784,ngau,NGAU_NHIEN,AUDNZD,M30,mua|phang|lui,,,,0,mua,phang,80,8,5,,3,0.01,,"{""buoc"": 80, ""che_do"": ""mua"", ""cho_lui"": 3, ""kieu_lot"": ""phang"", ""lot"": 0.01, ""tp"": 8, ""tran_tang"": 5}"
a7b520d39b,ngau,NGAU_NHIEN,AUDNZD,M30,mua|nhan|-,,,,0,mua,nhan,80,20,12,0.1,0,0.01,,"{""buoc"": 80, ""che_do"": ""mua"", ""cho_lui"": 0, ""he_so_lot"": 0.1, ""kieu_lot"": ""nhan"", ""lot"": 0.01, ""tp"": 20, ""tran_tang"": 12}"
f21cf837de,ngau,NGAU_NHIEN,AUDNZD,M30,mua|nhan|lui,,,,0,mua,nhan,45,8,8,0.8,10,0.01,,"{""buoc"": 45, ""che_do"": ""mua"", ""cho_lui"": 10, ""he_so_lot"": 0.8, ""kieu_lot"": ""nhan"", ""lot"": 0.01, ""tp"": 8, ""tran_tang"": 8}"
1b941a9864,ngau,NGAU_NHIEN,AUDNZD,M5,hai_chieu|cong|-,,,,0,hai_chieu,cong,10,20,5,0.3,0,0.01,,"{""buoc"": 10, ""che_do"": ""hai_chieu"", ""cho_lui"": 0, ""he_so_lot"": 0.3, ""kieu_lot"": ""cong"", ""lot"": 0.01, ""tp"": 20, ""tran_tang"": 5}"
77478e71bb,ngau,NGAU_NHIEN,AUDNZD,M5,mua|cong|lui,,,,0,mua,cong,24,13,15,0.2,10,0.01,,"{""buoc"": 24, ""che_do"": ""mua"", ""cho_lui"": 10, ""he_so_lot"": 0.2, ""kieu_lot"": ""cong"", ""lot"": 0.01, ""tp"": 13, ""tran_tang"": 15}"
3e3e4c3385,ngau,NGAU_NHIEN,EURCAD,H1,hai_chieu|nhan|lui,,,,0,hai_chieu,nhan,16,45,7,0.3,10,0.01,,"{""buoc"": 16, ""che_do"": ""hai_chieu"", ""cho_lui"": 10, ""he_so_lot"": 0.3, ""kieu_lot"": ""nhan"", ""lot"": 0.01, ""tp"": 45, ""tran_tang"": 7}"
4d9387c6d7,ngau,NGAU_NHIEN,EURCAD,H1,mua|phang|-,,,,0,mua,phang,15,20,9,,,0.01,,"{""buoc"": 15, ""che_do"": ""mua"", ""kieu_lot"": ""phang"", ""lot"": 0.01, ""tp"": 20, ""tran_tang"": 9}"
820cf5425a,ngau,NGAU_NHIEN,EURCAD,H1,hai_chieu|phang|lui,,,,0,hai_chieu,phang,30,60,4,,10,0.01,,"{""buoc"": 30, ""che_do"": ""hai_chieu"", ""cho_lui"": 10, ""kieu_lot"": ""phang"", ""lot"": 0.01, ""tp"": 60, ""tran_tang"": 4}"
91b5089deb,ngau,NGAU_NHIEN,EURCAD,H1,hai_chieu|cong|lui,,,,0,hai_chieu,cong,10,13,12,0.8,3,0.01,,"{""buoc"": 10, ""che_do"": ""hai_chieu"", ""cho_lui"": 3, ""he_so_lot"": 0.8, ""kieu_lot"": ""cong"", ""lot"": 0.01, ""tp"": 13, ""tran_tang"": 12}"
045e9bb33b,ngau,NGAU_NHIEN,EURCAD,M15,hai_chieu|nhan|lui,,,,0,hai_chieu,nhan,10,10,6,0.1,3,0.01,,"{""buoc"": 10, ""che_do"": ""hai_chieu"", ""cho_lui"": 3, ""he_so_lot"": 0.1, ""kieu_lot"": ""nhan"", ""lot"": 0.01, ""tp"": 10, ""tran_tang"": 6}"
1d7fc5e023,ngau,NGAU_NHIEN,EURCAD,M15,mua|phang|-,,,,0,mua,phang,12,20,12,,0,0.01,,"{""buoc"": 12, ""che_do"": ""mua"", ""cho_lui"": 0, ""kieu_lot"": ""phang"", ""lot"": 0.01, ""tp"": 20, ""tran_tang"": 12}"
3c407e2624,ngau,NGAU_NHIEN,EURCAD,M15,ban|cong|lui,,,,0,ban,cong,16,8,5,0.3,10,0.01,,"{""buoc"": 16, ""che_do"": ""ban"", ""cho_lui"": 10, ""he_so_lot"": 0.3, ""kieu_lot"": ""cong"", ""lot"": 0.01, ""tp"": 8, ""tran_tang"": 5}"
adebb33a94,ngau,NGAU_NHIEN,EURCAD,M15,mua|cong|lui,,,,0,mua,cong,80,10,6,0.1,3,0.01,,"{""buoc"": 80, ""che_do"": ""mua"", ""cho_lui"": 3, ""he_so_lot"": 0.1, ""kieu_lot"": ""cong"", ""lot"": 0.01, ""tp"": 10, ""tran_tang"": 6}"
f13ff9f02f,ngau,NGAU_NHIEN,EURCAD,M15,mua|cong|lui,,,,0,mua,cong,8,10,6,0.5,3,0.01,,"{""buoc"": 8, ""che_do"": ""mua"", ""cho_lui"": 3, ""he_so_lot"": 0.5, ""kieu_lot"": ""cong"", ""lot"": 0.01, ""tp"": 10, ""tran_tang"": 6}"
1f41a90251,ngau,NGAU_NHIEN,EURCAD,M30,ban|cong|lui,,,,0,ban,cong,10,45,8,0.8,3,0.01,,"{""buoc"": 10, ""che_do"": ""ban"", ""cho_lui"": 3, ""he_so_lot"": 0.8, ""kieu_lot"": ""cong"", ""lot"": 0.01, ""tp"": 45, ""tran_tang"": 8}"
26f94cea15,ngau,NGAU_NHIEN,EURCAD,M30,mua|nhan|-,,,,0,mua,nhan,36,10,12,1.2,0,0.01,,"{""buoc"": 36, ""che_do"": ""mua"", ""cho_lui"": 0, ""he_so_lot"": 1.2, ""kieu_lot"": ""nhan"", ""lot"": 0.01, ""tp"": 10, ""tran_tang"": 12}"
5bfa02c781,ngau,NGAU_NHIEN,EURCAD,M30,mua|nhan|lui,,,,0,mua,nhan,10,26,10,1.2,6,0.01,,"{""buoc"": 10, ""che_do"": ""mua"", ""cho_lui"": 6, ""he_so_lot"": 1.2, ""kieu_lot"": ""nhan"", ""lot"": 0.01, ""tp"": 26, ""tran_tang"": 10}"
95889b8229,ngau,NGAU_NHIEN,EURCAD,M30,hai_chieu|cong|lui,,,,0,hai_chieu,cong,80,8,5,1.2,6,0.01,,"{""buoc"": 80, ""che_do"": ""hai_chieu"", ""cho_lui"": 6, ""he_so_lot"": 1.2, ""kieu_lot"": ""cong"", ""lot"": 0.01, ""tp"": 8, ""tran_tang"": 5}"
27c0054ecf,ngau,NGAU_NHIEN,EURCAD,M5,hai_chieu|phang|lui,,,,0,hai_chieu,phang,100,10,6,,3,0.01,,"{""buoc"": 100, ""che_do"": ""hai_chieu"", ""cho_lui"": 3, ""kieu_lot"": ""phang"", ""lot"": 0.01, ""tp"": 10, ""tran_tang"": 6}"
637cf087f1,ngau,NGAU_NHIEN,EURCAD,M5,ban|phang|lui,,,,0,ban,phang,10,34,4,,10,0.01,,"{""buoc"": 10, ""che_do"": ""ban"", ""cho_lui"": 10, ""kieu_lot"": ""phang"", ""lot"": 0.01, ""tp"": 34, ""tran_tang"": 4}"
9d891c12e5,ngau,NGAU_NHIEN,EURCAD,M5,ban|cong|lui,,,,0,ban,cong,8,45,4,0.3,3,0.01,,"{""buoc"": 8, ""che_do"": ""ban"", ""cho_lui"": 3, ""he_so_lot"": 0.3, ""kieu_lot"": ""cong"", ""lot"": 0.01, ""tp"": 45, ""tran_tang"": 4}"
c91b857fb2,ngau,NGAU_NHIEN,EURCAD,M5,ban|phang|lui,,,,0,ban,phang,8,26,8,,10,0.01,,"{""buoc"": 8, ""che_do"": ""ban"", ""cho_lui"": 10, ""kieu_lot"": ""phang"", ""lot"": 0.01, ""tp"": 26, ""tran_tang"": 8}"
3c8f36619b,ngau,NGAU_NHIEN,EURGBP,H1,hai_chieu|cong|lui,,,,0,hai_chieu,cong,100,16,6,0.1,10,0.01,,"{""buoc"": 100, ""che_do"": ""hai_chieu"", ""cho_lui"": 10, ""he_so_lot"": 0.1, ""kieu_lot"": ""cong"", ""lot"": 0.01, ""tp"": 16, ""tran_tang"": 6}"
91a3b55add,ngau,NGAU_NHIEN,EURGBP,H1,ban|nhan|lui,,,,0,ban,nhan,20,60,8,0.2,10,0.01,,"{""buoc"": 20, ""che_do"": ""ban"", ""cho_lui"": 10, ""he_so_lot"": 0.2, ""kieu_lot"": ""nhan"", ""lot"": 0.01, ""tp"": 60, ""tran_tang"": 8}"
92358faf3a,ngau,NGAU_NHIEN,EURGBP,H1,mua|phang|-,,,,0,mua,phang,15,20,7,,,0.01,,"{""buoc"": 15, ""che_do"": ""mua"", ""kieu_lot"": ""phang"", ""lot"": 0.01, ""tp"": 20, ""tran_tang"": 7}"
97da9af930,ngau,NGAU_NHIEN,EURGBP,H1,mua|cong|lui,,,,0,mua,cong,10,16,15,0.5,10,0.01,,"{""buoc"": 10, ""che_do"": ""mua"", ""cho_lui"": 10, ""he_so_lot"": 0.5, ""kieu_lot"": ""cong"", ""lot"": 0.01, ""tp"": 16, ""tran_tang"": 15}"
9b85c512ee,ngau,NGAU_NHIEN,EURGBP,H1,mua|nhan|lui,,,,0,mua,nhan,12,6,10,1.2,3,0.01,,"{""buoc"": 12, ""che_do"": ""mua"", ""cho_lui"": 3, ""he_so_lot"": 1.2, ""kieu_lot"": ""nhan"", ""lot"": 0.01, ""tp"": 6, ""tran_tang"": 10}"
ebedd0bbad,ngau,NGAU_NHIEN,EURGBP,H1,mua|cong|lui,,,,0,mua,cong,10,60,10,0.1,10,0.01,,"{""buoc"": 10, ""che_do"": ""mua"", ""cho_lui"": 10, ""he_so_lot"": 0.1, ""kieu_lot"": ""cong"", ""lot"": 0.01, ""tp"": 60, ""tran_tang"": 10}"
f4b7812088,ngau,NGAU_NHIEN,EURGBP,H1,mua|phang|lui,,,,0,mua,phang,16,8,8,,3,0.01,,"{""buoc"": 16, ""che_do"": ""mua"", ""cho_lui"": 3, ""kieu_lot"": ""phang"", ""lot"": 0.01, ""tp"": 8, ""tran_tang"": 8}"
95e4fa8f7a,ngau,NGAU_NHIEN,EURGBP,M15,mua|cong|lui,,,,0,mua,cong,16,60,6,0.3,10,0.01,,"{""buoc"": 16, ""che_do"": ""mua"", ""cho_lui"": 10, ""he_so_lot"": 0.3, ""kieu_lot"": ""cong"", ""lot"": 0.01, ""tp"": 60, ""tran_tang"": 6}"
d430cf31ed,ngau,NGAU_NHIEN,EURGBP,M15,hai_chieu|nhan|-,,,,0,hai_chieu,nhan,60,16,8,1.2,0,0.01,,"{""buoc"": 60, ""che_do"": ""hai_chieu"", ""cho_lui"": 0, ""he_so_lot"": 1.2, ""kieu_lot"": ""nhan"", ""lot"": 0.01, ""tp"": 16, ""tran_tang"": 8}"
44b103600a,ngau,NGAU_NHIEN,EURGBP,M30,ban|phang|lui,,,,0,ban,phang,80,60,15,,6,0.01,,"{""buoc"": 80, ""che_do"": ""ban"", ""cho_lui"": 6, ""kieu_lot"": ""phang"", ""lot"": 0.01, ""tp"": 60, ""tran_tang"": 15}"
594057f7a3,ngau,NGAU_NHIEN,EURGBP,M30,mua|phang|lui,,,,0,mua,phang,45,10,6,,3,0.01,,"{""buoc"": 45, ""che_do"": ""mua"", ""cho_lui"": 3, ""kieu_lot"": ""phang"", ""lot"": 0.01, ""tp"": 10, ""tran_tang"": 6}"
9094898462,ngau,NGAU_NHIEN,EURGBP,M30,hai_chieu|cong|lui,,,,0,hai_chieu,cong,45,8,7,0.1,6,0.01,,"{""buoc"": 45, ""che_do"": ""hai_chieu"", ""cho_lui"": 6, ""he_so_lot"": 0.1, ""kieu_lot"": ""cong"", ""lot"": 0.01, ""tp"": 8, ""tran_tang"": 7}"
99f90fc66c,ngau,NGAU_NHIEN,EURGBP,M30,mua|nhan|lui,,,,0,mua,nhan,36,16,15,0.3,6,0.01,,"{""buoc"": 36, ""che_do"": ""mua"", ""cho_lui"": 6, ""he_so_lot"": 0.3, ""kieu_lot"": ""nhan"", ""lot"": 0.01, ""tp"": 16, ""tran_tang"": 15}"
a73e575bd0,ngau,NGAU_NHIEN,EURGBP,M30,ban|nhan|lui,,,,0,ban,nhan,60,34,10,0.1,10,0.01,,"{""buoc"": 60, ""che_do"": ""ban"", ""cho_lui"": 10, ""he_so_lot"": 0.1, ""kieu_lot"": ""nhan"", ""lot"": 0.01, ""tp"": 34, ""tran_tang"": 10}"
b53aaec118,ngau,NGAU_NHIEN,EURGBP,M30,ban|phang|-,,,,0,ban,phang,16,10,10,,,0.01,,"{""buoc"": 16, ""che_do"": ""ban"", ""kieu_lot"": ""phang"", ""lot"": 0.01, ""tp"": 10, ""tran_tang"": 10}"
068d0565a4,ngau,NGAU_NHIEN,EURUSD,H1,hai_chieu|phang|lui,,,,0,hai_chieu,phang,30,6,12,,10,0.01,,"{""buoc"": 30, ""che_do"": ""hai_chieu"", ""cho_lui"": 10, ""kieu_lot"": ""phang"", ""lot"": 0.01, ""tp"": 6, ""tran_tang"": 12}"
36b8ab87a8,ngau,NGAU_NHIEN,EURUSD,H1,ban|cong|lui,,,,0,ban,cong,12,6,6,0.1,10,0.01,,"{""buoc"": 12, ""che_do"": ""ban"", ""cho_lui"": 10, ""he_so_lot"": 0.1, ""kieu_lot"": ""cong"", ""lot"": 0.01, ""tp"": 6, ""tran_tang"": 6}"
703e8847c6,ngau,NGAU_NHIEN,EURUSD,H1,hai_chieu|cong|lui,,,,0,hai_chieu,cong,16,34,10,0.3,10,0.01,,"{""buoc"": 16, ""che_do"": ""hai_chieu"", ""cho_lui"": 10, ""he_so_lot"": 0.3, ""kieu_lot"": ""cong"", ""lot"": 0.01, ""tp"": 34, ""tran_tang"": 10}"
dab97e9f2b,ngau,NGAU_NHIEN,EURUSD,H1,hai_chieu|nhan|lui,,,,0,hai_chieu,nhan,24,20,15,0.1,3,0.01,,"{""buoc"": 24, ""che_do"": ""hai_chieu"", ""cho_lui"": 3, ""he_so_lot"": 0.1, ""kieu_lot"": ""nhan"", ""lot"": 0.01, ""tp"": 20, ""tran_tang"": 15}"
2deb578e1e,ngau,NGAU_NHIEN,EURUSD,M15,mua|cong|lui,,,,0,mua,cong,100,10,10,1.2,6,0.01,,"{""buoc"": 100, ""che_do"": ""mua"", ""cho_lui"": 6, ""he_so_lot"": 1.2, ""kieu_lot"": ""cong"", ""lot"": 0.01, ""tp"": 10, ""tran_tang"": 10}"
333c5eb25d,ngau,NGAU_NHIEN,EURUSD,M15,hai_chieu|nhan|lui,,,,0,hai_chieu,nhan,10,13,8,0.1,10,0.01,,"{""buoc"": 10, ""che_do"": ""hai_chieu"", ""cho_lui"": 10, ""he_so_lot"": 0.1, ""kieu_lot"": ""nhan"", ""lot"": 0.01, ""tp"": 13, ""tran_tang"": 8}"
44a01abe4c,ngau,NGAU_NHIEN,EURUSD,M15,ban|cong|lui,,,,0,ban,cong,20,45,15,0.3,6,0.01,,"{""buoc"": 20, ""che_do"": ""ban"", ""cho_lui"": 6, ""he_so_lot"": 0.3, ""kieu_lot"": ""cong"", ""lot"": 0.01, ""tp"": 45, ""tran_tang"": 15}"
63a461be69,ngau,NGAU_NHIEN,EURUSD,M15,mua|nhan|-,,,,0,mua,nhan,36,45,12,0.1,0,0.01,,"{""buoc"": 36, ""che_do"": ""mua"", ""cho_lui"": 0, ""he_so_lot"": 0.1, ""kieu_lot"": ""nhan"", ""lot"": 0.01, ""tp"": 45, ""tran_tang"": 12}"
a53bcb9f40,ngau,NGAU_NHIEN,EURUSD,M15,ban|phang|-,,,,0,ban,phang,48,24,10,,,0.01,,"{""buoc"": 48, ""che_do"": ""ban"", ""kieu_lot"": ""phang"", ""lot"": 0.01, ""tp"": 24, ""tran_tang"": 10}"
f652aad9ec,ngau,NGAU_NHIEN,EURUSD,M15,mua|cong|lui,,,,0,mua,cong,60,20,8,0.5,6,0.01,,"{""buoc"": 60, ""che_do"": ""mua"", ""cho_lui"": 6, ""he_so_lot"": 0.5, ""kieu_lot"": ""cong"", ""lot"": 0.01, ""tp"": 20, ""tran_tang"": 8}"
39c2367dc3,ngau,NGAU_NHIEN,EURUSD,M30,hai_chieu|phang|-,,,,0,hai_chieu,phang,30,60,5,,0,0.01,,"{""buoc"": 30, ""che_do"": ""hai_chieu"", ""cho_lui"": 0, ""kieu_lot"": ""phang"", ""lot"": 0.01, ""tp"": 60, ""tran_tang"": 5}"
5e9e430444,ngau,NGAU_NHIEN,EURUSD,M30,hai_chieu|cong|-,,,,0,hai_chieu,cong,24,45,7,0.8,0,0.01,,"{""buoc"": 24, ""che_do"": ""hai_chieu"", ""cho_lui"": 0, ""he_so_lot"": 0.8, ""kieu_lot"": ""cong"", ""lot"": 0.01, ""tp"": 45, ""tran_tang"": 7}"
9e731f2b6a,ngau,NGAU_NHIEN,EURUSD,M30,mua|phang|lui,,,,0,mua,phang,45,20,12,,3,0.01,,"{""buoc"": 45, ""che_do"": ""mua"", ""cho_lui"": 3, ""kieu_lot"": ""phang"", ""lot"": 0.01, ""tp"": 20, ""tran_tang"": 12}"
c7d22dda59,ngau,NGAU_NHIEN,EURUSD,M30,hai_chieu|cong|lui,,,,0,hai_chieu,cong,24,13,12,0.3,6,0.01,,"{""buoc"": 24, ""che_do"": ""hai_chieu"", ""cho_lui"": 6, ""he_so_lot"": 0.3, ""kieu_lot"": ""cong"", ""lot"": 0.01, ""tp"": 13, ""tran_tang"": 12}"
023dedca46,ngau,NGAU_NHIEN,GBPAUD,H1,mua|phang|lui,,,,0,mua,phang,24,10,5,,10,0.01,,"{""buoc"": 24, ""che_do"": ""mua"", ""cho_lui"": 10, ""kieu_lot"": ""phang"", ""lot"": 0.01, ""tp"": 10, ""tran_tang"": 5}"
467a6acf7b,ngau,NGAU_NHIEN,GBPAUD,H1,ban|cong|lui,,,,0,ban,cong,10,60,8,0.5,10,0.01,,"{""buoc"": 10, ""che_do"": ""ban"", ""cho_lui"": 10, ""he_so_lot"": 0.5, ""kieu_lot"": ""cong"", ""lot"": 0.01, ""tp"": 60, ""tran_tang"": 8}"
47d6a264bf,ngau,NGAU_NHIEN,GBPAUD,H1,ban|phang|lui,,,,0,ban,phang,60,20,5,,3,0.01,,"{""buoc"": 60, ""che_do"": ""ban"", ""cho_lui"": 3, ""kieu_lot"": ""phang"", ""lot"": 0.01, ""tp"": 20, ""tran_tang"": 5}"
b00f2dc28e,ngau,NGAU_NHIEN,GBPAUD,H1,ban|cong|-,,,,0,ban,cong,12,45,5,0.3,0,0.01,,"{""buoc"": 12, ""che_do"": ""ban"", ""cho_lui"": 0, ""he_so_lot"": 0.3, ""kieu_lot"": ""cong"", ""lot"": 0.01, ""tp"": 45, ""tran_tang"": 5}"
00c57f1d92,ngau,NGAU_NHIEN,GBPAUD,M15,hai_chieu|cong|lui,,,,0,hai_chieu,cong,10,60,5,0.2,3,0.01,,"{""buoc"": 10, ""che_do"": ""hai_chieu"", ""cho_lui"": 3, ""he_so_lot"": 0.2, ""kieu_lot"": ""cong"", ""lot"": 0.01, ""tp"": 60, ""tran_tang"": 5}"
2291605877,ngau,NGAU_NHIEN,GBPAUD,M15,ban|phang|-,,,,0,ban,phang,8,16,8,,,0.01,,"{""buoc"": 8, ""che_do"": ""ban"", ""kieu_lot"": ""phang"", ""lot"": 0.01, ""tp"": 16, ""tran_tang"": 8}"
2ceef668f2,ngau,NGAU_NHIEN,GBPAUD,M15,hai_chieu|nhan|lui,,,,0,hai_chieu,nhan,10,8,8,0.2,10,0.01,,"{""buoc"": 10, ""che_do"": ""hai_chieu"", ""cho_lui"": 10, ""he_so_lot"": 0.2, ""kieu_lot"": ""nhan"", ""lot"": 0.01, ""tp"": 8, ""tran_tang"": 8}"
6c57e1778b,ngau,NGAU_NHIEN,GBPAUD,M15,hai_chieu|phang|lui,,,,0,hai_chieu,phang,24,20,8,,6,0.01,,"{""buoc"": 24, ""che_do"": ""hai_chieu"", ""cho_lui"": 6, ""kieu_lot"": ""phang"", ""lot"": 0.01, ""tp"": 20, ""tran_tang"": 8}"
7eef654c63,ngau,NGAU_NHIEN,GBPAUD,M15,hai_chieu|cong|lui,,,,0,hai_chieu,cong,30,26,12,0.8,3,0.01,,"{""buoc"": 30, ""che_do"": ""hai_chieu"", ""cho_lui"": 3, ""he_so_lot"": 0.8, ""kieu_lot"": ""cong"", ""lot"": 0.01, ""tp"": 26, ""tran_tang"": 12}"
d2d6775941,ngau,NGAU_NHIEN,GBPAUD,M15,hai_chieu|phang|-,,,,0,hai_chieu,phang,48,10,8,,,0.01,,"{""buoc"": 48, ""che_do"": ""hai_chieu"", ""kieu_lot"": ""phang"", ""lot"": 0.01, ""tp"": 10, ""tran_tang"": 8}"
0dbdd7e92a,ngau,NGAU_NHIEN,GBPAUD,M30,mua|phang|-,,,,0,mua,phang,45,60,6,,0,0.01,,"{""buoc"": 45, ""che_do"": ""mua"", ""cho_lui"": 0, ""kieu_lot"": ""phang"", ""lot"": 0.01, ""tp"": 60, ""tran_tang"": 6}"
54ded5f3ee,ngau,NGAU_NHIEN,GBPAUD,M30,mua|cong|lui,,,,0,mua,cong,24,20,8,0.2,3,0.01,,"{""buoc"": 24, ""che_do"": ""mua"", ""cho_lui"": 3, ""he_so_lot"": 0.2, ""kieu_lot"": ""cong"", ""lot"": 0.01, ""tp"": 20, ""tran_tang"": 8}"
590eda82e4,ngau,NGAU_NHIEN,GBPAUD,M30,mua|nhan|lui,,,,0,mua,nhan,10,45,8,0.3,6,0.01,,"{""buoc"": 10, ""che_do"": ""mua"", ""cho_lui"": 6, ""he_so_lot"": 0.3, ""kieu_lot"": ""nhan"", ""lot"": 0.01, ""tp"": 45, ""tran_tang"": 8}"
62a73b58c2,ngau,NGAU_NHIEN,GBPAUD,M30,mua|nhan|lui,,,,0,mua,nhan,80,8,4,0.3,6,0.01,,"{""buoc"": 80, ""che_do"": ""mua"", ""cho_lui"": 6, ""he_so_lot"": 0.3, ""kieu_lot"": ""nhan"", ""lot"": 0.01, ""tp"": 8, ""tran_tang"": 4}"
a82268b20f,ngau,NGAU_NHIEN,GBPAUD,M30,mua|phang|-,,,,0,mua,phang,30,12,9,,,0.01,,"{""buoc"": 30, ""che_do"": ""mua"", ""kieu_lot"": ""phang"", ""lot"": 0.01, ""tp"": 12, ""tran_tang"": 9}"
b81eb84619,ngau,NGAU_NHIEN,GBPAUD,M30,ban|cong|lui,,,,0,ban,cong,100,10,12,0.1,3,0.01,,"{""buoc"": 100, ""che_do"": ""ban"", ""cho_lui"": 3, ""he_so_lot"": 0.1, ""kieu_lot"": ""cong"", ""lot"": 0.01, ""tp"": 10, ""tran_tang"": 12}"
c58fffaa59,ngau,NGAU_NHIEN,GBPAUD,M30,mua|phang|lui,,,,0,mua,phang,80,20,15,,10,0.01,,"{""buoc"": 80, ""che_do"": ""mua"", ""cho_lui"": 10, ""kieu_lot"": ""phang"", ""lot"": 0.01, ""tp"": 20, ""tran_tang"": 15}"
d228cfc4d5,ngau,NGAU_NHIEN,GBPAUD,M30,mua|cong|lui,,,,0,mua,cong,45,26,15,0.5,6,0.01,,"{""buoc"": 45, ""che_do"": ""mua"", ""cho_lui"": 6, ""he_so_lot"": 0.5, ""kieu_lot"": ""cong"", ""lot"": 0.01, ""tp"": 26, ""tran_tang"": 15}"
cd1baf8362,ngau,NGAU_NHIEN,GBPAUD,M5,hai_chieu|phang|-,,,,0,hai_chieu,phang,24,45,4,,0,0.01,,"{""buoc"": 24, ""che_do"": ""hai_chieu"", ""cho_lui"": 0, ""kieu_lot"": ""phang"", ""lot"": 0.01, ""tp"": 45, ""tran_tang"": 4}"
fb7e2452ba,ngau,NGAU_NHIEN,GBPAUD,M5,hai_chieu|nhan|lui,,,,0,hai_chieu,nhan,80,45,4,0.5,6,0.01,,"{""buoc"": 80, ""che_do"": ""hai_chieu"", ""cho_lui"": 6, ""he_so_lot"": 0.5, ""kieu_lot"": ""nhan"", ""lot"": 0.01, ""tp"": 45, ""tran_tang"": 4}"
302c488a8e,ngau,NGAU_NHIEN,NZDCAD,H1,ban|phang|-,,,,0,ban,phang,36,34,10,,0,0.01,,"{""buoc"": 36, ""che_do"": ""ban"", ""cho_lui"": 0, ""kieu_lot"": ""phang"", ""lot"": 0.01, ""tp"": 34, ""tran_tang"": 10}"
3dfbb3d1b4,ngau,NGAU_NHIEN,NZDCAD,H1,ban|cong|lui,,,,0,ban,cong,12,8,6,0.5,6,0.01,,"{""buoc"": 12, ""che_do"": ""ban"", ""cho_lui"": 6, ""he_so_lot"": 0.5, ""kieu_lot"": ""cong"", ""lot"": 0.01, ""tp"": 8, ""tran_tang"": 6}"
701f606aef,ngau,NGAU_NHIEN,NZDCAD,H1,ban|cong|lui,,,,0,ban,cong,8,16,8,0.5,6,0.01,,"{""buoc"": 8, ""che_do"": ""ban"", ""cho_lui"": 6, ""he_so_lot"": 0.5, ""kieu_lot"": ""cong"", ""lot"": 0.01, ""tp"": 16, ""tran_tang"": 8}"
7181a195c9,ngau,NGAU_NHIEN,NZDCAD,H1,ban|cong|-,,,,0,ban,cong,100,16,7,0.1,0,0.01,,"{""buoc"": 100, ""che_do"": ""ban"", ""cho_lui"": 0, ""he_so_lot"": 0.1, ""kieu_lot"": ""cong"", ""lot"": 0.01, ""tp"": 16, ""tran_tang"": 7}"
896b7cd39e,ngau,NGAU_NHIEN,NZDCAD,H1,hai_chieu|nhan|lui,,,,0,hai_chieu,nhan,36,34,12,0.1,6,0.01,,"{""buoc"": 36, ""che_do"": ""hai_chieu"", ""cho_lui"": 6, ""he_so_lot"": 0.1, ""kieu_lot"": ""nhan"", ""lot"": 0.01, ""tp"": 34, ""tran_tang"": 12}"
95d5cf86ef,ngau,NGAU_NHIEN,NZDCAD,H1,mua|cong|lui,,,,0,mua,cong,60,60,7,1.2,3,0.01,,"{""buoc"": 60, ""che_do"": ""mua"", ""cho_lui"": 3, ""he_so_lot"": 1.2, ""kieu_lot"": ""cong"", ""lot"": 0.01, ""tp"": 60, ""tran_tang"": 7}"
3d04f673dc,ngau,NGAU_NHIEN,NZDCAD,M15,hai_chieu|cong|lui,,,,0,hai_chieu,cong,45,34,4,0.8,3,0.01,,"{""buoc"": 45, ""che_do"": ""hai_chieu"", ""cho_lui"": 3, ""he_so_lot"": 0.8, ""kieu_lot"": ""cong"", ""lot"": 0.01, ""tp"": 34, ""tran_tang"": 4}"
5d3c321ce6,ngau,NGAU_NHIEN,NZDCAD,M15,mua|phang|-,,,,0,mua,phang,30,16,10,,0,0.01,,"{""buoc"": 30, ""che_do"": ""mua"", ""cho_lui"": 0, ""kieu_lot"": ""phang"", ""lot"": 0.01, ""tp"": 16, ""tran_tang"": 10}"
781f64e3e1,ngau,NGAU_NHIEN,NZDCAD,M15,hai_chieu|cong|lui,,,,0,hai_chieu,cong,10,6,10,0.3,3,0.01,,"{""buoc"": 10, ""che_do"": ""hai_chieu"", ""cho_lui"": 3, ""he_so_lot"": 0.3, ""kieu_lot"": ""cong"", ""lot"": 0.01, ""tp"": 6, ""tran_tang"": 10}"
8a0efe2e53,ngau,NGAU_NHIEN,NZDCAD,M15,hai_chieu|phang|lui,,,,0,hai_chieu,phang,10,8,5,,10,0.01,,"{""buoc"": 10, ""che_do"": ""hai_chieu"", ""cho_lui"": 10, ""kieu_lot"": ""phang"", ""lot"": 0.01, ""tp"": 8, ""tran_tang"": 5}"
153a383a70,ngau,NGAU_NHIEN,NZDCAD,M30,mua|phang|lui,,,,0,mua,phang,45,34,5,,6,0.01,,"{""buoc"": 45, ""che_do"": ""mua"", ""cho_lui"": 6, ""kieu_lot"": ""phang"", ""lot"": 0.01, ""tp"": 34, ""tran_tang"": 5}"
2b109306ea,ngau,NGAU_NHIEN,NZDCAD,M30,mua|phang|lui,,,,0,mua,phang,20,8,7,,6,0.01,,"{""buoc"": 20, ""che_do"": ""mua"", ""cho_lui"": 6, ""kieu_lot"": ""phang"", ""lot"": 0.01, ""tp"": 8, ""tran_tang"": 7}"
62e554648b,ngau,NGAU_NHIEN,NZDCAD,M30,ban|cong|lui,,,,0,ban,cong,100,16,7,0.3,3,0.01,,"{""buoc"": 100, ""che_do"": ""ban"", ""cho_lui"": 3, ""he_so_lot"": 0.3, ""kieu_lot"": ""cong"", ""lot"": 0.01, ""tp"": 16, ""tran_tang"": 7}"
7594b97760,ngau,NGAU_NHIEN,NZDCAD,M30,hai_chieu|nhan|lui,,,,0,hai_chieu,nhan,36,13,6,0.3,6,0.01,,"{""buoc"": 36, ""che_do"": ""hai_chieu"", ""cho_lui"": 6, ""he_so_lot"": 0.3, ""kieu_lot"": ""nhan"", ""lot"": 0.01, ""tp"": 13, ""tran_tang"": 6}"
abe3929b63,ngau,NGAU_NHIEN,NZDCAD,M30,mua|cong|lui,,,,0,mua,cong,30,34,4,0.5,10,0.01,,"{""buoc"": 30, ""che_do"": ""mua"", ""cho_lui"": 10, ""he_so_lot"": 0.5, ""kieu_lot"": ""cong"", ""lot"": 0.01, ""tp"": 34, ""tran_tang"": 4}"
15a6a0463c,ngau,NGAU_NHIEN,NZDCAD,M5,hai_chieu|phang|lui,,,,0,hai_chieu,phang,10,8,4,,6,0.01,,"{""buoc"": 10, ""che_do"": ""hai_chieu"", ""cho_lui"": 6, ""kieu_lot"": ""phang"", ""lot"": 0.01, ""tp"": 8, ""tran_tang"": 4}"
e1c3c433d9,ngau,NGAU_NHIEN,NZDCAD,M5,hai_chieu|cong|lui,,,,0,hai_chieu,cong,10,20,5,0.1,10,0.01,,"{""buoc"": 10, ""che_do"": ""hai_chieu"", ""cho_lui"": 10, ""he_so_lot"": 0.1, ""kieu_lot"": ""cong"", ""lot"": 0.01, ""tp"": 20, ""tran_tang"": 5}"
7652442cbd,ngau,NGAU_NHIEN,USDCAD,H1,mua|phang|lui,,,,0,mua,phang,16,60,4,,6,0.01,,"{""buoc"": 16, ""che_do"": ""mua"", ""cho_lui"": 6, ""kieu_lot"": ""phang"", ""lot"": 0.01, ""tp"": 60, ""tran_tang"": 4}"
c709bc82fc,ngau,NGAU_NHIEN,USDCAD,H1,mua|cong|-,,,,0,mua,cong,80,16,4,0.3,0,0.01,,"{""buoc"": 80, ""che_do"": ""mua"", ""cho_lui"": 0, ""he_so_lot"": 0.3, ""kieu_lot"": ""cong"", ""lot"": 0.01, ""tp"": 16, ""tran_tang"": 4}"
f53a9eafb6,ngau,NGAU_NHIEN,USDCAD,H1,mua|cong|lui,,,,0,mua,cong,60,60,10,0.8,3,0.01,,"{""buoc"": 60, ""che_do"": ""mua"", ""cho_lui"": 3, ""he_so_lot"": 0.8, ""kieu_lot"": ""cong"", ""lot"": 0.01, ""tp"": 60, ""tran_tang"": 10}"
f9f4a41a7b,ngau,NGAU_NHIEN,USDCAD,H1,mua|nhan|lui,,,,0,mua,nhan,24,8,5,0.1,3,0.01,,"{""buoc"": 24, ""che_do"": ""mua"", ""cho_lui"": 3, ""he_so_lot"": 0.1, ""kieu_lot"": ""nhan"", ""lot"": 0.01, ""tp"": 8, ""tran_tang"": 5}"
590dd60b5e,ngau,NGAU_NHIEN,USDCAD,M15,mua|phang|lui,,,,0,mua,phang,24,60,12,,10,0.01,,"{""buoc"": 24, ""che_do"": ""mua"", ""cho_lui"": 10, ""kieu_lot"": ""phang"", ""lot"": 0.01, ""tp"": 60, ""tran_tang"": 12}"
8fc7843298,ngau,NGAU_NHIEN,USDCAD,M15,mua|cong|-,,,,0,mua,cong,24,34,5,0.1,0,0.01,,"{""buoc"": 24, ""che_do"": ""mua"", ""cho_lui"": 0, ""he_so_lot"": 0.1, ""kieu_lot"": ""cong"", ""lot"": 0.01, ""tp"": 34, ""tran_tang"": 5}"
8b1a08fe54,ngau,NGAU_NHIEN,USDCAD,M30,mua|phang|lui,,,,0,mua,phang,8,16,6,,3,0.01,,"{""buoc"": 8, ""che_do"": ""mua"", ""cho_lui"": 3, ""kieu_lot"": ""phang"", ""lot"": 0.01, ""tp"": 16, ""tran_tang"": 6}"
8b78a5f0fd,ngau,NGAU_NHIEN,USDCAD,M30,mua|nhan|lui,,,,0,mua,nhan,80,10,4,0.5,10,0.01,,"{""buoc"": 80, ""che_do"": ""mua"", ""cho_lui"": 10, ""he_so_lot"": 0.5, ""kieu_lot"": ""nhan"", ""lot"": 0.01, ""tp"": 10, ""tran_tang"": 4}"
d4f2217aed,ngau,NGAU_NHIEN,USDCAD,M30,mua|cong|-,,,,0,mua,cong,8,6,12,0.8,0,0.01,,"{""buoc"": 8, ""che_do"": ""mua"", ""cho_lui"": 0, ""he_so_lot"": 0.8, ""kieu_lot"": ""cong"", ""lot"": 0.01, ""tp"": 6, ""tran_tang"": 12}"
1429ff8475,ngau,NGAU_NHIEN,USDCHF,H1,mua|phang|-,,,,0,mua,phang,15,12,7,,,0.01,,"{""buoc"": 15, ""che_do"": ""mua"", ""kieu_lot"": ""phang"", ""lot"": 0.01, ""tp"": 12, ""tran_tang"": 7}"
2c98bfb74b,ngau,NGAU_NHIEN,USDCHF,H1,mua|nhan|-,,,,0,mua,nhan,12,34,4,0.5,0,0.01,,"{""buoc"": 12, ""che_do"": ""mua"", ""cho_lui"": 0, ""he_so_lot"": 0.5, ""kieu_lot"": ""nhan"", ""lot"": 0.01, ""tp"": 34, ""tran_tang"": 4}"
328ed82273,ngau,NGAU_NHIEN,USDCHF,H1,mua|cong|-,,,,0,mua,cong,36,60,10,0.3,0,0.01,,"{""buoc"": 36, ""che_do"": ""mua"", ""cho_lui"": 0, ""he_so_lot"": 0.3, ""kieu_lot"": ""cong"", ""lot"": 0.01, ""tp"": 60, ""tran_tang"": 10}"
7d6b8726ae,ngau,NGAU_NHIEN,USDCHF,H1,hai_chieu|nhan|lui,,,,0,hai_chieu,nhan,30,16,6,1.2,10,0.01,,"{""buoc"": 30, ""che_do"": ""hai_chieu"", ""cho_lui"": 10, ""he_so_lot"": 1.2, ""kieu_lot"": ""nhan"", ""lot"": 0.01, ""tp"": 16, ""tran_tang"": 6}"
c33e07bc2f,ngau,NGAU_NHIEN,USDCHF,H1,mua|cong|lui,,,,0,mua,cong,60,45,7,0.8,3,0.01,,"{""buoc"": 60, ""che_do"": ""mua"", ""cho_lui"": 3, ""he_so_lot"": 0.8, ""kieu_lot"": ""cong"", ""lot"": 0.01, ""tp"": 45, ""tran_tang"": 7}"
741d43e615,ngau,NGAU_NHIEN,USDCHF,M15,mua|nhan|lui,,,,0,mua,nhan,80,8,10,0.1,3,0.01,,"{""buoc"": 80, ""che_do"": ""mua"", ""cho_lui"": 3, ""he_so_lot"": 0.1, ""kieu_lot"": ""nhan"", ""lot"": 0.01, ""tp"": 8, ""tran_tang"": 10}"
ae6d00583e,ngau,NGAU_NHIEN,USDCHF,M15,hai_chieu|nhan|lui,,,,0,hai_chieu,nhan,60,8,6,0.3,10,0.01,,"{""buoc"": 60, ""che_do"": ""hai_chieu"", ""cho_lui"": 10, ""he_so_lot"": 0.3, ""kieu_lot"": ""nhan"", ""lot"": 0.01, ""tp"": 8, ""tran_tang"": 6}"
06f9f7dd4f,ngau,NGAU_NHIEN,USDCHF,M30,hai_chieu|phang|lui,,,,0,hai_chieu,phang,80,8,6,,3,0.01,,"{""buoc"": 80, ""che_do"": ""hai_chieu"", ""cho_lui"": 3, ""kieu_lot"": ""phang"", ""lot"": 0.01, ""tp"": 8, ""tran_tang"": 6}"
27ec56e9f2,ngau,NGAU_NHIEN,USDCHF,M30,mua|nhan|lui,,,,0,mua,nhan,30,10,10,0.3,6,0.01,,"{""buoc"": 30, ""che_do"": ""mua"", ""cho_lui"": 6, ""he_so_lot"": 0.3, ""kieu_lot"": ""nhan"", ""lot"": 0.01, ""tp"": 10, ""tran_tang"": 10}"
679c395b96,ngau,NGAU_NHIEN,USDCHF,M30,mua|cong|lui,,,,0,mua,cong,80,34,7,0.2,10,0.01,,"{""buoc"": 80, ""che_do"": ""mua"", ""cho_lui"": 10, ""he_so_lot"": 0.2, ""kieu_lot"": ""cong"", ""lot"": 0.01, ""tp"": 34, ""tran_tang"": 7}"
98794a8c95,ngau,NGAU_NHIEN,USDCHF,M30,ban|cong|lui,,,,0,ban,cong,30,20,8,0.5,3,0.01,,"{""buoc"": 30, ""che_do"": ""ban"", ""cho_lui"": 3, ""he_so_lot"": 0.5, ""kieu_lot"": ""cong"", ""lot"": 0.01, ""tp"": 20, ""tran_tang"": 8}"
fe2a135e5f,ngau,NGAU_NHIEN,USDCHF,M30,mua|cong|lui,,,,0,mua,cong,80,13,12,0.1,10,0.01,,"{""buoc"": 80, ""che_do"": ""mua"", ""cho_lui"": 10, ""he_so_lot"": 0.1, ""kieu_lot"": ""cong"", ""lot"": 0.01, ""tp"": 13, ""tran_tang"": 12}"
da57062a78,ngau,NGAU_NHIEN,USDJPY,H1,mua|phang|lui,,,,0,mua,phang,45,45,6,,6,0.01,,"{""buoc"": 45, ""che_do"": ""mua"", ""cho_lui"": 6, ""kieu_lot"": ""phang"", ""lot"": 0.01, ""tp"": 45, ""tran_tang"": 6}"
ad7d83f555,ngau,NGAU_NHIEN,USDJPY,M15,mua|nhan|-,,,,0,mua,nhan,16,20,6,0.1,0,0.01,,"{""buoc"": 16, ""che_do"": ""mua"", ""cho_lui"": 0, ""he_so_lot"": 0.1, ""kieu_lot"": ""nhan"", ""lot"": 0.01, ""tp"": 20, ""tran_tang"": 6}"
c2c784726b,ngau,NGAU_NHIEN,USDJPY,M15,mua|phang|lui,,,,0,mua,phang,20,13,6,,10,0.01,,"{""buoc"": 20, ""che_do"": ""mua"", ""cho_lui"": 10, ""kieu_lot"": ""phang"", ""lot"": 0.01, ""tp"": 13, ""tran_tang"": 6}"
951163c258,ngau,NGAU_NHIEN,XAUUSD,H1,ban|cong|lui,,,,0,ban,cong,24,8,10,0.3,6,0.01,,"{""buoc"": 24, ""che_do"": ""ban"", ""cho_lui"": 6, ""he_so_lot"": 0.3, ""kieu_lot"": ""cong"", ""lot"": 0.01, ""tp"": 8, ""tran_tang"": 10}"
dca94f7275,ngau,NGAU_NHIEN,XAUUSD,H1,ban|nhan|lui,,,,0,ban,nhan,20,8,8,0.8,6,0.01,,"{""buoc"": 20, ""che_do"": ""ban"", ""cho_lui"": 6, ""he_so_lot"": 0.8, ""kieu_lot"": ""nhan"", ""lot"": 0.01, ""tp"": 8, ""tran_tang"": 8}"
fed5b8af94,ngau,NGAU_NHIEN,XAUUSD,H1,ban|cong|lui,,,,0,ban,cong,100,16,6,0.1,6,0.01,,"{""buoc"": 100, ""che_do"": ""ban"", ""cho_lui"": 6, ""he_so_lot"": 0.1, ""kieu_lot"": ""cong"", ""lot"": 0.01, ""tp"": 16, ""tran_tang"": 6}"
038d973828,ngau,NGAU_NHIEN,XAUUSD,M15,hai_chieu|nhan|lui,,,,0,hai_chieu,nhan,10,45,15,0.1,3,0.01,,"{""buoc"": 10, ""che_do"": ""hai_chieu"", ""cho_lui"": 3, ""he_so_lot"": 0.1, ""kieu_lot"": ""nhan"", ""lot"": 0.01, ""tp"": 45, ""tran_tang"": 15}"
47eb6b3819,ngau,NGAU_NHIEN,XAUUSD,M15,ban|nhan|lui,,,,0,ban,nhan,8,16,7,0.8,10,0.01,,"{""buoc"": 8, ""che_do"": ""ban"", ""cho_lui"": 10, ""he_so_lot"": 0.8, ""kieu_lot"": ""nhan"", ""lot"": 0.01, ""tp"": 16, ""tran_tang"": 7}"
78f07bc42f,ngau,NGAU_NHIEN,XAUUSD,M15,ban|phang|lui,,,,0,ban,phang,12,26,15,,10,0.01,,"{""buoc"": 12, ""che_do"": ""ban"", ""cho_lui"": 10, ""kieu_lot"": ""phang"", ""lot"": 0.01, ""tp"": 26, ""tran_tang"": 15}"
04733cdccc,ngau,NGAU_NHIEN,XAUUSD,M30,mua|phang|-,,,,0,mua,phang,10,10,4,,0,0.01,,"{""buoc"": 10, ""che_do"": ""mua"", ""cho_lui"": 0, ""kieu_lot"": ""phang"", ""lot"": 0.01, ""tp"": 10, ""tran_tang"": 4}"
3075dd4985,ngau,NGAU_NHIEN,XAUUSD,M30,ban|cong|lui,,,,0,ban,cong,80,8,6,0.2,10,0.01,,"{""buoc"": 80, ""che_do"": ""ban"", ""cho_lui"": 10, ""he_so_lot"": 0.2, ""kieu_lot"": ""cong"", ""lot"": 0.01, ""tp"": 8, ""tran_tang"": 6}"
392f5afd49,ngau,NGAU_NHIEN,XAUUSD,M30,ban|cong|lui,,,,0,ban,cong,36,26,5,1.2,6,0.01,,"{""buoc"": 36, ""che_do"": ""ban"", ""cho_lui"": 6, ""he_so_lot"": 1.2, ""kieu_lot"": ""cong"", ""lot"": 0.01, ""tp"": 26, ""tran_tang"": 5}"
6d98d4bdbf,ngau,NGAU_NHIEN,XAUUSD,M30,hai_chieu|cong|lui,,,,0,hai_chieu,cong,10,20,8,0.2,6,0.01,,"{""buoc"": 10, ""che_do"": ""hai_chieu"", ""cho_lui"": 6, ""he_so_lot"": 0.2, ""kieu_lot"": ""cong"", ""lot"": 0.01, ""tp"": 20, ""tran_tang"": 8}"
80f882ccfa,ngau,NGAU_NHIEN,XAUUSD,M30,ban|nhan|lui,,,,0,ban,nhan,100,34,15,0.3,10,0.01,,"{""buoc"": 100, ""che_do"": ""ban"", ""cho_lui"": 10, ""he_so_lot"": 0.3, ""kieu_lot"": ""nhan"", ""lot"": 0.01, ""tp"": 34, ""tran_tang"": 15}"
8f21647927,ngau,NGAU_NHIEN,XAUUSD,M30,hai_chieu|phang|-,,,,0,hai_chieu,phang,12,10,10,,,0.01,,"{""buoc"": 12, ""che_do"": ""hai_chieu"", ""kieu_lot"": ""phang"", ""lot"": 0.01, ""tp"": 10, ""tran_tang"": 10}"
c19bdfa50c,ngau,NGAU_NHIEN,XAUUSD,M30,hai_chieu|phang|lui,,,,0,hai_chieu,phang,36,20,12,,6,0.01,,"{""buoc"": 36, ""che_do"": ""hai_chieu"", ""cho_lui"": 6, ""kieu_lot"": ""phang"", ""lot"": 0.01, ""tp"": 20, ""tran_tang"": 12}"
0e9e2c7693,ngau,NGAU_NHIEN,XAUUSD,M5,hai_chieu|cong|lui,,,,0,hai_chieu,cong,20,45,15,0.5,10,0.01,,"{""buoc"": 20, ""che_do"": ""hai_chieu"", ""cho_lui"": 10, ""he_so_lot"": 0.5, ""kieu_lot"": ""cong"", ""lot"": 0.01, ""tp"": 45, ""tran_tang"": 15}"
247743f025,ngau,NGAU_NHIEN,XAUUSD,M5,mua|cong|lui,,,,0,mua,cong,100,16,8,0.5,10,0.01,,"{""buoc"": 100, ""che_do"": ""mua"", ""cho_lui"": 10, ""he_so_lot"": 0.5, ""kieu_lot"": ""cong"", ""lot"": 0.01, ""tp"": 16, ""tran_tang"": 8}"
743f9a4a44,ngau,NGAU_NHIEN,XAUUSD,M5,hai_chieu|nhan|lui,,,,0,hai_chieu,nhan,60,20,12,0.8,3,0.01,,"{""buoc"": 60, ""che_do"": ""hai_chieu"", ""cho_lui"": 3, ""he_so_lot"": 0.8, ""kieu_lot"": ""nhan"", ""lot"": 0.01, ""tp"": 20, ""tran_tang"": 12}"
b064796667,ngau,NGAU_NHIEN,XAUUSD,M5,mua|cong|lui,,,,0,mua,cong,12,45,6,0.1,10,0.01,,"{""buoc"": 12, ""che_do"": ""mua"", ""cho_lui"": 10, ""he_so_lot"": 0.1, ""kieu_lot"": ""cong"", ""lot"": 0.01, ""tp"": 45, ""tran_tang"": 6}"
