Time;Type;Volume;Symbol;Price;Volume;Time;Price;Commission;Swap;Profit
2026.10.02 17:40:00;Sell;0.01;AUDCAD;0.99175;0.01;2026.10.02 18:22:55;0.99099;-0.08;;0.53
2026.10.02 11:40:03;Sell;0.01;AUDCAD;0.98797;0.01;2026.10.02 13:22:56;0.98721;-0.08;;0.53
2026.10.01 19:25:00;Buy;0.01;AUDCAD;0.98606;0.01;2026.10.02 07:00:56;0.9858;-0.08;0.03;-0.18
2026.10.02 04:35:08;Buy;0.01;AUDCAD;0.98398;0.01;2026.10.02 07:00:56;0.9858;-0.08;;1.28
2026.09.30 17:20:04;Buy;0.01;AUDCAD;0.9869;0.01;2026.09.30 17:46:06;0.98765;-0.08;;0.53
2026.09.30 05:35:02;Buy;0.01;AUDCAD;0.98879;0.01;2026.09.30 06:00:19;0.98957;-0.08;;0.55
2026.09.29 18:20:07;Buy;0.01;AUDCAD;0.99032;0.01;2026.09.29 22:52:12;0.99106;-0.08;;0.52
2026.09.29 16:35:05;Buy;0.01;AUDCAD;0.99077;0.01;2026.09.29 16:40:44;0.99154;-0.08;;0.54
2026.09.29 10:25:08;Buy;0.01;AUDCAD;0.9916;0.01;2026.09.29 13:25:39;0.99235;-0.08;;0.53
2026.09.23 14:35:07;Buy;0.01;AUDCAD;0.99575;0.01;2026.09.28 19:21:06;0.99548;-0.08;0.12;-0.19
2026.09.25 23:15:05;Buy;0.01;AUDCAD;0.99371;0.01;2026.09.28 19:21:06;0.99548;-0.08;0.03;1.25
2026.09.23 10:40:04;Buy;0.01;AUDCAD;0.9978;0.01;2026.09.25 19:06:38;0.99572;-0.08;0.09;-1.47
2026.09.23 17:40:01;Buy;0.01;AUDCAD;0.99215;0.01;2026.09.25 19:06:38;0.99572;-0.08;0.09;2.52
2026.09.25 11:55:03;Sell;0.01;AUDCAD;0.99454;0.01;2026.09.25 13:39:28;0.99379;-0.08;;0.53
2026.09.18 06:35:07;Sell;0.01;AUDCAD;0.99698;0.01;2026.09.22 10:50:14;0.99731;-0.08;-0.12;-0.24
2026.09.22 06:25:02;Sell;0.01;AUDCAD;0.99912;0.01;2026.09.22 10:50:14;0.99731;-0.08;;1.29
2026.09.17 08:30:00;Sell;0.01;AUDCAD;0.99483;0.01;2026.09.22 04:45:55;0.99703;-0.08;-0.18;-1.5699999999999998
2026.09.21 11:25:09;Sell;0.02;AUDCAD;0.9994;0.02;2026.09.22 04:45:55;0.99703;-0.14;-0.12;3.38
2026.09.16 22:25:06;Buy;0.01;AUDCAD;0.99073;0.01;2026.09.16 22:41:28;0.99153;-0.08;;0.57
2026.09.14 18:55:07;Sell;0.01;AUDCAD;0.99338;0.01;2026.09.14 22:40:29;0.99262;-0.08;;0.55
2026.09.14 09:55:05;Buy;0.01;AUDCAD;0.99047;0.01;2026.09.14 15:31:33;0.99125;-0.08;;0.56
2026.09.14 03:05:03;Buy;0.01;AUDCAD;0.9914;0.01;2026.09.14 05:23:30;0.99215;-0.08;;0.54
2026.09.11 17:45:00;Sell;0.01;AUDCAD;0.99537;0.01;2026.09.11 18:56:07;0.99462;-0.08;;0.54
2026.09.11 14:20:10;Sell;0.01;AUDCAD;0.99434;0.01;2026.09.11 15:30:05;0.99344;-0.08;;0.65
2026.09.10 14:55:00;Buy;0.01;AUDCAD;0.99376;0.01;2026.09.11 09:10:54;0.99261;-0.08;0.03;-0.83
2026.09.10 16:30:05;Buy;0.01;AUDCAD;0.99003;0.01;2026.09.11 09:10:54;0.99262;-0.08;0.03;1.87
2026.09.04 16:20:07;Sell;0.01;AUDCAD;0.99669;0.01;2026.09.07 15:09:49;0.99697;-0.08;-0.06;-0.2
2026.09.07 10:55:06;Sell;0.01;AUDCAD;0.99874;0.01;2026.09.07 15:09:49;0.99697;-0.08;;1.28
2026.09.01 18:45:06;Sell;0.01;AUDCAD;0.99496;0.01;2026.09.01 19:29:18;0.9942;-0.08;;0.55
2026.09.01 12:10:08;Buy;0.01;AUDCAD;0.99089;0.01;2026.09.01 14:36:50;0.99169;-0.08;;0.58
2026.08.24 10:55:02;Sell;0.01;AUDCAD;0.99136;0.01;2026.09.01 12:14:54;0.99061;-0.08;-0.47;0.54
2026.08.24 01:15:01;Sell;0.01;AUDCAD;0.98886;0.01;2026.09.01 11:33:13;0.99155;-0.08;-0.47;-1.94
2026.09.01 03:20:03;Sell;0.02;AUDCAD;0.99395;0.02;2026.09.01 11:33:13;0.99155;-0.14;;3.46
2026.08.21 17:35:00;Sell;0.01;AUDCAD;0.98622;0.01;2026.08.31 22:04:32;0.99266;-0.08;-0.47;-4.65
2026.08.26 05:25:05;Sell;0.02;AUDCAD;0.99443;0.02;2026.08.31 22:04:26;0.99269;-0.14;-0.58;2.51
2026.08.21 16:15:00;Sell;0.01;AUDCAD;0.98532;0.01;2026.08.21 16:33:09;0.98452;-0.08;;0.58
2026.08.21 11:35:03;Sell;0.01;AUDCAD;0.98442;0.01;2026.08.21 13:51:30;0.98367;-0.08;;0.55
2026.08.20 14:15:07;Buy;0.01;AUDCAD;0.9796;0.01;2026.08.20 15:47:20;0.98034;-0.08;;0.54
2026.08.19 16:30:05;Sell;0.01;AUDCAD;0.98518;0.01;2026.08.19 16:41:56;0.98443;-0.08;;0.54
2026.08.19 06:50:09;Buy;0.01;AUDCAD;0.98195;0.01;2026.08.19 15:33:50;0.98277;-0.08;;0.59
2026.08.19 05:35:04;Buy;0.01;AUDCAD;0.9822;0.01;2026.08.19 05:46:48;0.98298;-0.08;;0.56
2026.08.17 08:40:00;Sell;0.01;AUDCAD;0.98546;0.01;2026.08.17 16:36:21;0.98571;-0.08;;-0.18
2026.08.17 13:25:06;Sell;0.01;AUDCAD;0.98747;0.01;2026.08.17 16:36:21;0.98571;-0.08;;1.27
2026.08.11 08:20:00;Buy;0.01;AUDCAD;0.98129;0.01;2026.08.11 08:45:13;0.98203;-0.08;;0.53
2026.08.11 05:27:20;Balance;;;;;;;;;-50
2026.08.07 18:55:07;Buy;0.01;AUDCAD;0.98357;0.01;2026.08.07 19:02:20;0.98433;-0.08;;0.55
2026.08.06 14:25:08;Buy;0.01;AUDCAD;0.98527;0.01;2026.08.06 16:17:35;0.98603;-0.08;;0.54
2026.08.06 10:55:00;Buy;0.01;AUDCAD;0.98613;0.01;2026.08.06 11:50:19;0.9869;-0.08;;0.55
2026.08.04 14:05:03;Sell;0.01;AUDCAD;0.98747;0.01;2026.08.06 09:14:05;0.9867;-0.08;-0.23;0.55
2026.08.04 05:35:12;Sell;0.01;AUDCAD;0.98541;0.01;2026.08.06 08:33:46;0.98704;-0.08;-0.23;-1.16
2026.08.04 18:55:03;Sell;0.01;AUDCAD;0.99009;0.01;2026.08.06 08:33:46;0.98704;-0.08;-0.23;2.18
2026.08.05 18:55:04;Buy;0.01;AUDCAD;0.98845;0.01;2026.08.05 19:54:00;0.9892;-0.08;;0.53
2026.08.03 11:55:04;Buy;0.01;AUDCAD;0.98422;0.01;2026.08.04 04:34:34;0.98389;-0.08;0.03;-0.23
2026.08.03 16:15:09;Buy;0.01;AUDCAD;0.98205;0.01;2026.08.04 04:34:34;0.98388;-0.08;0.03;1.3
2026.07.30 12:25:06;Sell;0.01;AUDCAD;0.97933;0.01;2026.08.03 16:47:20;0.98141;-0.08;-0.12;-1.48
2026.07.30 18:20:07;Sell;0.01;AUDCAD;0.98242;0.01;2026.08.03 16:47:20;0.98141;-0.08;-0.12;0.72
2026.07.31 03:40:01;Sell;0.01;AUDCAD;0.985;0.01;2026.08.03 16:47:20;0.98141;-0.08;-0.06;2.56
2026.07.29 04:15:09;Buy;0.01;AUDCAD;0.98235;0.01;2026.07.30 13:10:23;0.97998;-0.08;0.09;-1.69
2026.07.29 06:55:07;Buy;0.01;AUDCAD;0.97893;0.01;2026.07.30 13:10:23;0.97998;-0.08;0.09;0.75
2026.07.29 23:35:04;Buy;0.01;AUDCAD;0.97619;0.01;2026.07.30 13:10:23;0.97998;-0.08;0.09;2.7
2026.07.28 07:20:08;Buy;0.01;AUDCAD;0.98441;0.01;2026.07.29 21:43:47;0.97945;-0.08;0.03;-3.5300000000000002
2026.07.29 18:20:02;Buy;0.02;AUDCAD;0.97593;0.02;2026.07.29 21:43:47;0.97945;-0.14;;5.01
2026.07.27 09:25:04;Sell;0.01;AUDCAD;0.98714;0.01;2026.07.27 16:57:59;0.98639;-0.08;;0.53
2026.07.23 15:25:00;Buy;0.01;AUDCAD;0.98321;0.01;2026.07.24 10:00:24;0.983;-0.08;0.03;-0.15
2026.07.23 21:00:03;Buy;0.01;AUDCAD;0.98121;0.01;2026.07.24 10:00:23;0.983;-0.08;0.03;1.27
2026.07.20 14:50:05;Sell;0.01;AUDCAD;0.98374;0.01;2026.07.23 14:43:37;0.98404;-0.08;-0.29;-0.21
2026.07.22 18:50:08;Sell;0.01;AUDCAD;0.98581;0.01;2026.07.23 14:43:37;0.98404;-0.08;-0.17;1.26
2026.07.22 15:50:06;Buy;0.01;AUDCAD;0.98429;0.01;2026.07.22 16:20:03;0.98504;-0.08;;0.53
2026.07.20 11:05:05;Sell;0.01;AUDCAD;0.98133;0.01;2026.07.22 15:56:59;0.98388;-0.08;-0.12;-1.81
2026.07.21 05:10:10;Sell;0.02;AUDCAD;0.98627;0.02;2026.07.22 15:56:59;0.98388;-0.14;-0.12;3.39
2026.07.17 11:40:08;Buy;0.01;AUDCAD;0.97853;0.01;2026.07.20 05:33:11;0.97932;-0.08;0.03;0.56
2026.07.17 07:30:00;Buy;0.01;AUDCAD;0.97949;0.01;2026.07.17 09:15:12;0.98026;-0.08;;0.55
2026.07.17 05:40:00;Buy;0.01;AUDCAD;0.98001;0.01;2026.07.17 06:18:42;0.98077;-0.08;;0.54
2026.07.15 21:20:07;Sell;0.01;AUDCAD;0.98468;0.01;2026.07.15 22:20:12;0.98389;-0.08;;0.56
2026.07.14 17:55:00;Sell;0.01;AUDCAD;0.98204;0.01;2026.07.14 18:41:36;0.98125;-0.08;;0.56
2026.07.13 19:50:00;Buy;0.01;AUDCAD;0.97938;0.01;2026.07.14 08:31:01;0.98018;-0.08;0.02;0.57
2026.07.08 11:15:09;Buy;0.01;AUDCAD;0.98239;0.01;2026.07.08 20:07:05;0.98212;-0.08;;-0.19
2026.07.08 18:30:05;Buy;0.01;AUDCAD;0.98031;0.01;2026.07.08 20:07:04;0.98211;-0.08;;1.27
2026.07.07 18:15:11;Buy;0.01;AUDCAD;0.98478;0.01;2026.07.08 06:12:29;0.98554;-0.08;0.03;0.54
2026.07.06 10:45:07;Sell;0.01;AUDCAD;0.9861;0.01;2026.07.07 16:54:19;0.9863;-0.08;-0.06;-0.14
2026.07.07 15:30:10;Sell;0.01;AUDCAD;0.98812;0.01;2026.07.07 16:54:19;0.9863;-0.08;;1.28
2026.07.03 09:30:00;Sell;0.01;AUDCAD;0.98403;0.01;2026.07.07 08:11:17;0.98636;-0.08;-0.12;-1.6400000000000001
2026.07.06 21:40:07;Sell;0.02;AUDCAD;0.98861;0.02;2026.07.07 08:11:17;0.98636;-0.14;-0.12;3.17
2026.06.23 14:45:03;Buy;0.01;AUDCAD;0.98472;0.01;2026.07.03 10:47:31;0.9844;-0.08;0.34;-0.23
2026.07.02 19:10:04;Buy;0.01;AUDCAD;0.9826;0.01;2026.07.03 10:47:31;0.9844;-0.08;0.03;1.27
2026.07.02 18:45:02;Sell;0.01;AUDCAD;0.98318;0.01;2026.07.02 19:18:06;0.98241;-0.08;;0.54
2026.06.23 08:10:00;Buy;0.01;AUDCAD;0.98712;0.01;2026.07.02 15:30:45;0.98237;-0.08;0.31;-3.35
2026.06.24 05:55:02;Buy;0.02;AUDCAD;0.98171;0.02;2026.07.02 15:30:44;0.98239;-0.14;0.54;0.96
2026.07.02 10:50:07;Buy;0.02;AUDCAD;0.97877;0.02;2026.07.02 15:30:44;0.98239;-0.14;;5.1
2026.06.30 12:50:00;Sell;0.01;AUDCAD;0.98027;0.01;2026.07.01 04:16:45;0.98057;-0.08;-0.06;-0.21
2026.06.30 18:20:09;Sell;0.01;AUDCAD;0.98239;0.01;2026.07.01 04:16:45;0.98058;-0.08;-0.06;1.27
2026.06.23 03:55:01;Buy;0.01;AUDCAD;0.98934;0.01;2026.06.30 17:43:16;0.9816;-0.08;0.2;-5.45
2026.06.26 04:55:00;Buy;0.03;AUDCAD;0.97823;0.03;2026.06.30 17:43:16;0.98161;-0.22;0.18;7.14
2026.06.19 16:10:02;Sell;0.01;AUDCAD;0.99415;0.01;2026.06.19 16:32:57;0.99338;-0.08;;0.54
2026.06.18 17:55:05;Sell;0.01;AUDCAD;0.9929;0.01;2026.06.18 19:36:08;0.9921;-0.08;;0.57
2026.06.18 05:15:08;Sell;0.01;AUDCAD;0.99206;0.01;2026.06.18 11:33:31;0.99131;-0.08;;0.53
2026.06.17 18:35:06;Sell;0.01;AUDCAD;0.99181;0.01;2026.06.17 21:00:06;0.99096;-0.08;;0.61
2026.06.15 01:45:09;Sell;0.01;AUDCAD;0.9878;0.01;2026.06.16 05:04:42;0.98808;-0.08;-0.06;-0.2
2026.06.15 18:20:03;Sell;0.01;AUDCAD;0.98988;0.01;2026.06.16 05:04:42;0.98808;-0.08;-0.06;1.29
2026.06.12 12:50:09;Sell;0.01;AUDCAD;0.98522;0.01;2026.06.12 13:26:18;0.98426;-0.08;;0.69
2026.06.11 21:50:03;Sell;0.01;AUDCAD;0.98308;0.01;2026.06.12 10:12:20;0.98231;-0.08;-0.05;0.55
2026.06.11 17:55:00;Sell;0.01;AUDCAD;0.97953;0.01;2026.06.11 18:05:40;0.97878;-0.08;;0.54
2026.06.10 11:20:02;Buy;0.01;AUDCAD;0.97734;0.01;2026.06.10 15:30:22;0.97827;-0.08;;0.67
2026.06.10 08:15:00;Buy;0.01;AUDCAD;0.97816;0.01;2026.06.10 09:04:30;0.97894;-0.08;;0.56
2026.06.09 19:25:04;Buy;0.01;AUDCAD;0.98042;0.01;2026.06.09 21:24:50;0.98118;-0.08;;0.54
2026.06.08 14:50:06;Sell;0.01;AUDCAD;0.98543;0.01;2026.06.08 15:52:05;0.98466;-0.08;;0.55
2026.06.05 18:15:03;Buy;0.01;AUDCAD;0.98446;0.01;2026.06.08 04:05:14;0.98406;-0.08;0.03;-0.29
2026.06.05 22:10:04;Buy;0.01;AUDCAD;0.98219;0.01;2026.06.08 04:05:14;0.98406;-0.08;0.03;1.34
2026.06.05 04:40:07;Buy;0.01;AUDCAD;0.98902;0.01;2026.06.05 04:55:46;0.98978;-0.08;;0.55
2026.06.03 16:50:08;Buy;0.01;AUDCAD;0.99038;0.01;2026.06.03 17:14:17;0.99115;-0.08;;0.56
2026.06.02 10:15:04;Sell;0.01;AUDCAD;0.99353;0.01;2026.06.02 16:08:33;0.9927;-0.08;;0.6
2026.06.01 17:50:06;Buy;0.01;AUDCAD;0.98827;0.01;2026.06.01 18:08:30;0.98901;-0.08;;0.53
2026.05.29 15:10:01;Sell;0.01;AUDCAD;0.98987;0.01;2026.06.01 00:31:44;0.99013;-0.08;-0.06;-0.19
2026.05.29 19:40:00;Sell;0.01;AUDCAD;0.99199;0.01;2026.06.01 00:31:44;0.99013;-0.08;-0.06;1.35
2026.05.28 06:50:04;Buy;0.01;AUDCAD;0.98485;0.01;2026.05.28 08:25:22;0.98561;-0.08;;0.55
2026.05.25 01:20:01;Sell;0.01;AUDCAD;0.98802;0.01;2026.05.26 10:33:38;0.98827;-0.08;-0.06;-0.18
2026.05.25 09:15:01;Sell;0.01;AUDCAD;0.99005;0.01;2026.05.26 10:33:38;0.98827;-0.08;-0.06;1.29
2026.05.21 19:20:00;Sell;0.01;AUDCAD;0.98381;0.01;2026.05.22 12:07:08;0.98308;-0.08;-0.05;0.53
2026.05.21 17:40:10;Sell;0.01;AUDCAD;0.98336;0.01;2026.05.21 18:08:09;0.98262;-0.08;;0.54
2026.05.21 06:35:00;Buy;0.01;AUDCAD;0.97911;0.01;2026.05.21 07:05:04;0.97988;-0.08;;0.56
2026.05.20 11:55:00;Sell;0.01;AUDCAD;0.97947;0.01;2026.05.21 04:30:51;0.98071;-0.08;-0.16;-0.9
2026.05.20 19:20:04;Sell;0.01;AUDCAD;0.9836;0.01;2026.05.21 04:30:51;0.98071;-0.08;-0.16;2.1
2026.05.19 11:30:02;Buy;0.01;AUDCAD;0.97917;0.01;2026.05.20 12:49:20;0.97992;-0.08;0.03;0.54
2026.05.19 06:05:02;Buy;0.01;AUDCAD;0.98129;0.01;2026.05.20 11:30:25;0.97919;-0.08;0.03;-1.53
2026.05.19 18:20:02;Buy;0.01;AUDCAD;0.97562;0.01;2026.05.20 11:30:25;0.97919;-0.08;0.03;2.59
2026.05.18 16:30:09;Sell;0.01;AUDCAD;0.98548;0.01;2026.05.18 17:21:47;0.98467;-0.08;;0.59
2026.05.15 10:35:02;Buy;0.01;AUDCAD;0.98532;0.01;2026.05.18 14:39:45;0.98503;-0.08;0.03;-0.21
2026.05.15 19:55:02;Buy;0.01;AUDCAD;0.98285;0.01;2026.05.18 14:39:45;0.98499;-0.08;0.03;1.56
2026.05.15 07:30:08;Buy;0.01;AUDCAD;0.98805;0.01;2026.05.18 10:32:26;0.98345;-0.08;0.03;-3.35
2026.05.18 03:45:03;Buy;0.02;AUDCAD;0.97996;0.02;2026.05.18 10:32:25;0.98342;-0.14;;5.04
2026.05.06 05:10:02;Sell;0.01;AUDCAD;0.98316;0.01;2026.05.15 12:18:26;0.98238;-0.08;-0.6;0.57
2026.05.06 02:25:00;Sell;0.01;AUDCAD;0.97987;0.01;2026.05.15 12:15:44;0.98264;-0.08;-0.6;-2.01
2026.05.06 12:50:09;Sell;0.01;AUDCAD;0.98679;0.01;2026.05.15 12:15:44;0.98264;-0.08;-0.6;3.02
2026.05.05 15:40:03;Sell;0.01;AUDCAD;0.97747;0.01;2026.05.15 08:02:08;0.98667;-0.08;-0.66;-6.6899999999999995
2026.05.08 17:25:09;Sell;0.02;AUDCAD;0.99201;0.02;2026.05.15 08:02:08;0.98667;-0.14;-0.77;7.77
2026.05.15 05:10:07;Buy;0.01;AUDCAD;0.98777;0.01;2026.05.15 05:51:40;0.98862;-0.08;;0.62
2026.05.14 19:35:03;Buy;0.01;AUDCAD;0.99066;0.01;2026.05.14 20:42:40;0.99141;-0.08;;0.55
2026.05.12 09:40:00;Buy;0.01;AUDCAD;0.98833;0.01;2026.05.12 10:52:01;0.98908;-0.08;;0.55
2026.05.07 20:20:03;Buy;0.01;AUDCAD;0.98603;0.01;2026.05.08 09:28:03;0.98676;-0.08;0.03;0.53
2026.05.05 09:45:06;Buy;0.01;AUDCAD;0.97303;0.01;2026.05.05 10:22:20;0.97378;-0.08;;0.55
2026.05.04 21:25:00;Buy;0.01;AUDCAD;0.97514;0.01;2026.05.04 22:06:00;0.97586;-0.08;;0.53
2026.05.04 19:55:02;Buy;0.01;AUDCAD;0.97475;0.01;2026.05.04 20:07:53;0.97552;-0.08;;0.57
2026.05.01 18:20:04;Sell;0.01;AUDCAD;0.9799;0.01;2026.05.01 21:04:53;0.97911;-0.08;;0.58
2026.04.30 14:00:07;Sell;0.01;AUDCAD;0.97723;0.01;2026.05.01 09:37:19;0.97648;-0.08;-0.05;0.55
2026.04.29 18:25:01;Buy;0.01;AUDCAD;0.97585;0.01;2026.04.30 12:30:29;0.97556;-0.08;0.09;-0.21
2026.04.29 22:30:07;Buy;0.01;AUDCAD;0.97366;0.01;2026.04.30 12:30:29;0.97556;-0.08;0.09;1.3900000000000001
2026.04.28 18:40:03;Sell;0.01;AUDCAD;0.9814;0.01;2026.04.29 05:34:55;0.98065;-0.08;-0.05;0.55
2026.04.27 04:35:02;Sell;0.01;AUDCAD;0.97926;0.01;2026.04.27 09:04:06;0.97848;-0.08;;0.57
2026.04.20 15:03:06;Balance;;;;;;;;;-50
2026.04.20 01:50:01;Buy;0.01;AUDCAD;0.97867;0.01;2026.04.20 04:00:55;0.97949;-0.08;;0.6
2026.04.16 22:05:01;Buy;0.01;AUDCAD;0.98066;0.01;2026.04.16 23:47:13;0.98139;-0.08;;0.53
2026.04.16 20:15:03;Buy;0.01;AUDCAD;0.98036;0.01;2026.04.16 21:05:56;0.9811;-0.08;;0.54
2026.04.14 17:40:08;Sell;0.01;AUDCAD;0.98167;0.01;2026.04.16 19:33:59;0.98075;-0.08;-0.21;0.67
2026.04.14 13:10:07;Sell;0.01;AUDCAD;0.97943;0.01;2026.04.16 19:31:24;0.98193;-0.08;-0.21;-1.8199999999999998
2026.04.15 18:55:06;Sell;0.02;AUDCAD;0.98413;0.02;2026.04.16 19:31:24;0.98193;-0.14;-0.31;3.21
2026.04.13 20:20:00;Sell;0.01;AUDCAD;0.97786;0.01;2026.04.14 04:25:36;0.97711;-0.08;-0.05;0.54
2026.04.13 02:00:02;Buy;0.01;AUDCAD;0.97369;0.01;2026.04.13 03:18:54;0.97445;-0.08;;0.55
2026.04.09 22:45:03;Sell;0.01;AUDCAD;0.97842;0.01;2026.04.10 03:07:51;0.97768;-0.08;-0.05;0.54
2026.04.09 19:35:00;Sell;0.01;AUDCAD;0.97926;0.01;2026.04.09 21:12:12;0.97846;-0.08;;0.58
2026.04.07 23:15:00;Sell;0.01;AUDCAD;0.96872;0.01;2026.04.09 03:06:40;0.97423;-0.08;-0.21;-3.98
2026.04.08 05:30:06;Sell;0.01;AUDCAD;0.97633;0.01;2026.04.09 03:06:40;0.97423;-0.08;-0.16;1.52
2026.04.08 09:50:07;Sell;0.01;AUDCAD;0.97961;0.01;2026.04.09 03:06:40;0.97421;-0.08;-0.16;3.9
2026.04.08 21:55:08;Buy;0.01;AUDCAD;0.97462;0.01;2026.04.08 22:34:50;0.97538;-0.08;;0.55
2026.04.07 20:55:05;Sell;0.01;AUDCAD;0.96664;0.01;2026.04.07 21:54:57;0.96585;-0.08;;0.57
2026.04.07 12:15:09;Sell;0.01;AUDCAD;0.96608;0.01;2026.04.07 13:09:34;0.96472;-0.08;;0.98
2026.04.06 05:50:02;Sell;0.01;AUDCAD;0.96285;0.01;2026.04.06 17:38:41;0.96313;-0.08;;-0.2
2026.04.06 11:35:02;Sell;0.01;AUDCAD;0.96489;0.01;2026.04.06 17:38:41;0.96313;-0.08;;1.26
2026.04.03 03:45:06;Sell;0.01;AUDCAD;0.96246;0.01;2026.04.03 05:23:00;0.96163;-0.08;;0.6
2026.04.02 23:30:08;Sell;0.01;AUDCAD;0.96181;0.01;2026.04.03 00:05:00;0.96159;-0.08;-0.05;0.16
2026.04.02 20:20:07;Sell;0.01;AUDCAD;0.96157;0.01;2026.04.02 20:52:43;0.9608;-0.08;;0.55
2026.04.02 05:55:05;Buy;0.01;AUDCAD;0.95754;0.01;2026.04.02 15:25:08;0.95725;-0.08;;-0.21
2026.04.02 14:40:06;Buy;0.01;AUDCAD;0.95544;0.01;2026.04.02 15:25:08;0.95724;-0.08;;1.29
2026.04.01 21:20:01;Buy;0.01;AUDCAD;0.96117;0.01;2026.04.02 04:11:08;0.96219;-0.08;0.08;0.74
2026.04.01 12:45:04;Sell;0.01;AUDCAD;0.96356;0.01;2026.04.01 19:14:08;0.96282;-0.08;;0.53
2026.03.31 21:25:05;Sell;0.01;AUDCAD;0.96007;0.01;2026.04.01 06:00:51;0.96047;-0.08;-0.05;-0.29
2026.04.01 03:30:01;Sell;0.01;AUDCAD;0.96246;0.01;2026.04.01 06:00:51;0.96045;-0.08;;1.45
2026.03.31 15:50:00;Sell;0.01;AUDCAD;0.95934;0.01;2026.03.31 15:57:25;0.95859;-0.08;;0.54
2026.03.30 01:55:04;Buy;0.01;AUDCAD;0.95206;0.01;2026.03.30 04:35:28;0.95291;-0.08;;0.61
2026.03.26 14:50:00;Buy;0.01;AUDCAD;0.95774;0.01;2026.03.27 07:57:37;0.95702;-0.08;0.02;-0.52
2026.03.27 02:25:02;Buy;0.01;AUDCAD;0.95481;0.01;2026.03.27 07:57:37;0.95702;-0.08;;1.6
2026.03.25 16:50:05;Buy;0.01;AUDCAD;0.95852;0.01;2026.03.25 17:14:57;0.95925;-0.08;;0.53
2026.03.25 01:20:00;Sell;0.01;AUDCAD;0.96302;0.01;2026.03.25 03:00:37;0.96227;-0.08;;0.55
2026.03.24 11:50:03;Buy;0.01;AUDCAD;0.95778;0.01;2026.03.24 14:47:17;0.95856;-0.08;;0.57
2026.03.24 04:35:02;Buy;0.01;AUDCAD;0.95924;0.01;2026.03.24 09:35:39;0.95998;-0.08;;0.54
2026.03.23 22:25:05;Sell;0.01;AUDCAD;0.96295;0.01;2026.03.23 22:57:00;0.96216;-0.08;;0.58
2026.03.20 16:15:08;Buy;0.01;AUDCAD;0.96888;0.01;2026.03.23 14:11:11;0.96391;-0.08;0.03;-3.63
2026.03.23 07:45:02;Buy;0.01;AUDCAD;0.95739;0.01;2026.03.23 14:11:11;0.9639;-0.08;;4.76
2026.03.20 12:50:08;Buy;0.01;AUDCAD;0.9699;0.01;2026.03.20 14:06:17;0.97064;-0.08;;0.54
2026.03.19 20:50:05;Sell;0.01;AUDCAD;0.96852;0.01;2026.03.20 12:47:28;0.96985;-0.08;-0.05;-0.97
2026.03.20 02:05:10;Sell;0.01;AUDCAD;0.97324;0.01;2026.03.20 12:47:27;0.96985;-0.08;;2.4699999999999998
2026.03.18 22:25:05;Buy;0.01;AUDCAD;0.96658;0.01;2026.03.19 05:21:32;0.96732;-0.08;0.09;0.54
2026.03.17 02:00:08;Sell;0.01;AUDCAD;0.96696;0.01;2026.03.18 22:45:25;0.96615;-0.08;-0.05;0.59
2026.03.18 17:50:05;Buy;0.01;AUDCAD;0.96875;0.01;2026.03.18 18:00:42;0.96948;-0.08;;0.53
2026.03.18 16:30:05;Buy;0.01;AUDCAD;0.96808;0.01;2026.03.18 16:46:38;0.96898;-0.08;;0.66
2026.03.16 13:25:09;Sell;0.01;AUDCAD;0.96377;0.01;2026.03.18 15:20:20;0.96947;-0.08;-0.1;-4.16
2026.03.17 20:20:06;Sell;0.02;AUDCAD;0.97322;0.02;2026.03.18 15:20:20;0.96945;-0.14;-0.11;5.5
2026.03.13 21:20:06;Buy;0.01;AUDCAD;0.96096;0.01;2026.03.16 03:06:20;0.9618;-0.08;0.02;0.61
2026.03.12 20:45:06;Buy;0.01;AUDCAD;0.9656;0.01;2026.03.13 15:45:32;0.96654;-0.08;0.02;0.69
2026.03.10 02:25:00;Sell;0.01;AUDCAD;0.96106;0.01;2026.03.13 09:28:48;0.96232;-0.08;-0.24;-0.92
2026.03.12 23:40:08;Sell;0.01;AUDCAD;0.96499;0.01;2026.03.13 09:28:48;0.9623;-0.08;-0.05;1.97
2026.03.09 16:05:01;Sell;0.01;AUDCAD;0.9521;0.01;2026.03.12 17:27:46;0.96518;-0.08;-0.24;-9.61
2026.03.11 02:05:09;Sell;0.02;AUDCAD;0.96651;0.02;2026.03.12 17:27:46;0.96519;-0.14;-0.28;1.94
2026.03.11 23:05:02;Sell;0.02;AUDCAD;0.97222;0.02;2026.03.12 17:27:46;0.96519;-0.14;-0.28;10.34
2026.03.12 05:40:09;Buy;0.01;AUDCAD;0.96919;0.01;2026.03.12 11:05:26;0.96995;-0.08;;0.56
2026.03.12 02:35:05;Buy;0.01;AUDCAD;0.96936;0.01;2026.03.12 03:38:09;0.97012;-0.08;;0.56
2026.03.06 11:40:04;Buy;0.01;AUDCAD;0.95819;0.01;2026.03.09 22:19:48;0.95793;-0.08;0.02;-0.19
2026.03.09 21:05:01;Buy;0.01;AUDCAD;0.95617;0.01;2026.03.09 22:19:48;0.95797;-0.08;;1.33
2026.03.06 04:25:09;Sell;0.01;AUDCAD;0.96097;0.01;2026.03.06 06:57:34;0.96019;-0.08;;0.57
2026.03.05 20:40:03;Buy;0.01;AUDCAD;0.95683;0.01;2026.03.05 22:22:16;0.95757;-0.08;;0.54
2026.03.05 18:50:05;Buy;0.01;AUDCAD;0.95902;0.01;2026.03.05 19:04:50;0.9598;-0.08;;0.57
2026.03.05 15:05:03;Buy;0.01;AUDCAD;0.95965;0.01;2026.03.05 17:02:58;0.96043;-0.08;;0.57
2026.03.05 07:55:04;Buy;0.01;AUDCAD;0.96217;0.01;2026.03.05 11:07:56;0.96305;-0.08;;0.65
2026.03.04 18:35:00;Sell;0.01;AUDCAD;0.96597;0.01;2026.03.04 22:19:18;0.96523;-0.08;;0.54
2026.03.04 15:30:06;Sell;0.01;AUDCAD;0.96407;0.01;2026.03.04 16:35:45;0.96314;-0.08;;0.68
2026.03.04 12:05:08;Sell;0.01;AUDCAD;0.96286;0.01;2026.03.04 14:29:23;0.96203;-0.08;;0.61
2026.03.03 12:10:00;Buy;0.01;AUDCAD;0.96436;0.01;2026.03.04 12:10:10;0.96513;-0.08;0.02;0.56
2026.03.03 10:50:07;Buy;0.01;AUDCAD;0.96633;0.01;2026.03.03 11:09:49;0.9671;-0.08;;0.56
2026.03.03 05:40:07;Sell;0.01;AUDCAD;0.97169;0.01;2026.03.03 07:03:42;0.97092;-0.08;;0.56
2026.03.03 03:10:01;Sell;0.01;AUDCAD;0.97131;0.01;2026.03.03 04:00:00;0.97049;-0.08;;0.6
2026.03.03 01:45:03;Sell;0.01;AUDCAD;0.97157;0.01;2026.03.03 02:00:46;0.97071;-0.08;;0.63
2026.03.02 19:20:05;Sell;0.01;AUDCAD;0.96947;0.01;2026.03.02 22:09:21;0.9686;-0.08;;0.64
2026.03.02 14:40:01;Buy;0.01;AUDCAD;0.96546;0.01;2026.03.02 15:22:17;0.96624;-0.08;;0.57
2026.03.02 08:00:07;Buy;0.01;AUDCAD;0.96672;0.01;2026.03.02 11:14:34;0.96745;-0.08;;0.53
2026.03.02 02:00:02;Buy;0.01;AUDCAD;0.96458;0.01;2026.03.02 02:23:49;0.96536;-0.08;;0.57
2026.02.28 13:34:52;Balance;;;;;;;;;-50
2026.02.27 20:20:08;Buy;0.01;AUDCAD;0.96956;0.01;2026.02.27 21:06:26;0.97031;-0.08;;0.55
2026.02.27 07:30:00;Sell;0.01;AUDCAD;0.97437;0.01;2026.02.27 08:03:22;0.97358;-0.08;;0.58
2026.02.26 18:30:02;Buy;0.01;AUDCAD;0.97101;0.01;2026.02.26 21:09:55;0.97175;-0.08;;0.54
2026.02.25 18:20:06;Sell;0.01;AUDCAD;0.97292;0.01;2026.02.26 04:34:21;0.97319;-0.08;-0.14;-0.2
2026.02.26 03:25:05;Sell;0.01;AUDCAD;0.97494;0.01;2026.02.26 04:34:21;0.97319;-0.08;;1.28
2026.02.25 03:30:06;Sell;0.01;AUDCAD;0.96969;0.01;2026.02.25 11:54:05;0.97037;-0.08;;-0.5
2026.02.25 08:10:05;Sell;0.01;AUDCAD;0.97254;0.01;2026.02.25 11:54:05;0.97037;-0.08;;1.58
2026.02.24 14:45:00;Buy;0.01;AUDCAD;0.96532;0.01;2026.02.24 16:42:01;0.96606;-0.08;;0.54
2026.02.20 21:30:01;Sell;0.01;AUDCAD;0.9689;0.01;2026.02.23 02:49:35;0.96813;-0.08;-0.04;0.56
2026.02.20 18:35:01;Sell;0.01;AUDCAD;0.9687;0.01;2026.02.20 19:16:49;0.96796;-0.08;;0.54
2026.02.20 16:55:06;Sell;0.01;AUDCAD;0.96698;0.01;2026.02.20 17:05:17;0.96623;-0.08;;0.55
2026.02.20 11:15:00;Sell;0.01;AUDCAD;0.96645;0.01;2026.02.20 12:56:49;0.9657;-0.08;;0.55
2026.02.20 04:35:00;Buy;0.01;AUDCAD;0.96221;0.01;2026.02.20 06:07:27;0.96295;-0.08;;0.54
2026.02.19 03:55:07;Sell;0.01;AUDCAD;0.96721;0.01;2026.02.19 06:43:30;0.96646;-0.08;;0.55
2026.02.17 20:35:05;Sell;0.01;AUDCAD;0.96576;0.01;2026.02.18 04:18:30;0.96498;-0.08;-0.04;0.57
2026.02.17 05:15:00;Buy;0.01;AUDCAD;0.96181;0.01;2026.02.17 05:26:31;0.96257;-0.08;;0.56
2026.02.13 07:45:00;Buy;0.01;AUDCAD;0.96315;0.01;2026.02.13 23:13:03;0.96398;-0.08;;0.61
2026.02.11 03:45:01;Sell;0.01;AUDCAD;0.96061;0.01;2026.02.13 07:29:21;0.96337;-0.08;-0.17;-2.03
2026.02.11 21:20:09;Sell;0.01;AUDCAD;0.96764;0.01;2026.02.13 07:29:20;0.96336;-0.08;-0.17;3.14
2026.02.12 22:50:09;Buy;0.01;AUDCAD;0.9646;0.01;2026.02.13 02:11:13;0.96535;-0.08;0.02;0.55
2026.02.10 18:50:02;Buy;0.01;AUDCAD;0.95713;0.01;2026.02.10 19:40:33;0.95792;-0.08;;0.58
2026.02.06 20:35:04;Sell;0.01;AUDCAD;0.95784;0.01;2026.02.10 16:42:22;0.95807;-0.08;-0.08;-0.17
2026.02.10 11:35:03;Sell;0.01;AUDCAD;0.95986;0.01;2026.02.10 16:42:22;0.95807;-0.08;;1.32
2026.02.10 08:15:08;Buy;0.01;AUDCAD;0.95813;0.01;2026.02.10 09:57:07;0.9589;-0.08;;0.57
2026.02.06 11:30:09;Sell;0.01;AUDCAD;0.95365;0.01;2026.02.10 08:07:26;0.95846;-0.08;-0.08;-3.55
2026.02.09 19:30:01;Sell;0.02;AUDCAD;0.9619;0.02;2026.02.10 08:07:25;0.95847;-0.14;-0.09;5.06
2026.02.05 22:45:03;Buy;0.01;AUDCAD;0.95128;0.01;2026.02.06 07:55:02;0.952;-0.08;0.02;0.53
2026.01.29 20:35:07;Buy;0.01;AUDCAD;0.94931;0.01;2026.01.29 22:50:08;0.95013;-0.08;;0.61
2026.01.29 19:20:00;Buy;0.01;AUDCAD;0.94902;0.01;2026.01.29 19:24:24;0.94977;-0.08;;0.56
2026.01.26 05:55:02;Sell;0.02;AUDCAD;0.9459;0.02;2026.01.29 17:50:42;0.9455;-0.14;-0.41;0.59
2026.01.22 19:25:05;Sell;0.02;AUDCAD;0.94287;0.02;2026.01.29 17:44:52;0.94596;-0.14;-0.57;-4.55
2026.01.28 20:05:07;Sell;0.02;AUDCAD;0.95054;0.02;2026.01.29 17:44:52;0.94595;-0.14;-0.25;6.76
2026.01.22 05:00:08;Sell;0.01;AUDCAD;0.93965;0.01;2026.01.29 17:15:20;0.95036;-0.08;-0.28;-7.91
2026.01.29 14:25:04;Sell;0.03;AUDCAD;0.95433;0.03;2026.01.29 17:15:20;0.95036;-0.22;;8.8
2026.01.29 13:20:07;Buy;0.01;AUDCAD;0.95274;0.01;2026.01.29 13:24:14;0.9535;-0.08;;0.56
2026.01.28 17:40:08;Buy;0.01;AUDCAD;0.94786;0.01;2026.01.28 17:58:13;0.94861;-0.08;;0.55
2026.01.21 08:55:03;Sell;0.01;AUDCAD;0.93379;0.01;2026.01.28 17:48:52;0.94729;-0.08;-0.27;-9.96
2026.01.26 20:35:07;Sell;0.03;AUDCAD;0.9503;0.03;2026.01.28 17:48:45;0.9474;-0.22;-0.24;6.42
2026.01.28 15:55:03;Buy;0.01;AUDCAD;0.94824;0.01;2026.01.28 16:39:49;0.94906;-0.08;;0.61
2026.01.28 11:15:08;Buy;0.01;AUDCAD;0.94858;0.01;2026.01.28 11:51:59;0.94943;-0.08;;0.63
2026.01.20 11:50:03;Buy;0.01;AUDCAD;0.92994;0.01;2026.01.20 12:12:37;0.9307;-0.08;;0.55
2026.01.20 06:50:02;Sell;0.01;AUDCAD;0.93303;0.01;2026.01.20 10:33:40;0.93223;-0.08;;0.58
2026.01.15 18:15:04;Sell;0.01;AUDCAD;0.93139;0.01;2026.01.15 22:17:03;0.9306;-0.08;;0.57
2026.01.15 10:35:10;Sell;0.01;AUDCAD;0.92984;0.01;2026.01.15 15:22:23;0.9291;-0.08;;0.53
2026.01.14 14:40:08;Buy;0.01;AUDCAD;0.92722;0.01;2026.01.14 17:13:27;0.92796;-0.08;;0.53
2026.01.13 17:50:08;Buy;0.01;AUDCAD;0.92787;0.01;2026.01.13 19:44:51;0.92862;-0.08;;0.54
2026.01.09 20:40:00;Sell;0.01;AUDCAD;0.9298;0.01;2026.01.13 12:06:44;0.93011;-0.08;-0.08;-0.22
2026.01.12 15:25:04;Sell;0.01;AUDCAD;0.93188;0.01;2026.01.13 12:06:44;0.93011;-0.08;-0.04;1.28
2026.01.06 08:20:03;Sell;0.02;AUDCAD;0.92655;0.02;2026.01.09 10:33:00;0.92651;-0.14;-0.39;0.06
2026.01.08 20:20:00;Sell;0.01;AUDCAD;0.92858;0.01;2026.01.09 10:33:00;0.92651;-0.08;-0.04;1.49
2026.01.08 15:55:10;Buy;0.01;AUDCAD;0.92755;0.01;2026.01.08 17:20:48;0.9283;-0.08;;0.54
2026.01.05 19:50:02;Sell;0.01;AUDCAD;0.92407;0.01;2026.01.08 16:12:51;0.9271;-0.08;-0.2;-2.19
2026.01.06 21:10:02;Sell;0.02;AUDCAD;0.92952;0.02;2026.01.08 16:12:51;0.9271;-0.14;-0.31;3.49
2026.01.08 08:25:07;Buy;0.01;AUDCAD;0.92867;0.01;2026.01.08 09:24:06;0.9295;-0.08;;0.6
2026.01.05 16:15:05;Sell;0.01;AUDCAD;0.92174;0.01;2026.01.07 12:57:42;0.93011;-0.08;-0.08;-6.06
2026.01.07 07:10:09;Sell;0.03;AUDCAD;0.93359;0.03;2026.01.07 12:57:42;0.9301;-0.22;;7.58
2026.01.02 03:50:00;Sell;0.01;AUDCAD;0.91746;0.01;2026.01.02 17:57:43;0.91767;-0.08;;-0.15
2026.01.02 11:15:06;Sell;0.01;AUDCAD;0.91965;0.01;2026.01.02 17:57:43;0.91767;-0.08;;1.44
2025.12.31 16:30:07;Buy;0.01;AUDCAD;0.91429;0.01;2025.12.31 19:33:46;0.91507;-0.08;;0.57
2025.12.30 08:55:00;Sell;0.01;AUDCAD;0.91903;0.01;2025.12.30 09:39:01;0.91828;-0.08;;0.55
2025.12.29 14:40:08;Buy;0.01;AUDCAD;0.91574;0.01;2025.12.29 22:58:15;0.91651;-0.08;;0.56
2025.12.23 02:10:00;Sell;0.01;AUDCAD;0.91562;0.01;2025.12.29 18:20:15;0.91481;-0.08;-0.23;0.59
2025.12.22 03:25:13;Sell;0.01;AUDCAD;0.91357;0.01;2025.12.29 14:25:52;0.91584;-0.08;-0.27;-1.6600000000000001
2025.12.24 08:00:06;Sell;0.02;AUDCAD;0.91806;0.02;2025.12.29 14:25:52;0.91584;-0.14;-0.37;3.24
2025.12.18 16:20:04;Sell;0.01;AUDCAD;0.91268;0.01;2025.12.18 16:35:58;0.9119;-0.08;;0.57
2025.12.16 20:30:07;Buy;0.01;AUDCAD;0.91146;0.01;2025.12.16 20:44:29;0.91222;-0.08;;0.55
2025.12.16 03:45:09;Buy;0.01;AUDCAD;0.9124;0.01;2025.12.16 04:07:52;0.91315;-0.08;;0.54
2025.12.12 17:25:02;Buy;0.01;AUDCAD;0.91562;0.01;2025.12.12 20:39:28;0.91639;-0.08;;0.56
2025.12.11 05:10:10;Buy;0.01;AUDCAD;0.91778;0.01;2025.12.11 12:27:15;0.91852;-0.08;;0.54
2025.12.09 07:20:11;Sell;0.01;AUDCAD;0.92;0.01;2025.12.09 10:38:38;0.91924;-0.08;;0.55
2025.12.05 20:00:02;Buy;0.01;AUDCAD;0.9186;0.01;2025.12.09 06:33:28;0.91937;-0.08;0.04;0.56
2025.12.05 17:20:01;Buy;0.01;AUDCAD;0.92148;0.01;2025.12.09 06:19:35;0.91863;-0.08;0.04;-2.06
2025.12.08 14:10:03;Buy;0.02;AUDCAD;0.91611;0.02;2025.12.09 06:19:34;0.91863;-0.14;0.04;3.64
2025.12.04 02:05:00;Sell;0.01;AUDCAD;0.92191;0.01;2025.12.05 16:00:29;0.92223;-0.08;-0.04;-0.23
2025.12.05 08:10:04;Sell;0.01;AUDCAD;0.92406;0.01;2025.12.05 16:00:29;0.92223;-0.08;;1.32
2025.11.28 16:30:01;Buy;0.01;AUDCAD;0.91388;0.01;2025.11.28 18:08:08;0.91468;-0.08;;0.57
2025.11.26 03:35:05;Sell;0.01;AUDCAD;0.91422;0.01;2025.11.28 15:27:43;0.91447;-0.08;-0.17;-0.18
2025.11.27 03:30:00;Sell;0.01;AUDCAD;0.91625;0.01;2025.11.28 15:27:43;0.91448;-0.08;-0.04;1.26
2025.11.25 17:55:08;Buy;0.01;AUDCAD;0.90914;0.01;2025.11.25 18:17:11;0.90991;-0.08;;0.55
2025.11.25 16:50:09;Buy;0.01;AUDCAD;0.90866;0.01;2025.11.25 16:52:00;0.90946;-0.08;;0.57
2025.11.21 12:05:06;Buy;0.01;AUDCAD;0.90652;0.01;2025.11.21 13:15:01;0.90726;-0.08;;0.53
2025.11.20 23:50:07;Buy;0.01;AUDCAD;0.90794;0.01;2025.11.21 01:00:21;0.90881;-0.08;0.01;0.62
2025.11.20 19:00:02;Buy;0.01;AUDCAD;0.90836;0.01;2025.11.20 19:01:53;0.90917;-0.08;;0.57
2025.11.20 16:30:02;Sell;0.01;AUDCAD;0.91261;0.01;2025.11.20 17:09:05;0.91185;-0.08;;0.54
2025.11.20 01:35:05;Sell;0.01;AUDCAD;0.91081;0.01;2025.11.20 10:00:51;0.91006;-0.08;;0.53
2025.11.19 05:20:01;Buy;0.01;AUDCAD;0.90798;0.01;2025.11.19 08:21:23;0.90873;-0.08;;0.54
2025.11.19 03:55:07;Buy;0.01;AUDCAD;0.90858;0.01;2025.11.19 04:18:16;0.90933;-0.08;;0.54
2025.11.18 17:35:03;Buy;0.01;AUDCAD;0.90972;0.01;2025.11.18 18:27:13;0.91048;-0.08;;0.54
2025.11.18 05:55:04;Buy;0.01;AUDCAD;0.91044;0.01;2025.11.18 07:51:20;0.91118;-0.08;;0.53
2025.11.18 02:45:00;Buy;0.01;AUDCAD;0.91116;0.01;2025.11.18 03:40:17;0.91192;-0.08;;0.54
2025.11.17 20:55:07;Buy;0.01;AUDCAD;0.91221;0.01;2025.11.18 01:00:09;0.91298;-0.08;0.01;0.55
2025.11.17 17:40:04;Buy;0.01;AUDCAD;0.91282;0.01;2025.11.17 18:46:46;0.91358;-0.08;;0.54
2025.11.17 12:55:08;Buy;0.01;AUDCAD;0.91357;0.01;2025.11.17 13:56:08;0.91432;-0.08;;0.53
2025.11.14 18:00:00;Sell;0.01;AUDCAD;0.91826;0.01;2025.11.14 19:49:27;0.91749;-0.08;;0.55
2025.11.14 13:10:00;Buy;0.01;AUDCAD;0.91411;0.01;2025.11.14 14:57:18;0.91487;-0.08;;0.54
2025.11.13 22:55:00;Buy;0.01;AUDCAD;0.91572;0.01;2025.11.13 23:51:40;0.91648;-0.08;;0.54
2025.11.13 21:15:03;Buy;0.01;AUDCAD;0.9159;0.01;2025.11.13 21:34:26;0.91669;-0.08;;0.56
2025.11.13 16:45:06;Buy;0.01;AUDCAD;0.91613;0.01;2025.11.13 16:51:02;0.9169;-0.08;;0.55
2025.11.13 03:30:11;Sell;0.01;AUDCAD;0.91844;0.01;2025.11.13 15:32:40;0.91764;-0.08;;0.57
2025.11.12 10:55:08;Sell;0.01;AUDCAD;0.91664;0.01;2025.11.12 11:19:00;0.91576;-0.08;;0.63
2025.11.10 03:40:02;Sell;0.01;AUDCAD;0.91464;0.01;2025.11.11 07:58:16;0.91489;-0.08;-0.04;-0.18
2025.11.10 20:45:09;Sell;0.01;AUDCAD;0.91664;0.01;2025.11.11 07:58:16;0.91488;-0.08;-0.04;1.25
2025.11.07 19:25:01;Buy;0.01;AUDCAD;0.91118;0.01;2025.11.07 21:40:09;0.91193;-0.08;;0.53
2025.11.07 17:50:08;Buy;0.01;AUDCAD;0.91081;0.01;2025.11.07 18:24:20;0.91156;-0.08;;0.53
2025.11.07 16:20:01;Buy;0.01;AUDCAD;0.91171;0.01;2025.11.07 16:47:27;0.91251;-0.08;;0.57
2025.11.06 17:50:09;Buy;0.01;AUDCAD;0.91428;0.01;2025.11.06 21:27:13;0.91504;-0.08;;0.54
2025.11.05 17:30:06;Sell;0.01;AUDCAD;0.91776;0.01;2025.11.06 02:33:20;0.91704;-0.08;-0.11;0.51
2025.11.05 07:25:09;Sell;0.01;AUDCAD;0.9168;0.01;2025.11.05 07:52:58;0.91605;-0.08;;0.53
2025.11.04 07:45:09;Buy;0.01;AUDCAD;0.9166;0.01;2025.11.05 05:54:37;0.91627;-0.08;0.01;-0.23
2025.11.04 14:55:01;Buy;0.01;AUDCAD;0.9143;0.01;2025.11.05 05:54:37;0.91627;-0.08;0.01;1.4
2025.11.03 07:40:04;Sell;0.01;AUDCAD;0.91922;0.01;2025.11.03 08:27:18;0.91845;-0.08;;0.55
2025.10.30 16:40:06;Buy;0.01;AUDCAD;0.91484;0.01;2025.10.30 16:44:52;0.9156;-0.08;;0.54
2025.10.27 09:35:05;Sell;0.02;AUDCAD;0.91483;0.02;2025.10.30 16:40:25;0.91474;-0.14;-0.38;0.13
2025.10.30 03:00:08;Sell;0.01;AUDCAD;0.91694;0.01;2025.10.30 16:40:25;0.91474;-0.08;;1.5699999999999998
2025.10.29 22:50:09;Buy;0.01;AUDCAD;0.91655;0.01;2025.10.30 03:19:06;0.91729;-0.08;0.04;0.53
2025.10.24 19:10:00;Sell;0.01;AUDCAD;0.91238;0.01;2025.10.29 21:40:01;0.91526;-0.08;-0.1;-2.07
2025.10.27 20:40:04;Sell;0.02;AUDCAD;0.91775;0.02;2025.10.29 21:40:00;0.91526;-0.14;-0.15;3.57
2025.10.23 10:10:01;Sell;0.01;AUDCAD;0.91;0.01;2025.10.29 17:25:28;0.918;-0.08;-0.13;-5.75
2025.10.29 10:10:02;Sell;0.03;AUDCAD;0.92135;0.03;2025.10.29 17:25:28;0.918;-0.22;;7.23
2025.10.22 20:20:04;Buy;0.01;AUDCAD;0.90747;0.01;2025.10.22 23:56:20;0.90821;-0.08;;0.53
2025.10.22 17:45:05;Buy;0.01;AUDCAD;0.90788;0.01;2025.10.22 18:02:02;0.90864;-0.08;;0.54
2025.10.21 16:30:00;Buy;0.01;AUDCAD;0.91056;0.01;2025.10.22 07:22:45;0.91034;-0.08;0.01;-0.16
2025.10.22 04:30:05;Buy;0.01;AUDCAD;0.90855;0.01;2025.10.22 07:22:45;0.91034;-0.08;;1.28
2025.10.21 11:05:00;Buy;0.01;AUDCAD;0.91144;0.01;2025.10.21 14:30:49;0.91218;-0.08;;0.53
2025.10.20 17:25:04;Sell;0.01;AUDCAD;0.91342;0.01;2025.10.21 08:48:29;0.91264;-0.08;-0.03;0.55
2025.10.20 04:20:00;Sell;0.01;AUDCAD;0.91251;0.01;2025.10.20 04:31:01;0.91176;-0.08;;0.54
2025.10.17 04:55:11;Buy;0.01;AUDCAD;0.90923;0.01;2025.10.17 14:09:55;0.91017;-0.08;;0.67
2025.10.17 02:50:10;Buy;0.01;AUDCAD;0.90968;0.01;2025.10.17 02:56:19;0.91048;-0.08;;0.57
2025.10.16 20:50:00;Buy;0.01;AUDCAD;0.91054;0.01;2025.10.16 23:42:09;0.91131;-0.08;;0.55
2025.10.10 16:15:09;Buy;0.01;AUDCAD;0.91652;0.01;2025.10.16 15:23:20;0.91338;-0.08;0.05;-2.23
2025.10.10 22:40:03;Buy;0.01;AUDCAD;0.90769;0.01;2025.10.16 15:23:20;0.91338;-0.08;0.05;4.05
2025.10.09 15:35:03;Sell;0.01;AUDCAD;0.92121;0.01;2025.10.09 16:40:04;0.92041;-0.08;;0.57
2025.10.09 11:35:01;Buy;0.01;AUDCAD;0.91715;0.01;2025.10.09 11:54:00;0.91791;-0.08;;0.54
2025.10.09 07:45:00;Sell;0.01;AUDCAD;0.92071;0.01;2025.10.09 09:19:04;0.91987;-0.08;;0.6
2025.10.07 21:50:09;Buy;0.01;AUDCAD;0.91837;0.01;2025.10.08 22:17:09;0.91914;-0.08;0.01;0.55
2025.10.08 18:30:00;Sell;0.01;AUDCAD;0.919;0.01;2025.10.08 19:00:38;0.91825;-0.08;;0.54
2025.10.07 09:25:11;Buy;0.01;AUDCAD;0.92041;0.01;2025.10.08 17:02:58;0.91815;-0.08;0.01;-1.62
2025.10.08 11:50:07;Buy;0.02;AUDCAD;0.91586;0.02;2025.10.08 17:02:58;0.91815;-0.14;;3.2800000000000002
2025.10.06 16:10:06;Sell;0.01;AUDCAD;0.92316;0.01;2025.10.07 03:36:59;0.92241;-0.08;-0.04;0.54
2025.10.02 16:45:06;Buy;0.01;AUDCAD;0.91967;0.01;2025.10.02 18:10:38;0.92044;-0.08;;0.55
2025.09.30 11:40:02;Sell;0.01;AUDCAD;0.91894;0.01;2025.10.01 04:04:46;0.91941;-0.08;-0.04;-0.34
2025.09.30 19:45:05;Sell;0.01;AUDCAD;0.92147;0.01;2025.10.01 04:04:46;0.91941;-0.08;-0.04;1.48
2025.09.30 10:20:00;Sell;0.01;AUDCAD;0.91853;0.01;2025.09.30 10:40:56;0.91752;-0.08;;0.73
2025.09.30 08:20:01;Sell;0.01;AUDCAD;0.91946;0.01;2025.09.30 08:57:09;0.9187;-0.08;;0.55
2025.09.30 06:50:04;Sell;0.01;AUDCAD;0.91737;0.01;2025.09.30 07:12:22;0.91655;-0.08;;0.59
2025.09.29 07:40:05;Sell;0.01;AUDCAD;0.91475;0.01;2025.09.29 11:26:20;0.914;-0.08;;0.54
2025.09.25 16:20:00;Buy;0.01;AUDCAD;0.91232;0.01;2025.09.26 17:00:21;0.91203;-0.08;0.01;-0.21
2025.09.26 13:35:19;Buy;0.01;AUDCAD;0.91029;0.01;2025.09.26 17:00:20;0.91205;-0.08;;1.26
2025.09.24 05:20:03;Sell;0.01;AUDCAD;0.91598;0.01;2025.09.24 15:50:37;0.91524;-0.08;;0.53
2025.09.23 12:30:00;Sell;0.01;AUDCAD;0.9134;0.01;2025.09.23 16:47:18;0.91263;-0.08;;0.56
2025.09.19 15:25:00;Buy;0.01;AUDCAD;0.91068;0.01;2025.09.22 19:25:18;0.91144;-0.08;0.01;0.55
2025.09.18 18:40:03;Buy;0.01;AUDCAD;0.91275;0.01;2025.09.22 19:20:17;0.91114;-0.08;0.02;-1.17
2025.09.19 19:20:02;Buy;0.01;AUDCAD;0.90814;0.01;2025.09.22 19:20:17;0.91114;-0.08;0.01;2.17
2025.09.18 16:40:03;Buy;0.01;AUDCAD;0.91306;0.01;2025.09.18 17:27:29;0.91386;-0.08;;0.58
2025.09.18 07:35:06;Buy;0.01;AUDCAD;0.9143;0.01;2025.09.18 10:44:48;0.91504;-0.08;;0.54
2025.09.09 13:00:05;Sell;0.01;AUDCAD;0.91341;0.01;2025.09.18 08:10:21;0.91366;-0.08;-0.38;-0.18
2025.09.18 05:50:03;Sell;0.01;AUDCAD;0.91544;0.01;2025.09.18 08:10:21;0.91367;-0.08;;1.28
2025.09.09 05:10:07;Sell;0.01;AUDCAD;0.91093;0.01;2025.09.18 04:31:08;0.91423;-0.08;-0.38;-2.4
2025.09.10 19:05:08;Sell;0.02;AUDCAD;0.91698;0.02;2025.09.18 04:31:08;0.91423;-0.14;-0.7;3.99
2025.09.08 09:45:01;Sell;0.01;AUDCAD;0.90889;0.01;2025.09.16 07:43:11;0.91758;-0.08;-0.25;-6.31
2025.09.11 20:20:02;Sell;0.03;AUDCAD;0.92109;0.03;2025.09.16 07:43:11;0.91758;-0.22;-0.3;7.65
2025.09.12 15:45:05;Buy;0.01;AUDCAD;0.91879;0.01;2025.09.12 16:26:45;0.91956;-0.08;;0.56
2025.09.05 18:20:09;Sell;0.01;AUDCAD;0.90772;0.01;2025.09.05 23:25:04;0.90697;-0.08;;0.54
2025.09.05 17:05:10;Sell;0.01;AUDCAD;0.90948;0.01;2025.09.05 17:16:11;0.90872;-0.08;;0.55
2025.09.03 13:15:04;Sell;0.01;AUDCAD;0.90143;0.01;2025.09.04 06:53:50;0.90168;-0.08;-0.1;-0.18
2025.09.03 20:05:00;Sell;0.01;AUDCAD;0.90348;0.01;2025.09.04 06:53:50;0.90168;-0.08;-0.1;1.3
2025.09.02 10:25:04;Buy;0.01;AUDCAD;0.89757;0.01;2025.09.02 17:00:53;0.89835;-0.08;;0.57
2025.08.27 13:40:03;Buy;0.01;AUDCAD;0.89563;0.01;2025.08.27 15:46:12;0.89641;-0.08;;0.56
2025.08.27 11:35:02;Buy;0.01;AUDCAD;0.89587;0.01;2025.08.27 12:39:00;0.89662;-0.08;;0.54
2025.08.25 08:55:00;Sell;0.01;AUDCAD;0.89851;0.01;2025.08.25 10:57:15;0.89774;-0.08;;0.56
2025.08.22 17:00:04;Sell;0.01;AUDCAD;0.89566;0.01;2025.08.25 04:32:25;0.89617;-0.08;-0.03;-0.37
2025.08.22 18:00:10;Sell;0.01;AUDCAD;0.89818;0.01;2025.08.25 04:32:25;0.89617;-0.08;-0.03;1.45
2025.08.20 17:10:07;Buy;0.01;AUDCAD;0.89127;0.01;2025.08.20 18:22:04;0.89202;-0.08;;0.54
2025.08.20 11:30:00;Buy;0.01;AUDCAD;0.89199;0.01;2025.08.20 11:37:43;0.89277;-0.08;;0.56
2025.08.20 05:20:00;Buy;0.01;AUDCAD;0.89303;0.01;2025.08.20 07:39:39;0.89378;-0.08;;0.54
2025.08.18 17:55:07;Buy;0.01;AUDCAD;0.89668;0.01;2025.08.19 15:47:13;0.89743;-0.08;;0.54
2025.08.16 02:36:31;Balance;;;;;;;;;-50
2025.08.15 16:50:02;Sell;0.01;AUDCAD;0.89978;0.01;2025.08.15 20:01:56;0.89904;-0.08;;0.54
2025.08.14 16:40:09;Buy;0.01;AUDCAD;0.89686;0.01;2025.08.14 23:47:40;0.8976;-0.08;;0.54
2025.08.14 15:35:02;Buy;0.01;AUDCAD;0.89786;0.01;2025.08.14 15:39:54;0.89866;-0.08;;0.58
2025.08.12 18:25:09;Sell;0.01;AUDCAD;0.89853;0.01;2025.08.14 15:15:40;0.89882;-0.08;-0.13;-0.21
2025.08.13 09:40:03;Sell;0.01;AUDCAD;0.90059;0.01;2025.08.14 15:15:40;0.89882;-0.08;-0.1;1.28
2025.08.12 11:50:03;Buy;0.01;AUDCAD;0.89508;0.01;2025.08.12 15:30:08;0.89588;-0.08;;0.58
2025.08.12 08:20:09;Buy;0.01;AUDCAD;0.89548;0.01;2025.08.12 09:49:15;0.89623;-0.08;;0.54
2025.08.07 23:35:00;Sell;0.01;AUDCAD;0.89661;0.01;2025.08.08 03:03:22;0.89582;-0.08;-0.04;0.58
2025.08.07 18:05:05;Buy;0.01;AUDCAD;0.89336;0.01;2025.08.07 18:35:51;0.89411;-0.08;;0.55
2025.08.07 09:35:06;Sell;0.01;AUDCAD;0.89576;0.01;2025.08.07 17:41:07;0.89502;-0.08;;0.54
2025.08.06 06:25:06;Sell;0.01;AUDCAD;0.8935;0.01;2025.08.06 17:33:10;0.89274;-0.08;;0.55
2025.08.04 03:55:03;Sell;0.01;AUDCAD;0.89284;0.01;2025.08.04 04:09:50;0.89205;-0.08;;0.57
2025.08.01 20:10:04;Buy;0.01;AUDCAD;0.88941;0.01;2025.08.01 21:32:53;0.89015;-0.08;;0.54
2025.08.01 15:35:10;Sell;0.01;AUDCAD;0.89452;0.01;2025.08.01 15:51:20;0.89366;-0.08;;0.62
2025.07.31 15:50:00;Buy;0.01;AUDCAD;0.89066;0.01;2025.08.01 04:16:36;0.8914;-0.08;0.01;0.53
2025.07.31 09:20:01;Sell;0.01;AUDCAD;0.89401;0.01;2025.07.31 11:48:30;0.89323;-0.08;;0.56
2025.07.30 16:10:06;Buy;0.01;AUDCAD;0.89207;0.01;2025.07.31 07:30:25;0.89283;-0.08;0.02;0.55
2025.07.30 14:55:09;Buy;0.01;AUDCAD;0.89429;0.01;2025.07.31 05:03:06;0.89211;-0.08;0.02;-1.58
2025.07.30 22:00:07;Buy;0.01;AUDCAD;0.8885;0.01;2025.07.31 05:03:06;0.89211;-0.08;0.02;2.61
2025.07.28 10:30:00;Buy;0.01;AUDCAD;0.89723;0.01;2025.07.29 17:58:57;0.89685;-0.08;0.01;-0.28
2025.07.28 16:40:08;Buy;0.01;AUDCAD;0.89501;0.01;2025.07.29 17:58:57;0.89685;-0.08;0.01;1.33
2025.07.23 16:40:04;Sell;0.01;AUDCAD;0.89663;0.01;2025.07.28 11:03:19;0.89584;-0.08;-0.2;0.57
2025.07.23 11:45:09;Sell;0.01;AUDCAD;0.89452;0.01;2025.07.28 10:30:49;0.89682;-0.08;-0.2;-1.6800000000000002
2025.07.24 05:20:03;Sell;0.02;AUDCAD;0.89908;0.02;2025.07.28 10:30:49;0.89682;-0.14;-0.16;3.29
2025.07.18 03:35:03;Sell;0.01;AUDCAD;0.89345;0.01;2025.07.18 20:28:00;0.89372;-0.08;;-0.2
2025.07.18 15:15:08;Sell;0.01;AUDCAD;0.89547;0.01;2025.07.18 20:28:00;0.89372;-0.08;;1.27
2025.07.17 04:35:00;Buy;0.01;AUDCAD;0.89018;0.01;2025.07.17 13:59:04;0.88981;-0.08;;-0.27
2025.07.17 09:45:04;Buy;0.01;AUDCAD;0.88797;0.01;2025.07.17 13:59:04;0.88982;-0.08;;1.34
2025.07.15 17:05:05;Buy;0.01;AUDCAD;0.89501;0.01;2025.07.16 18:17:55;0.89597;-0.08;0.01;0.7
2025.07.15 11:10:02;Sell;0.01;AUDCAD;0.89927;0.01;2025.07.15 11:33:53;0.89848;-0.08;;0.58
2025.07.11 09:50:03;Sell;0.01;AUDCAD;0.90193;0.01;2025.07.11 11:06:06;0.90114;-0.08;;0.58
2025.07.11 05:00:03;Sell;0.01;AUDCAD;0.90151;0.01;2025.07.11 07:29:44;0.90073;-0.08;;0.57
2025.07.10 18:35:00;Sell;0.01;AUDCAD;0.89831;0.01;2025.07.11 03:57:23;0.89851;-0.08;-0.04;-0.15
2025.07.10 22:30:05;Sell;0.01;AUDCAD;0.90035;0.01;2025.07.11 03:57:23;0.89852;-0.08;-0.04;1.34
2025.07.10 12:55:11;Sell;0.01;AUDCAD;0.89727;0.01;2025.07.10 14:53:10;0.89652;-0.08;;0.55
2025.07.09 16:35:04;Sell;0.01;AUDCAD;0.89518;0.01;2025.07.09 16:55:37;0.8944;-0.08;;0.57
2025.07.09 07:40:01;Sell;0.01;AUDCAD;0.89442;0.01;2025.07.09 08:53:22;0.89367;-0.08;;0.55
2025.07.08 20:30:07;Sell;0.01;AUDCAD;0.89367;0.01;2025.07.08 21:31:10;0.89292;-0.08;;0.55
2025.07.08 10:55:09;Sell;0.01;AUDCAD;0.89264;0.01;2025.07.08 16:33:21;0.89187;-0.08;;0.56
2025.07.08 09:40:02;Sell;0.01;AUDCAD;0.8928;0.01;2025.07.08 09:54:02;0.89198;-0.08;;0.6
2025.07.08 08:35:10;Sell;0.01;AUDCAD;0.89266;0.01;2025.07.08 08:40:42;0.89187;-0.08;;0.58
2025.07.08 07:30:05;Sell;0.01;AUDCAD;0.8933;0.01;2025.07.08 07:35:28;0.89248;-0.08;;0.6
2025.07.07 04:40:09;Buy;0.01;AUDCAD;0.88884;0.01;2025.07.07 10:11:31;0.88861;-0.08;;-0.17
2025.07.07 07:50:04;Buy;0.01;AUDCAD;0.88681;0.01;2025.07.07 10:11:31;0.88861;-0.08;;1.32
2025.07.04 10:45:00;Buy;0.01;AUDCAD;0.89008;0.01;2025.07.04 10:57:35;0.89084;-0.08;;0.56
2025.07.03 19:40:08;Buy;0.01;AUDCAD;0.891;0.01;2025.07.03 22:47:48;0.89175;-0.08;;0.55
2025.06.24 05:45:08;Sell;0.01;AUDCAD;0.89076;0.01;2025.07.03 19:21:09;0.89105;-0.08;-0.46;-0.21
2025.07.03 16:40:05;Sell;0.01;AUDCAD;0.89285;0.01;2025.07.03 19:21:09;0.89105;-0.08;;1.33
2025.07.03 15:35:05;Buy;0.01;AUDCAD;0.89029;0.01;2025.07.03 15:38:56;0.89106;-0.08;;0.57
2025.06.24 01:10:04;Sell;0.01;AUDCAD;0.88823;0.01;2025.07.03 15:30:26;0.89114;-0.08;-0.46;-2.14
2025.06.25 21:45:00;Sell;0.02;AUDCAD;0.89365;0.02;2025.07.03 15:30:26;0.89114;-0.14;-0.88;3.69
2025.07.03 05:10:03;Buy;0.01;AUDCAD;0.89263;0.01;2025.07.03 08:50:22;0.89339;-0.08;;0.56
2025.07.02 16:20:03;Buy;0.01;AUDCAD;0.8941;0.01;2025.07.02 17:56:12;0.89484;-0.08;;0.54
2025.07.02 14:55:04;Buy;0.01;AUDCAD;0.89455;0.01;2025.07.02 15:20:07;0.89534;-0.08;;0.58
2025.06.23 20:35:08;Sell;0.01;AUDCAD;0.88618;0.01;2025.07.02 14:57:53;0.89408;-0.08;-0.37;-5.79
2025.07.01 17:55:02;Sell;0.03;AUDCAD;0.89749;0.03;2025.07.02 14:57:53;0.89408;-0.22;-0.13;7.5
2025.07.01 04:40:07;Buy;0.01;AUDCAD;0.89301;0.01;2025.07.01 05:56:11;0.89376;-0.08;;0.55
2025.06.27 16:35:02;Buy;0.01;AUDCAD;0.89119;0.01;2025.06.27 18:12:00;0.89196;-0.08;;0.56
2025.06.20 18:55:03;Buy;0.01;AUDCAD;0.88678;0.01;2025.06.23 19:45:23;0.88504;-0.08;0.01;-1.26
2025.06.23 01:05:02;Buy;0.01;AUDCAD;0.8842;0.01;2025.06.23 19:45:23;0.88504;-0.08;;0.61
2025.06.23 06:15:00;Buy;0.01;AUDCAD;0.88167;0.01;2025.06.23 19:45:23;0.88506;-0.08;;2.46
2025.06.23 19:00:06;Sell;0.01;AUDCAD;0.88435;0.01;2025.06.23 19:31:36;0.88354;-0.08;;0.59
2025.06.20 15:35:08;Sell;0.01;AUDCAD;0.89034;0.01;2025.06.20 16:33:22;0.88952;-0.08;;0.6
2025.06.19 08:50:01;Buy;0.01;AUDCAD;0.88755;0.01;2025.06.20 01:11:48;0.88832;-0.08;0.01;0.56
2025.06.18 23:05:03;Sell;0.01;AUDCAD;0.89131;0.01;2025.06.19 00:37:30;0.89057;-0.08;-0.1;0.54
2025.06.18 17:05:06;Sell;0.01;AUDCAD;0.89012;0.01;2025.06.18 21:55:43;0.89034;-0.08;;-0.16
2025.06.18 18:05:04;Sell;0.01;AUDCAD;0.89214;0.01;2025.06.18 21:55:42;0.89034;-0.08;;1.31
2025.06.18 02:55:07;Sell;0.01;AUDCAD;0.88674;0.01;2025.06.18 13:54:09;0.88698;-0.08;;-0.18
2025.06.18 09:20:00;Sell;0.01;AUDCAD;0.8888;0.01;2025.06.18 13:54:09;0.88698;-0.08;;1.33
2025.06.17 20:20:00;Buy;0.01;AUDCAD;0.88353;0.01;2025.06.17 23:11:34;0.88433;-0.08;;0.59
2025.06.17 18:25:11;Buy;0.01;AUDCAD;0.88405;0.01;2025.06.17 18:53:07;0.8848;-0.08;;0.55
2025.06.17 09:35:02;Sell;0.01;AUDCAD;0.88757;0.01;2025.06.17 10:36:26;0.88692;-0.08;;0.48
2025.06.16 13:40:08;Sell;0.01;AUDCAD;0.88445;0.01;2025.06.17 01:33:12;0.88466;-0.08;-0.03;-0.15
2025.06.16 17:00:09;Sell;0.01;AUDCAD;0.8866;0.01;2025.06.17 01:33:12;0.88466;-0.08;-0.03;1.43
2025.06.16 10:30:06;Sell;0.01;AUDCAD;0.88392;0.01;2025.06.16 11:04:41;0.88322;-0.08;;0.52
2025.06.16 06:20:05;Buy;0.01;AUDCAD;0.87998;0.01;2025.06.16 06:59:34;0.88079;-0.08;;0.6
2025.06.13 23:50:06;Buy;0.01;AUDCAD;0.88144;0.01;2025.06.16 03:23:53;0.8822;-0.08;0.01;0.56
2025.06.13 21:45:02;Buy;0.01;AUDCAD;0.88179;0.01;2025.06.13 22:16:11;0.88253;-0.08;;0.54
2025.06.13 15:50:04;Buy;0.01;AUDCAD;0.88204;0.01;2025.06.13 16:36:52;0.8828;-0.08;;0.56
2025.06.13 13:25:10;Buy;0.01;AUDCAD;0.8824;0.01;2025.06.13 14:27:04;0.8832;-0.08;;0.59
2025.06.13 09:20:00;Buy;0.01;AUDCAD;0.88336;0.01;2025.06.13 11:16:18;0.88411;-0.08;;0.55
2025.06.13 07:50:00;Buy;0.01;AUDCAD;0.88342;0.01;2025.06.13 08:09:23;0.88417;-0.08;;0.55
2025.06.13 05:50:01;Buy;0.01;AUDCAD;0.88308;0.01;2025.06.13 06:50:39;0.88387;-0.08;;0.58
2025.06.13 03:05:08;Buy;0.01;AUDCAD;0.8851;0.01;2025.06.13 04:48:21;0.88359;-0.08;;-1.11
2025.06.13 04:05:06;Buy;0.01;AUDCAD;0.88053;0.01;2025.06.13 04:48:21;0.88359;-0.08;;2.25
2025.06.12 15:45:00;Sell;0.01;AUDCAD;0.88973;0.01;2025.06.12 15:51:25;0.88894;-0.08;;0.58
2025.06.12 10:40:08;Buy;0.01;AUDCAD;0.88629;0.01;2025.06.12 11:41:32;0.88707;-0.08;;0.57
2025.06.12 08:00:09;Buy;0.01;AUDCAD;0.88678;0.01;2025.06.12 08:24:42;0.88755;-0.08;;0.56
2025.06.11 21:20:04;Buy;0.01;AUDCAD;0.88904;0.01;2025.06.12 06:34:14;0.8885;-0.08;0.03;-0.4
2025.06.12 04:45:08;Buy;0.01;AUDCAD;0.88645;0.01;2025.06.12 06:34:14;0.8885;-0.08;;1.5
2025.06.11 15:40:00;Sell;0.01;AUDCAD;0.89329;0.01;2025.06.11 15:53:16;0.89247;-0.08;;0.6
2025.06.11 04:40:05;Buy;0.01;AUDCAD;0.89012;0.01;2025.06.11 06:44:42;0.89086;-0.08;;0.54
2025.06.09 05:10:00;Sell;0.01;AUDCAD;0.89131;0.01;2025.06.10 09:02:55;0.89159;-0.08;-0.03;-0.2
2025.06.10 04:05:10;Sell;0.01;AUDCAD;0.89345;0.01;2025.06.10 09:02:55;0.89159;-0.08;;1.3599999999999999
2025.06.06 05:40:03;Buy;0.01;AUDCAD;0.88752;0.01;2025.06.06 06:55:38;0.88827;-0.08;;0.55
2025.06.05 16:15:08;Sell;0.01;AUDCAD;0.89073;0.01;2025.06.05 17:01:49;0.88991;-0.08;;0.6
2025.06.04 14:50:11;Sell;0.01;AUDCAD;0.88894;0.01;2025.06.04 17:42:54;0.88818;-0.08;;0.56
2025.06.03 09:55:09;Buy;0.01;AUDCAD;0.8867;0.01;2025.06.03 20:21:22;0.88745;-0.08;;0.55
2025.06.03 08:30:02;Buy;0.01;AUDCAD;0.88649;0.01;2025.06.03 08:52:44;0.88729;-0.08;;0.58
2025.06.02 12:35:09;Sell;0.01;AUDCAD;0.88772;0.01;2025.06.03 05:40:42;0.88803;-0.08;-0.04;-0.23
2025.06.02 17:50:06;Sell;0.01;AUDCAD;0.88992;0.01;2025.06.03 05:40:42;0.88804;-0.08;-0.04;1.37
2025.06.02 10:50:05;Sell;0.01;AUDCAD;0.8873;0.01;2025.06.02 11:17:58;0.88651;-0.08;;0.58
2025.06.02 04:30:00;Sell;0.01;AUDCAD;0.8869;0.01;2025.06.02 04:52:44;0.88614;-0.08;;0.55
2025.05.30 10:05:03;Buy;0.01;AUDCAD;0.88708;0.01;2025.06.02 04:10:34;0.88657;-0.08;0.01;-0.37
2025.05.30 16:30:00;Buy;0.01;AUDCAD;0.88465;0.01;2025.06.02 04:10:34;0.88657;-0.08;0.01;1.4
2025.05.28 18:15:01;Buy;0.01;AUDCAD;0.88702;0.01;2025.05.28 20:02:51;0.88782;-0.08;;0.58
2025.05.28 16:10:01;Buy;0.01;AUDCAD;0.88737;0.01;2025.05.28 17:13:20;0.88815;-0.08;;0.56
2025.05.27 23:00:05;Sell;0.01;AUDCAD;0.89054;0.01;2025.05.27 23:29:31;0.88979;-0.08;;0.54
2025.05.27 10:25:09;Buy;0.01;AUDCAD;0.88834;0.01;2025.05.27 20:55:48;0.88805;-0.08;;-0.21
2025.05.27 17:55:08;Buy;0.01;AUDCAD;0.88626;0.01;2025.05.27 20:55:48;0.88805;-0.08;;1.3
2025.05.27 08:10:07;Buy;0.01;AUDCAD;0.88885;0.01;2025.05.27 08:52:48;0.88959;-0.08;;0.54
2025.05.26 05:00:03;Sell;0.01;AUDCAD;0.8945;0.01;2025.05.26 06:00:43;0.89368;-0.08;;0.6
2025.05.26 02:35:04;Sell;0.01;AUDCAD;0.8931;0.01;2025.05.26 04:00:40;0.89232;-0.08;;0.57
2025.05.23 10:45:08;Sell;0.01;AUDCAD;0.89139;0.01;2025.05.23 14:51:41;0.89065;-0.08;;0.54
2025.05.22 17:55:01;Buy;0.01;AUDCAD;0.88971;0.01;2025.05.23 10:13:20;0.89045;-0.08;0.01;0.54
2025.05.22 13:50:03;Buy;0.01;AUDCAD;0.8904;0.01;2025.05.22 15:58:52;0.89113;-0.08;;0.53
2025.05.21 20:30:08;Buy;0.01;AUDCAD;0.89231;0.01;2025.05.22 07:43:52;0.89305;-0.08;0.03;0.53
2025.05.21 08:25:05;Sell;0.01;AUDCAD;0.89645;0.01;2025.05.21 09:00:51;0.89562;-0.08;;0.6
2025.05.20 12:55:00;Buy;0.01;AUDCAD;0.89422;0.01;2025.05.21 03:36:11;0.89498;-0.08;0.01;0.55
2025.05.20 09:15:03;Buy;0.01;AUDCAD;0.89622;0.01;2025.05.21 03:30:13;0.89466;-0.08;0.01;-1.12
2025.05.20 15:40:06;Buy;0.01;AUDCAD;0.89152;0.01;2025.05.21 03:30:13;0.89464;-0.08;0.01;2.24
2025.05.20 07:40:06;Buy;0.01;AUDCAD;0.8972;0.01;2025.05.20 08:13:03;0.89795;-0.08;;0.54
2025.05.19 11:55:05;Sell;0.01;AUDCAD;0.89715;0.01;2025.05.20 07:32:05;0.89749;-0.08;-0.03;-0.24
2025.05.19 13:55:09;Sell;0.01;AUDCAD;0.8993;0.01;2025.05.20 07:32:05;0.89751;-0.08;-0.03;1.28
2025.05.16 18:25:11;Buy;0.01;AUDCAD;0.89369;0.01;2025.05.16 18:59:18;0.89444;-0.08;;0.54
2025.05.16 08:50:04;Sell;0.01;AUDCAD;0.89679;0.01;2025.05.16 09:12:21;0.89599;-0.08;;0.57
2025.05.15 17:35:04;Buy;0.01;AUDCAD;0.89574;0.01;2025.05.16 06:24:41;0.89539;-0.08;0.01;-0.25
2025.05.16 02:05:05;Buy;0.01;AUDCAD;0.89348;0.01;2025.05.16 06:24:41;0.8954;-0.08;;1.38
2025.05.15 12:55:01;Buy;0.01;AUDCAD;0.89699;0.01;2025.05.15 16:16:19;0.89788;-0.08;;0.64
2025.05.13 08:05:07;Sell;0.01;AUDCAD;0.89518;0.01;2025.05.15 13:20:50;0.89647;-0.08;-0.13;-0.92
2025.05.15 09:45:05;Sell;0.01;AUDCAD;0.89922;0.01;2025.05.15 13:20:50;0.89647;-0.08;;1.97
2025.05.15 08:45:09;Buy;0.01;AUDCAD;0.89733;0.01;2025.05.15 09:00:40;0.89808;-0.08;;0.54
2025.05.13 06:50:10;Sell;0.01;AUDCAD;0.89316;0.01;2025.05.15 08:41:47;0.89699;-0.08;-0.13;-2.74
2025.05.13 15:30:05;Sell;0.01;AUDCAD;0.89852;0.01;2025.05.15 08:41:47;0.897;-0.08;-0.13;1.09
2025.05.13 17:45:09;Sell;0.01;AUDCAD;0.90206;0.01;2025.05.15 08:41:47;0.897;-0.08;-0.13;3.62
2025.05.14 19:40:10;Buy;0.01;AUDCAD;0.8996;0.01;2025.05.15 04:30:10;0.90078;-0.08;0.03;0.85
2025.05.12 17:55:08;Buy;0.01;AUDCAD;0.89221;0.01;2025.05.13 05:35:34;0.89191;-0.08;0.01;-0.21
2025.05.13 03:55:03;Buy;0.01;AUDCAD;0.89013;0.01;2025.05.13 05:35:34;0.89191;-0.08;;1.27
2025.05.12 13:45:03;Buy;0.01;AUDCAD;0.89284;0.01;2025.05.12 14:18:20;0.89366;-0.08;;0.59
2025.05.12 08:50:08;Sell;0.01;AUDCAD;0.89617;0.01;2025.05.12 10:23:58;0.89657;-0.08;;-0.29
2025.05.12 10:10:07;Sell;0.01;AUDCAD;0.89856;0.01;2025.05.12 10:23:58;0.89657;-0.08;;1.42
2025.05.12 07:25:12;Sell;0.01;AUDCAD;0.89581;0.01;2025.05.12 07:36:23;0.89502;-0.08;;0.57
2025.05.12 04:05:00;Sell;0.01;AUDCAD;0.89552;0.01;2025.05.12 05:32:22;0.89475;-0.08;;0.55
2025.05.12 01:20:12;Sell;0.01;AUDCAD;0.89518;0.01;2025.05.12 01:35:43;0.89442;-0.08;;0.55
2025.05.09 16:20:09;Sell;0.01;AUDCAD;0.8933;0.01;2025.05.12 00:19:17;0.89241;-0.08;-0.03;0.64
2025.05.09 05:10:05;Buy;0.01;AUDCAD;0.88879;0.01;2025.05.09 05:18:45;0.88946;-0.08;;0.48
2025.05.08 18:45:08;Sell;0.01;AUDCAD;0.89259;0.01;2025.05.08 19:04:14;0.89188;-0.08;;0.51
2025.05.08 09:35:08;Buy;0.01;AUDCAD;0.88946;0.01;2025.05.08 09:54:09;0.89006;-0.08;;0.43
2025.05.08 05:20:00;Sell;0.01;AUDCAD;0.8927;0.01;2025.05.08 05:43:47;0.89209;-0.08;;0.44
2025.05.07 21:55:08;Buy;0.01;AUDCAD;0.89021;0.01;2025.05.08 03:57:58;0.89105;-0.08;0.03;0.61
2025.05.07 18:55:00;Buy;0.01;AUDCAD;0.89013;0.01;2025.05.07 19:43:50;0.89078;-0.08;;0.47
2025.05.02 15:35:00;Sell;0.02;AUDCAD;0.89001;0.02;2025.05.07 18:35:07;0.88971;-0.14;-0.21;0.44
2025.05.02 11:35:14;Sell;0.01;AUDCAD;0.88754;0.01;2025.05.07 17:12:29;0.89089;-0.08;-0.1;-2.43
2025.05.05 04:20:00;Sell;0.02;AUDCAD;0.89328;0.02;2025.05.07 17:12:29;0.89089;-0.14;-0.14;3.4699999999999998
2025.05.07 16:25:00;Buy;0.01;AUDCAD;0.89161;0.01;2025.05.07 16:54:30;0.89222;-0.08;;0.44
2025.05.02 03:20:05;Sell;0.01;AUDCAD;0.88529;0.01;2025.05.07 05:48:10;0.89374;-0.08;-0.1;-6.12
2025.05.07 01:25:05;Sell;0.03;AUDCAD;0.89701;0.03;2025.05.07 05:48:10;0.89376;-0.22;;7.07
2025.05.06 12:15:00;Buy;0.01;AUDCAD;0.89092;0.01;2025.05.06 13:18:31;0.89153;-0.08;;0.44
2025.05.06 09:30:09;Buy;0.01;AUDCAD;0.89114;0.01;2025.05.06 09:37:06;0.89175;-0.08;;0.44
2025.05.01 21:50:05;Sell;0.01;AUDCAD;0.8845;0.01;2025.05.01 22:10:03;0.88386;-0.08;;0.46
2025.05.01 17:20:08;Buy;0.01;AUDCAD;0.88064;0.01;2025.05.01 17:26:08;0.88128;-0.08;;0.46
2025.05.01 05:40:09;Sell;0.01;AUDCAD;0.88568;0.01;2025.05.01 05:48:42;0.88504;-0.08;;0.46
2025.04.30 15:30:03;Buy;0.01;AUDCAD;0.88291;0.01;2025.04.30 17:57:44;0.88367;-0.08;;0.55
2025.04.30 07:15:02;Sell;0.01;AUDCAD;0.88656;0.01;2025.04.30 09:33:36;0.88596;-0.08;;0.43
2025.04.29 19:50:00;Buy;0.01;AUDCAD;0.88473;0.01;2025.04.30 04:30:59;0.88431;-0.08;0.01;-0.3
2025.04.30 01:05:02;Buy;0.01;AUDCAD;0.88269;0.01;2025.04.30 04:30:58;0.88431;-0.08;;1.17
2025.04.29 17:35:07;Buy;0.01;AUDCAD;0.88386;0.01;2025.04.29 17:37:48;0.88451;-0.08;;0.47
2025.04.29 13:55:01;Buy;0.01;AUDCAD;0.88657;0.01;2025.04.29 15:35:48;0.88722;-0.08;;0.47
2025.04.28 19:55:04;Sell;0.01;AUDCAD;0.88892;0.01;2025.04.29 05:24:29;0.88934;-0.08;-0.04;-0.3
2025.04.29 05:15:03;Sell;0.01;AUDCAD;0.89105;0.01;2025.04.29 05:24:29;0.88935;-0.08;;1.23
2025.04.28 17:35:01;Sell;0.01;AUDCAD;0.88848;0.01;2025.04.28 17:52:15;0.88789;-0.08;;0.43
2025.04.28 11:00:01;Buy;0.01;AUDCAD;0.88435;0.01;2025.04.28 11:09:59;0.88495;-0.08;;0.43
2025.04.25 12:55:08;Buy;0.01;AUDCAD;0.88572;0.01;2025.04.25 17:12:30;0.88633;-0.08;;0.44
2025.04.25 07:50:05;Sell;0.01;AUDCAD;0.88904;0.01;2025.04.25 08:22:04;0.88838;-0.08;;0.48
2025.04.24 17:55:00;Sell;0.01;AUDCAD;0.88732;0.01;2025.04.25 05:48:03;0.88672;-0.08;-0.04;0.43
2025.04.24 18:28:08;Balance;;;;;;;;;-50
2025.04.24 15:45:05;Sell;0.01;AUDCAD;0.88504;0.01;2025.04.24 15:52:08;0.88444;-0.08;;0.43
2025.04.23 21:45:00;Buy;0.01;AUDCAD;0.88353;0.01;2025.04.24 10:28:43;0.88304;-0.08;0.05;-0.35
2025.04.24 04:35:00;Buy;0.01;AUDCAD;0.88145;0.01;2025.04.24 10:28:42;0.88308;-0.08;;1.18
2025.04.23 17:00:04;Sell;0.01;AUDCAD;0.88817;0.01;2025.04.23 17:01:14;0.88754;-0.08;;0.45
2025.04.23 14:45:05;Sell;0.01;AUDCAD;0.88673;0.01;2025.04.23 14:57:16;0.88608;-0.08;;0.47
2025.04.23 10:05:01;Sell;0.01;AUDCAD;0.88626;0.01;2025.04.23 10:39:28;0.88566;-0.08;;0.43
2025.04.23 07:35:04;Sell;0.01;AUDCAD;0.88487;0.01;2025.04.23 08:03:30;0.88419;-0.08;;0.49
2025.04.23 03:50:00;Sell;0.01;AUDCAD;0.88406;0.01;2025.04.23 05:35:30;0.88346;-0.08;;0.43
2025.04.22 21:25:08;Buy;0.01;AUDCAD;0.88212;0.01;2025.04.23 00:41:46;0.88219;-0.08;0.02;0.05
2025.04.22 23:25:00;Buy;0.01;AUDCAD;0.87969;0.01;2025.04.23 00:41:46;0.88219;-0.08;0.02;1.81
2025.04.22 18:15:00;Buy;0.01;AUDCAD;0.88379;0.01;2025.04.22 19:24:29;0.88443;-0.08;;0.46
2025.04.22 16:05:07;Buy;0.01;AUDCAD;0.88409;0.01;2025.04.22 16:12:26;0.88476;-0.08;;0.48
2025.04.21 22:05:00;Sell;0.01;AUDCAD;0.88826;0.01;2025.04.21 22:17:41;0.88763;-0.08;;0.46
2025.04.21 09:35:06;Sell;0.01;AUDCAD;0.88584;0.01;2025.04.21 18:20:36;0.88522;-0.08;;0.45
2025.04.21 06:40:07;Sell;0.01;AUDCAD;0.88556;0.01;2025.04.21 07:28:15;0.88497;-0.08;;0.43
2025.04.17 17:15:00;Sell;0.01;AUDCAD;0.88495;0.01;2025.04.17 17:37:06;0.88436;-0.08;;0.43
2025.04.17 14:50:02;Sell;0.01;AUDCAD;0.88393;0.01;2025.04.17 15:13:15;0.88323;-0.08;;0.5
2025.04.17 07:35:06;Buy;0.01;AUDCAD;0.88139;0.01;2025.04.17 12:04:50;0.88201;-0.08;;0.45
2025.04.17 04:05:10;Buy;0.01;AUDCAD;0.88187;0.01;2025.04.17 04:40:41;0.88247;-0.08;;0.43
2025.04.16 22:15:03;Buy;0.01;AUDCAD;0.88297;0.01;2025.04.16 23:26:29;0.88359;-0.08;;0.45
2025.04.15 04:25:00;Sell;0.02;AUDCAD;0.88095;0.02;2025.04.16 22:08:00;0.88334;-0.14;-0.09;-3.45
2025.04.15 15:25:04;Sell;0.02;AUDCAD;0.88411;0.02;2025.04.16 22:08:00;0.88334;-0.14;-0.09;1.11
2025.04.16 18:55:01;Sell;0.02;AUDCAD;0.88671;0.02;2025.04.16 22:08:00;0.88334;-0.14;;4.86
2025.04.14 19:35:09;Sell;0.01;AUDCAD;0.87808;0.01;2025.04.16 16:48:26;0.8837;-0.08;-0.09;-4.05
2025.04.16 14:20:00;Sell;0.02;AUDCAD;0.88707;0.02;2025.04.16 16:48:26;0.88371;-0.14;;4.84
2025.04.14 17:25:03;Sell;0.01;AUDCAD;0.87593;0.01;2025.04.16 01:00:58;0.88438;-0.08;-0.09;-6.05
2025.04.15 18:25:02;Sell;0.03;AUDCAD;0.88779;0.03;2025.04.16 01:00:58;0.88438;-0.22;-0.14;7.33
2025.04.04 06:30:05;Buy;0.01;AUDCAD;0.88158;0.01;2025.04.15 04:20:36;0.88036;-0.08;0.11;-0.88
2025.04.14 21:20:04;Buy;0.01;AUDCAD;0.87804;0.01;2025.04.15 04:20:36;0.88036;-0.08;0.01;1.67
2025.04.04 05:35:03;Buy;0.01;AUDCAD;0.88534;0.01;2025.04.14 19:19:41;0.87812;-0.08;0.1;-5.2
2025.04.04 11:40:00;Buy;0.01;AUDCAD;0.87706;0.01;2025.04.14 19:19:41;0.87812;-0.08;0.1;0.76
2025.04.14 16:00:08;Buy;0.02;AUDCAD;0.87394;0.02;2025.04.14 19:19:41;0.87812;-0.14;;6.02
2025.04.14 12:50:07;Sell;0.01;AUDCAD;0.8761;0.01;2025.04.14 13:01:30;0.87548;-0.08;;0.45
2025.04.04 04:30:00;Buy;0.01;AUDCAD;0.88855;0.01;2025.04.14 11:50:41;0.87686;-0.08;0.1;-8.45
2025.04.14 01:15:04;Buy;0.02;AUDCAD;0.87189;0.02;2025.04.14 11:50:30;0.87686;-0.14;;7.18
2025.04.14 08:05:04;Sell;0.01;AUDCAD;0.87337;0.01;2025.04.14 10:50:08;0.87408;-0.08;;-0.51
2025.04.14 10:05:06;Sell;0.01;AUDCAD;0.87598;0.01;2025.04.14 10:50:08;0.87408;-0.08;;1.37
2025.04.14 03:15:01;Sell;0.01;AUDCAD;0.87454;0.01;2025.04.14 03:22:51;0.87382;-0.08;;0.52
2025.04.11 21:25:05;Sell;0.01;AUDCAD;0.87179;0.01;2025.04.14 01:13:56;0.87219;-0.08;-0.04;-0.29
2025.04.14 01:05:06;Sell;0.01;AUDCAD;0.87405;0.01;2025.04.14 01:13:56;0.8722;-0.08;;1.33
2025.04.11 21:00:00;Buy;0.02;AUDCAD;0.87173;0.02;2025.04.11 23:09:19;0.87386;-0.14;;3.07
2025.04.11 19:15:05;Sell;0.01;AUDCAD;0.8684;0.01;2025.04.11 19:25:57;0.86772;-0.08;;0.49
2025.04.11 17:20:00;Buy;0.01;AUDCAD;0.86587;0.01;2025.04.11 18:57:52;0.86765;-0.08;;1.28
2025.04.11 16:50:00;Sell;0.01;AUDCAD;0.8694;0.01;2025.04.11 16:51:00;0.86861;-0.08;;0.57
2025.04.03 22:25:07;Buy;0.01;AUDCAD;0.89102;0.01;2025.04.11 16:46:50;0.87065;-0.08;0.1;-14.71
2025.04.11 02:14:48;Buy;0.02;AUDCAD;0.86805;0.02;2025.04.11 16:46:50;0.87065;-0.14;;3.75
2025.04.11 11:05:06;Buy;0.02;AUDCAD;0.86261;0.02;2025.04.11 16:46:50;0.87064;-0.14;;11.6
2025.04.11 07:05:08;Sell;0.01;AUDCAD;0.87093;0.01;2025.04.11 07:15:10;0.87032;-0.08;;0.44
2025.04.11 05:35:06;Sell;0.01;AUDCAD;0.87091;0.01;2025.04.11 05:55:50;0.87033;-0.08;;0.42
2025.04.11 01:10:04;Sell;0.01;AUDCAD;0.87087;0.01;2025.04.11 01:29:34;0.87022;-0.08;;0.47
2025.04.10 23:15:04;Sell;0.01;AUDCAD;0.87084;0.01;2025.04.10 23:37:00;0.87023;-0.08;;0.44
2025.04.10 21:25:02;Sell;0.01;AUDCAD;0.87126;0.01;2025.04.10 22:11:58;0.87066;-0.08;;0.43
2025.04.04 13:50:08;Buy;0.01;AUDCAD;0.87203;0.01;2025.04.10 21:31:16;0.87206;-0.08;0.07;0.02
2025.04.10 17:50:08;Sell;0.01;AUDCAD;0.87108;0.01;2025.04.10 18:44:26;0.87045;-0.08;;0.45
2025.04.10 16:25:06;Sell;0.01;AUDCAD;0.87135;0.01;2025.04.10 16:27:36;0.87074;-0.08;;0.43
2025.04.10 15:05:05;Sell;0.01;AUDCAD;0.87089;0.01;2025.04.10 15:40:38;0.8702;-0.08;;0.49
2025.04.10 08:45:04;Sell;0.01;AUDCAD;0.87129;0.01;2025.04.10 09:09:41;0.87065;-0.08;;0.45
2025.04.07 18:20:03;Buy;0.01;AUDCAD;0.85145;0.01;2025.04.09 20:27:33;0.86098;-0.08;0.02;6.76
2025.04.07 17:45:03;Buy;0.01;AUDCAD;0.85798;0.01;2025.04.09 20:27:29;0.86088;-0.08;0.02;2.06
2025.04.03 18:20:04;Buy;0.01;AUDCAD;0.89308;0.01;2025.04.07 17:11:25;0.86915;-0.08;0.03;-16.86
2025.04.07 16:25:00;Buy;0.04;AUDCAD;0.86247;0.04;2025.04.07 17:11:25;0.86915;-0.28;;18.83
2025.04.04 14:30:10;Buy;0.01;AUDCAD;0.86446;0.01;2025.04.07 15:53:28;0.86687;-0.08;0.01;1.69
2025.04.04 18:45:00;Buy;0.01;AUDCAD;0.85554;0.01;2025.04.07 15:30:55;0.86584;-0.08;0.01;7.22
2025.04.03 16:15:06;Sell;0.01;AUDCAD;0.89779;0.01;2025.04.03 16:18:07;0.8972;-0.08;;0.42
2025.04.03 14:35:09;Sell;0.01;AUDCAD;0.8971;0.01;2025.04.03 14:40:12;0.89649;-0.08;;0.43
2025.04.03 12:35:06;Sell;0.01;AUDCAD;0.89702;0.01;2025.04.03 13:34:23;0.89642;-0.08;;0.42
2025.04.03 11:05:03;Buy;0.01;AUDCAD;0.89298;0.01;2025.04.03 11:33:07;0.8936;-0.08;;0.44
2025.04.03 06:30:03;Buy;0.01;AUDCAD;0.894;0.01;2025.04.03 08:28:02;0.89462;-0.08;;0.44
2025.04.03 05:20:03;Buy;0.01;AUDCAD;0.8938;0.01;2025.04.03 06:00:47;0.89441;-0.08;;0.43
2025.04.03 04:40:07;Buy;0.01;AUDCAD;0.89433;0.01;2025.04.03 04:46:31;0.89504;-0.08;;0.5
2025.04.03 03:55:00;Buy;0.01;AUDCAD;0.89307;0.01;2025.04.03 04:07:49;0.8937;-0.08;;0.44
2025.04.03 01:35:05;Buy;0.01;AUDCAD;0.89328;0.01;2025.04.03 03:25:34;0.89261;-0.08;;-0.47
2025.04.03 02:05:04;Buy;0.01;AUDCAD;0.8907;0.01;2025.04.03 03:25:34;0.89261;-0.08;;1.34
2025.04.03 00:50:25;Buy;0.01;AUDCAD;0.89218;0.01;2025.04.03 01:04:30;0.89289;-0.08;;0.5
2025.04.02 23:40:05;Buy;0.01;AUDCAD;0.89932;0.01;2025.04.02 23:50:09;0.90045;-0.08;;0.79
2025.04.02 05:30:09;Sell;0.01;AUDCAD;0.90036;0.01;2025.04.02 23:27:45;0.9;-0.08;;0.25
2025.04.02 12:10:09;Sell;0.01;AUDCAD;0.90258;0.01;2025.04.02 23:27:45;0.89995;-0.08;;1.8399999999999999
2025.04.01 07:40:07;Sell;0.01;AUDCAD;0.90035;0.01;2025.04.01 09:06:51;0.89973;-0.08;;0.43
2025.03.31 12:25:05;Buy;0.01;AUDCAD;0.89741;0.01;2025.03.31 18:11:55;0.89698;-0.08;;-0.3
2025.03.31 17:10:06;Buy;0.01;AUDCAD;0.89536;0.01;2025.03.31 18:11:55;0.89698;-0.08;;1.13
2025.03.31 11:20:04;Buy;0.01;AUDCAD;0.89728;0.01;2025.03.31 11:27:28;0.89788;-0.08;;0.42
2025.03.28 18:55:04;Buy;0.01;AUDCAD;0.89937;0.01;2025.03.28 21:20:15;0.89999;-0.08;;0.43
2025.03.28 06:35:00;Buy;0.01;AUDCAD;0.89934;0.01;2025.03.28 09:01:45;0.89998;-0.08;;0.45
2025.03.27 09:45:08;Sell;0.01;AUDCAD;0.90126;0.01;2025.03.28 03:12:13;0.90067;-0.08;-0.04;0.41
2025.03.26 18:55:00;Buy;0.01;AUDCAD;0.89845;0.01;2025.03.26 19:06:51;0.899;-0.08;;0.39
2025.03.26 16:45:06;Buy;0.01;AUDCAD;0.8989;0.01;2025.03.26 17:15:20;0.89955;-0.08;;0.46
2025.03.25 23:25:00;Buy;0.01;AUDCAD;0.89936;0.01;2025.03.26 00:43:07;0.89996;-0.08;0.01;0.42
2025.03.25 13:50:05;Sell;0.01;AUDCAD;0.90227;0.01;2025.03.25 19:51:43;0.90168;-0.08;;0.41
2025.03.20 19:10:05;Buy;0.01;AUDCAD;0.90192;0.01;2025.03.25 13:55:54;0.90251;-0.08;0.03;0.41
2025.03.20 12:50:00;Buy;0.01;AUDCAD;0.90439;0.01;2025.03.25 12:47:08;0.90161;-0.08;0.03;-1.94
2025.03.24 17:50:09;Buy;0.02;AUDCAD;0.89948;0.02;2025.03.25 12:47:08;0.90161;-0.14;0.02;2.98
2025.03.20 10:20:01;Buy;0.01;AUDCAD;0.9066;0.01;2025.03.24 03:28:29;0.90187;-0.08;0.02;-3.3
2025.03.21 19:10:02;Buy;0.02;AUDCAD;0.89882;0.02;2025.03.24 03:28:29;0.90187;-0.14;0.02;4.26
2025.03.19 22:55:06;Sell;0.01;AUDCAD;0.90961;0.01;2025.03.20 03:30:10;0.90887;-0.08;-0.12;0.52
2025.03.19 21:45:01;Sell;0.01;AUDCAD;0.90966;0.01;2025.03.19 22:23:06;0.90905;-0.08;;0.43
2025.03.19 10:40:05;Buy;0.01;AUDCAD;0.90733;0.01;2025.03.19 21:00:59;0.90801;-0.08;;0.47
2025.03.18 15:35:00;Buy;0.01;AUDCAD;0.90939;0.01;2025.03.18 19:44:55;0.90999;-0.08;;0.42
2025.03.18 14:50:02;Buy;0.01;AUDCAD;0.90958;0.01;2025.03.18 15:04:05;0.91017;-0.08;;0.41
2025.03.17 13:35:00;Sell;0.01;AUDCAD;0.9118;0.01;2025.03.17 13:49:10;0.91121;-0.08;;0.41
2025.03.15 15:57:20;Balance;;;;;;;;;-50
2025.03.14 15:25:07;Sell;0.01;AUDCAD;0.91097;0.01;2025.03.14 16:03:12;0.91039;-0.08;;0.4
2025.03.14 14:30:03;Sell;0.01;AUDCAD;0.91028;0.01;2025.03.14 14:54:51;0.90967;-0.08;;0.42
2025.03.14 10:55:00;Sell;0.01;AUDCAD;0.90926;0.01;2025.03.14 13:00:35;0.90866;-0.08;;0.42
2025.03.13 16:00:05;Buy;0.01;AUDCAD;0.9036;0.01;2025.03.13 17:01:32;0.90423;-0.08;;0.44
2025.03.13 10:35:05;Buy;0.01;AUDCAD;0.9059;0.01;2025.03.13 15:30:14;0.90527;-0.08;;-0.44
2025.03.13 12:45:08;Buy;0.01;AUDCAD;0.90356;0.01;2025.03.13 15:30:14;0.90527;-0.08;;1.19
2025.03.12 16:00:02;Buy;0.01;AUDCAD;0.90478;0.01;2025.03.12 16:01:51;0.90538;-0.08;;0.42
2025.03.12 14:55:13;Buy;0.01;AUDCAD;0.9062;0.01;2025.03.12 15:30:09;0.90754;-0.08;;0.93
2025.03.12 10:30:02;Sell;0.01;AUDCAD;0.91015;0.01;2025.03.12 10:37:25;0.90955;-0.08;;0.41
2025.03.11 19:30:08;Sell;0.01;AUDCAD;0.90991;0.01;2025.03.11 21:45:09;0.9092;-0.08;;0.49
2025.03.11 18:45:06;Sell;0.01;AUDCAD;0.90981;0.01;2025.03.11 18:57:38;0.90912;-0.08;;0.48
2025.03.11 18:05:01;Sell;0.01;AUDCAD;0.91044;0.01;2025.03.11 18:15:40;0.90974;-0.08;;0.48
2025.03.11 17:05:08;Sell;0.01;AUDCAD;0.90983;0.01;2025.03.11 17:34:42;0.90924;-0.08;;0.41
2025.03.11 05:50:04;Buy;0.01;AUDCAD;0.90491;0.01;2025.03.11 05:57:01;0.90556;-0.08;;0.45
2025.03.10 23:30:06;Buy;0.01;AUDCAD;0.9064;0.01;2025.03.11 05:08:26;0.90603;-0.08;0.01;-0.26
2025.03.11 04:25:06;Buy;0.01;AUDCAD;0.90438;0.01;2025.03.11 05:08:26;0.90603;-0.08;;1.1400000000000001
2025.03.10 22:05:04;Buy;0.01;AUDCAD;0.90671;0.01;2025.03.10 22:18:44;0.90732;-0.08;;0.42
2025.03.10 14:50:06;Sell;0.01;AUDCAD;0.90998;0.01;2025.03.10 17:49:03;0.90935;-0.08;;0.44
2025.03.10 09:20:06;Sell;0.01;AUDCAD;0.90789;0.01;2025.03.10 17:46:23;0.90958;-0.08;;-1.17
2025.03.10 15:45:01;Sell;0.01;AUDCAD;0.91239;0.01;2025.03.10 17:46:23;0.90958;-0.08;;1.95
2025.03.07 16:55:00;Sell;0.01;AUDCAD;0.90485;0.01;2025.03.10 02:05:02;0.9054;-0.08;-0.04;-0.38
2025.03.07 18:20:04;Sell;0.01;AUDCAD;0.90716;0.01;2025.03.10 02:05:02;0.9054;-0.08;-0.04;1.22
2025.03.06 23:25:00;Buy;0.01;AUDCAD;0.90527;0.01;2025.03.07 15:41:12;0.90492;-0.08;0.01;-0.24
2025.03.07 03:40:03;Buy;0.01;AUDCAD;0.90324;0.01;2025.03.07 15:41:12;0.9049;-0.08;;1.16
2025.03.06 17:15:00;Buy;0.01;AUDCAD;0.90667;0.01;2025.03.06 19:48:53;0.90733;-0.08;;0.46
2025.03.06 14:50:00;Sell;0.01;AUDCAD;0.91039;0.01;2025.03.06 15:02:34;0.90979;-0.08;;0.42
2025.03.06 10:30:02;Sell;0.01;AUDCAD;0.90997;0.01;2025.03.06 10:51:53;0.90937;-0.08;;0.42
2025.03.05 20:40:09;Sell;0.01;AUDCAD;0.90734;0.01;2025.03.06 05:05:30;0.90778;-0.08;-0.11;-0.31
2025.03.06 04:05:02;Sell;0.01;AUDCAD;0.90944;0.01;2025.03.06 05:05:30;0.9078;-0.08;;1.15
2025.03.05 19:30:09;Sell;0.01;AUDCAD;0.90808;0.01;2025.03.05 20:02:01;0.90748;-0.08;;0.42
2025.03.05 17:35:00;Sell;0.01;AUDCAD;0.907;0.01;2025.03.05 18:57:50;0.90741;-0.08;;-0.29
2025.03.05 18:15:01;Sell;0.01;AUDCAD;0.90922;0.01;2025.03.05 18:57:50;0.90759;-0.08;;1.13
2025.03.05 16:50:08;Sell;0.01;AUDCAD;0.90681;0.01;2025.03.05 17:01:08;0.90608;-0.08;;0.51
2025.03.05 16:05:04;Sell;0.01;AUDCAD;0.90545;0.01;2025.03.05 16:19:49;0.90478;-0.08;;0.47
2025.03.05 14:15:00;Sell;0.01;AUDCAD;0.90472;0.01;2025.03.05 15:09:41;0.90412;-0.08;;0.42
2025.03.05 11:05:01;Sell;0.01;AUDCAD;0.90437;0.01;2025.03.05 12:00:09;0.90373;-0.08;;0.45
2025.03.05 01:10:04;Sell;0.01;AUDCAD;0.90369;0.01;2025.03.05 01:24:30;0.90303;-0.08;;0.46
2025.03.04 18:55:07;Sell;0.01;AUDCAD;0.90098;0.01;2025.03.04 23:25:11;0.90151;-0.08;;-0.37
2025.03.04 19:50:08;Sell;0.01;AUDCAD;0.90322;0.01;2025.03.04 23:25:11;0.90152;-0.08;;1.18
2025.03.04 10:35:07;Buy;0.01;AUDCAD;0.89772;0.01;2025.03.04 13:26:01;0.89833;-0.08;;0.42
2025.03.04 07:05:06;Buy;0.01;AUDCAD;0.898;0.01;2025.03.04 07:09:09;0.8986;-0.08;;0.41
2025.03.03 22:00:03;Sell;0.01;AUDCAD;0.90217;0.01;2025.03.03 23:32:48;0.90149;-0.08;;0.47
2025.03.03 19:30:00;Sell;0.01;AUDCAD;0.90042;0.01;2025.03.03 21:30:02;0.89981;-0.08;;0.42
2025.03.03 16:35:00;Sell;0.01;AUDCAD;0.89984;0.01;2025.03.03 17:30:20;0.89903;-0.08;;0.56
2025.02.28 03:55:00;Buy;0.01;AUDCAD;0.89868;0.01;2025.03.03 16:22:59;0.89934;-0.08;0.01;0.46
2025.03.03 03:10:04;Sell;0.01;AUDCAD;0.89908;0.01;2025.03.03 04:31:21;0.89844;-0.08;;0.44
2025.02.27 22:50:00;Buy;0.01;AUDCAD;0.90068;0.01;2025.02.28 23:44:52;0.89801;-0.08;0.01;-1.85
2025.02.28 15:35:07;Buy;0.02;AUDCAD;0.8959;0.02;2025.02.28 23:44:52;0.89801;-0.14;;2.92
2025.02.27 17:10:00;Buy;0.01;AUDCAD;0.9015;0.01;2025.02.27 17:28:00;0.90216;-0.08;;0.46
2025.02.26 21:20:01;Buy;0.01;AUDCAD;0.90368;0.01;2025.02.26 23:26:01;0.90446;-0.08;;0.54
2025.02.26 16:30:03;Buy;0.01;AUDCAD;0.9041;0.01;2025.02.26 17:30:14;0.9047;-0.08;;0.42
2025.02.25 22:00:02;Sell;0.01;AUDCAD;0.90706;0.01;2025.02.26 03:14:48;0.90647;-0.08;-0.04;0.41
2025.02.20 06:20:00;Sell;0.01;AUDCAD;0.90492;0.01;2025.02.21 15:35:18;0.90534;-0.08;-0.01;-0.3
2025.02.20 17:30:04;Sell;0.01;AUDCAD;0.90697;0.01;2025.02.21 15:35:18;0.90535;-0.08;-0.01;1.1400000000000001
2025.02.19 17:35:00;Sell;0.01;AUDCAD;0.90391;0.01;2025.02.19 17:52:47;0.90328;-0.08;;0.44
2025.02.14 16:25:06;Sell;0.01;AUDCAD;0.90063;0.01;2025.02.18 03:45:47;0.89999;-0.08;-0.02;0.45
2025.02.14 11:30:06;Sell;0.01;AUDCAD;0.89846;0.01;2025.02.18 02:05:12;0.90101;-0.08;-0.02;-1.8
2025.02.17 08:30:06;Sell;0.02;AUDCAD;0.90306;0.02;2025.02.18 02:05:11;0.90101;-0.14;-0.01;2.89
2025.02.13 13:55:06;Buy;0.01;AUDCAD;0.89495;0.01;2025.02.13 17:47:30;0.89556;-0.08;;0.43
2025.02.12 15:35:07;Buy;0.01;AUDCAD;0.89559;0.01;2025.02.12 17:00:08;0.89627;-0.08;;0.47
2025.02.10 07:30:10;Sell;0.01;AUDCAD;0.89978;0.01;2025.02.10 10:11:21;0.89914;-0.08;;0.45
2025.02.07 18:30:08;Buy;0.01;AUDCAD;0.89674;0.01;2025.02.10 00:17:56;0.89675;-0.08;-0.02;0.01
2025.02.07 17:55:03;Buy;0.01;AUDCAD;0.89741;0.01;2025.02.07 17:56:13;0.89798;-0.08;;0.4
2025.02.07 16:10:00;Buy;0.01;AUDCAD;0.89758;0.01;2025.02.07 16:14:32;0.8983;-0.08;;0.5
2025.02.07 15:35:03;Buy;0.01;AUDCAD;0.89772;0.01;2025.02.07 15:38:23;0.89838;-0.08;;0.46
2025.02.05 17:40:00;Sell;0.01;AUDCAD;0.89881;0.01;2025.02.06 05:21:48;0.8982;-0.08;-0.02;0.43
2025.02.04 11:45:04;Buy;0.01;AUDCAD;0.89581;0.01;2025.02.04 17:19:18;0.89644;-0.08;;0.44
2025.02.04 05:35:06;Buy;0.01;AUDCAD;0.89732;0.01;2025.02.04 10:26:37;0.89679;-0.08;;-0.37
2025.02.04 07:10:03;Buy;0.01;AUDCAD;0.89508;0.01;2025.02.04 10:26:36;0.89679;-0.08;;1.18
2025.02.04 02:10:01;Buy;0.01;AUDCAD;0.89718;0.01;2025.02.04 04:26:22;0.89777;-0.08;;0.41
2025.01.31 19:10:08;Buy;0.01;AUDCAD;0.89933;0.01;2025.01.31 19:10:18;0.9004;-0.08;;0.74
2025.01.31 18:05:05;Sell;0.01;AUDCAD;0.9032;0.01;2025.01.31 18:10:52;0.90258;-0.08;;0.43
2025.01.31 17:15:09;Sell;0.01;AUDCAD;0.90354;0.01;2025.01.31 17:33:30;0.90294;-0.08;;0.41
2025.01.31 16:15:07;Sell;0.01;AUDCAD;0.90273;0.01;2025.01.31 16:46:00;0.90216;-0.08;;0.39
2025.01.31 07:05:00;Sell;0.01;AUDCAD;0.90166;0.01;2025.01.31 07:31:51;0.90102;-0.08;;0.44
2025.01.31 01:10:06;Sell;0.01;AUDCAD;0.90037;0.01;2025.01.31 02:46:20;0.89966;-0.08;;0.49
2025.01.30 23:10:00;Sell;0.01;AUDCAD;0.90093;0.01;2025.01.30 23:18:55;0.90024;-0.08;;0.48
2025.01.30 22:40:02;Sell;0.01;AUDCAD;0.90463;0.01;2025.01.30 22:40:13;0.90321;-0.08;;0.98
2025.01.28 06:05:01;Buy;0.01;AUDCAD;0.89974;0.01;2025.01.29 17:33:21;0.89935;-0.08;-0.02;-0.27
2025.01.29 13:40:00;Buy;0.01;AUDCAD;0.89772;0.01;2025.01.29 17:33:21;0.89935;-0.08;;1.13
2025.01.28 02:10:09;Buy;0.01;AUDCAD;0.90184;0.01;2025.01.29 08:00:02;0.89938;-0.08;-0.02;-1.71
2025.01.29 03:25:11;Buy;0.02;AUDCAD;0.89734;0.02;2025.01.29 08:00:01;0.89936;-0.14;;2.81
2025.01.28 01:35:08;Buy;0.01;AUDCAD;0.90203;0.01;2025.01.28 01:41:01;0.90268;-0.08;;0.45
2025.01.24 04:50:00;Sell;0.01;AUDCAD;0.90484;0.01;2025.01.24 15:14:46;0.90426;-0.08;;0.4
2025.01.22 11:55:10;Sell;0.01;AUDCAD;0.90007;0.01;2025.01.23 10:46:05;0.90058;-0.08;-0.02;-0.35
2025.01.22 15:45:09;Sell;0.01;AUDCAD;0.9022;0.01;2025.01.23 10:46:05;0.90058;-0.08;-0.02;1.13
2025.01.21 16:00:05;Sell;0.01;AUDCAD;0.90141;0.01;2025.01.21 16:05:02;0.90077;-0.08;;0.44
2025.01.21 09:30:04;Sell;0.01;AUDCAD;0.90092;0.01;2025.01.21 10:15:41;0.90028;-0.08;;0.44
2025.01.21 05:00:08;Sell;0.01;AUDCAD;0.9005;0.01;2025.01.21 07:42:32;0.8999;-0.08;;0.42
2025.01.21 04:20:00;Sell;0.01;AUDCAD;0.90088;0.01;2025.01.21 04:31:02;0.90024;-0.08;;0.44
2025.01.21 03:30:03;Sell;0.01;AUDCAD;0.90012;0.01;2025.01.21 03:48:12;0.89952;-0.08;;0.42
2025.01.21 02:55:09;Sell;0.01;AUDCAD;0.90154;0.01;2025.01.21 02:57:09;0.90087;-0.08;;0.46
2025.01.17 20:20:01;Sell;0.01;AUDCAD;0.89626;0.01;2025.01.20 15:38:31;0.89672;-0.08;-0.01;-0.32
2025.01.20 09:25:07;Sell;0.01;AUDCAD;0.89826;0.01;2025.01.20 15:38:31;0.89668;-0.08;;1.1
2025.01.17 17:10:06;Sell;0.01;AUDCAD;0.89564;0.01;2025.01.17 17:41:56;0.895;-0.08;;0.44
2025.01.17 16:20:00;Buy;0.01;AUDCAD;0.89144;0.01;2025.01.17 16:29:58;0.89207;-0.08;;0.44
2025.01.17 15:25:01;Buy;0.01;AUDCAD;0.89162;0.01;2025.01.17 15:37:43;0.89223;-0.08;;0.42
2025.01.16 17:15:06;Sell;0.01;AUDCAD;0.89403;0.01;2025.01.17 06:29:31;0.89342;-0.08;-0.01;0.42
2025.01.16 10:40:05;Sell;0.01;AUDCAD;0.89367;0.01;2025.01.16 11:05:56;0.89303;-0.08;;0.45
2025.01.16 07:20:07;Buy;0.01;AUDCAD;0.88985;0.01;2025.01.16 07:57:16;0.89046;-0.08;;0.42
2025.01.16 02:30:05;Sell;0.01;AUDCAD;0.89373;0.01;2025.01.16 02:39:03;0.89316;-0.08;;0.4
2025.01.15 16:00:03;Sell;0.01;AUDCAD;0.89312;0.01;2025.01.15 17:46:31;0.89253;-0.08;;0.41
2025.01.15 15:30:07;Sell;0.01;AUDCAD;0.89226;0.01;2025.01.15 15:30:15;0.89149;-0.08;;0.54
2025.01.10 11:05:01;Buy;0.01;AUDCAD;0.89108;0.01;2025.01.15 15:30:04;0.89178;-0.08;-0.06;0.49
2025.01.14 13:25:00;Buy;0.01;AUDCAD;0.88896;0.01;2025.01.15 15:30:04;0.89217;-0.08;-0.02;2.24
2025.01.14 01:25:07;Sell;0.01;AUDCAD;0.88924;0.01;2025.01.14 14:02:48;0.88864;-0.08;;0.42
2025.01.08 03:00:06;Buy;0.01;AUDCAD;0.89318;0.01;2025.01.14 09:17:23;0.89042;-0.08;-0.13;-1.92
2025.01.10 15:30:06;Buy;0.01;AUDCAD;0.88665;0.01;2025.01.14 09:17:22;0.89044;-0.08;-0.04;2.64
2025.01.07 18:05:03;Buy;0.01;AUDCAD;0.89572;0.01;2025.01.10 03:23:54;0.89285;-0.08;-0.11;-1.99
2025.01.09 08:05:13;Buy;0.02;AUDCAD;0.89066;0.02;2025.01.10 03:23:54;0.89285;-0.14;-0.04;3.04
2025.01.07 10:45:04;Sell;0.01;AUDCAD;0.89842;0.01;2025.01.07 16:40:20;0.89782;-0.08;;0.42
2025.01.06 21:30:06;Buy;0.01;AUDCAD;0.89553;0.01;2025.01.07 02:59:06;0.89619;-0.08;-0.02;0.46
2025.01.06 14:50:00;Sell;0.01;AUDCAD;0.90021;0.01;2025.01.06 16:01:57;0.89949;-0.08;;0.5
2025.01.06 13:25:07;Sell;0.01;AUDCAD;0.89932;0.01;2025.01.06 14:19:32;0.89873;-0.08;;0.41
2025.01.03 18:30:06;Sell;0.01;AUDCAD;0.89725;0.01;2025.01.06 03:47:00;0.8976;-0.08;-0.01;-0.24
2025.01.06 02:55:08;Sell;0.01;AUDCAD;0.89926;0.01;2025.01.06 03:47:00;0.8976;-0.08;;1.15
2025.01.03 17:00:08;Sell;0.01;AUDCAD;0.89683;0.01;2025.01.03 17:01:38;0.89615;-0.08;;0.47
2025.01.03 15:15:03;Sell;0.01;AUDCAD;0.89646;0.01;2025.01.03 15:52:52;0.89586;-0.08;;0.42
2025.01.03 13:25:08;Sell;0.01;AUDCAD;0.89618;0.01;2025.01.03 13:31:13;0.89558;-0.08;;0.42
2025.01.02 20:40:04;Buy;0.01;AUDCAD;0.8928;0.01;2025.01.02 22:31:40;0.89344;-0.08;;0.44
2025.01.02 04:10:03;Sell;0.01;AUDCAD;0.89291;0.01;2025.01.02 19:38:23;0.89328;-0.08;;-0.26
2025.01.02 10:45:08;Sell;0.01;AUDCAD;0.89499;0.01;2025.01.02 19:38:22;0.8933;-0.08;;1.17
2024.12.30 23:10:10;Buy;0.01;AUDCAD;0.89282;0.01;2025.01.02 04:46:48;0.89344;-0.08;-0.11;0.43
2024.12.30 17:45:09;Buy;0.01;AUDCAD;0.89482;0.01;2025.01.02 03:22:51;0.89242;-0.08;-0.11;-1.67
2024.12.31 17:55:01;Buy;0.02;AUDCAD;0.89036;0.02;2025.01.02 03:22:51;0.89241;-0.14;-0.17;2.85
2024.12.30 05:10:03;Sell;0.01;AUDCAD;0.89823;0.01;2024.12.30 09:15:20;0.89764;-0.08;;0.41
2024.12.24 18:50:03;Buy;0.01;AUDCAD;0.89534;0.01;2024.12.24 19:01:54;0.89599;-0.08;;0.45
2024.12.24 05:10:00;Buy;0.01;AUDCAD;0.89548;0.01;2024.12.24 05:22:02;0.89608;-0.08;;0.42
2024.12.20 18:50:00;Sell;0.01;AUDCAD;0.89931;0.01;2024.12.20 22:59:32;0.89869;-0.08;;0.43
2024.12.20 12:50:03;Buy;0.01;AUDCAD;0.89597;0.01;2024.12.20 14:33:31;0.89659;-0.08;;0.43
2024.12.18 22:20:04;Buy;0.01;AUDCAD;0.89895;0.01;2024.12.19 09:05:34;0.89956;-0.08;-0.07;0.42
2024.12.18 21:50:04;Buy;0.01;AUDCAD;0.90121;0.01;2024.12.19 04:57:44;0.89946;-0.08;-0.07;-1.21
2024.12.19 02:20:05;Buy;0.01;AUDCAD;0.89639;0.01;2024.12.19 04:57:44;0.89945;-0.08;;2.12
2024.12.18 21:05:02;Buy;0.01;AUDCAD;0.90112;0.01;2024.12.18 21:19:24;0.90174;-0.08;;0.43
2024.12.18 18:10:06;Buy;0.01;AUDCAD;0.90286;0.01;2024.12.18 19:44:29;0.90346;-0.08;;0.42
2024.12.16 06:35:08;Sell;0.01;AUDCAD;0.90746;0.01;2024.12.16 07:00:37;0.90681;-0.08;;0.46
2024.12.15 16:01:22;Balance;;;;;;;;;-50
2024.12.12 03:20:00;Sell;0.01;AUDCAD;0.90612;0.01;2024.12.12 10:32:09;0.90662;-0.08;;-0.35
2024.12.12 09:10:04;Sell;0.01;AUDCAD;0.90839;0.01;2024.12.12 10:32:09;0.90662;-0.08;;1.25
2024.12.12 02:35:06;Sell;0.01;AUDCAD;0.90617;0.01;2024.12.12 02:47:48;0.9056;-0.08;;0.4
2024.12.10 17:10:01;Buy;0.01;AUDCAD;0.90474;0.01;2024.12.12 02:30:14;0.90461;-0.08;-0.09;-0.09
2024.12.10 18:05:10;Buy;0.01;AUDCAD;0.90207;0.01;2024.12.12 02:30:13;0.90461;-0.08;-0.09;1.8
2024.12.10 08:05:10;Buy;0.01;AUDCAD;0.9068;0.01;2024.12.11 20:18:25;0.90204;-0.08;-0.02;-3.36
2024.12.11 17:00:09;Buy;0.02;AUDCAD;0.89892;0.02;2024.12.11 20:18:25;0.90204;-0.14;;4.41
2024.12.10 06:55:09;Buy;0.01;AUDCAD;0.90584;0.01;2024.12.10 07:34:25;0.90646;-0.08;;0.44
2024.12.10 05:35:01;Buy;0.01;AUDCAD;0.907;0.01;2024.12.10 06:22:00;0.9078;-0.08;;0.56
2024.12.09 10:00:01;Sell;0.01;AUDCAD;0.90937;0.01;2024.12.10 05:30:40;0.90805;-0.08;-0.01;0.93
2024.12.09 09:30:01;Sell;0.01;AUDCAD;0.90682;0.01;2024.12.10 05:30:30;0.90859;-0.08;-0.01;-1.25
2024.12.09 17:20:02;Sell;0.01;AUDCAD;0.91189;0.01;2024.12.10 05:30:30;0.90859;-0.08;-0.01;2.33
2024.12.09 01:05:03;Sell;0.01;AUDCAD;0.90573;0.01;2024.12.09 02:00:55;0.90509;-0.08;;0.45
2024.12.06 15:35:08;Sell;0.01;AUDCAD;0.90465;0.01;2024.12.06 17:38:48;0.90399;-0.08;;0.47
2024.12.06 03:45:01;Buy;0.01;AUDCAD;0.90248;0.01;2024.12.06 05:08:42;0.90306;-0.08;;0.41
2024.12.05 17:25:07;Buy;0.01;AUDCAD;0.90279;0.01;2024.12.05 18:05:14;0.90339;-0.08;;0.43
2024.12.04 04:15:00;Buy;0.01;AUDCAD;0.90698;0.01;2024.12.05 09:08:01;0.90647;-0.08;-0.07;-0.36
2024.12.04 21:00:07;Buy;0.01;AUDCAD;0.90486;0.01;2024.12.05 09:08:01;0.90647;-0.08;-0.07;1.1400000000000001
2024.12.04 18:35:05;Sell;0.01;AUDCAD;0.90616;0.01;2024.12.04 18:39:47;0.90556;-0.08;;0.43
2024.12.04 03:35:06;Buy;0.01;AUDCAD;0.90928;0.01;2024.12.04 17:46:47;0.90568;-0.08;;-2.56
2024.12.04 05:05:06;Buy;0.01;AUDCAD;0.90442;0.01;2024.12.04 17:46:47;0.90569;-0.08;;0.9
2024.12.04 13:50:07;Buy;0.01;AUDCAD;0.90154;0.01;2024.12.04 17:46:46;0.9057;-0.08;;2.96
2024.12.03 20:10:01;Sell;0.01;AUDCAD;0.91248;0.01;2024.12.03 21:13:54;0.91186;-0.08;;0.44
2024.12.03 10:45:05;Sell;0.01;AUDCAD;0.91119;0.01;2024.12.03 11:41:04;0.91059;-0.08;;0.43
2024.12.02 14:55:02;Buy;0.01;AUDCAD;0.90968;0.01;2024.12.02 22:02:22;0.90911;-0.08;;-0.41
2024.12.02 17:05:05;Buy;0.01;AUDCAD;0.90738;0.01;2024.12.02 22:02:22;0.90911;-0.08;;1.23
2024.11.29 16:45:08;Sell;0.01;AUDCAD;0.9136;0.01;2024.11.29 16:49:41;0.913;-0.08;;0.43
2024.11.26 16:50:03;Buy;0.01;AUDCAD;0.91205;0.01;2024.11.27 05:46:46;0.9116;-0.08;-0.02;-0.32
2024.11.26 17:50:07;Buy;0.01;AUDCAD;0.91001;0.01;2024.11.27 05:46:46;0.9116;-0.08;-0.02;1.13
2024.11.26 02:05:07;Sell;0.01;AUDCAD;0.91137;0.01;2024.11.26 16:46:42;0.91233;-0.08;;-0.68
2024.11.26 03:35:04;Sell;0.01;AUDCAD;0.91446;0.01;2024.11.26 16:46:42;0.91231;-0.08;;1.52
2024.11.25 02:05:01;Sell;0.01;AUDCAD;0.9116;0.01;2024.11.25 03:57:27;0.91095;-0.08;;0.47
2024.11.25 01:05:10;Sell;0.01;AUDCAD;0.9121;0.01;2024.11.25 01:34:24;0.91144;-0.08;;0.47
2024.11.22 11:15:07;Buy;0.01;AUDCAD;0.90735;0.01;2024.11.22 11:19:47;0.90797;-0.08;;0.44
2024.11.22 07:15:05;Buy;0.01;AUDCAD;0.90782;0.01;2024.11.22 09:28:19;0.90842;-0.08;;0.43
2024.11.21 19:00:07;Buy;0.01;AUDCAD;0.90759;0.01;2024.11.21 19:20:07;0.90823;-0.08;;0.46
2024.11.21 18:20:03;Buy;0.01;AUDCAD;0.9081;0.01;2024.11.21 18:29:31;0.90884;-0.08;;0.53
2024.11.20 16:25:08;Buy;0.01;AUDCAD;0.9085;0.01;2024.11.20 16:48:44;0.90912;-0.08;;0.44
2024.11.19 11:45:09;Buy;0.01;AUDCAD;0.91006;0.01;2024.11.19 12:06:03;0.91069;-0.08;;0.45
2024.11.19 05:45:05;Sell;0.01;AUDCAD;0.91361;0.01;2024.11.19 06:37:01;0.913;-0.08;;0.44
2024.11.12 10:30:06;Buy;0.02;AUDCAD;0.91296;0.02;2024.11.19 05:30:51;0.91329;-0.14;-0.31;0.47
2024.11.08 18:15:05;Buy;0.01;AUDCAD;0.91618;0.01;2024.11.19 03:53:10;0.91256;-0.08;-0.19;-2.58
2024.11.15 19:50:09;Buy;0.02;AUDCAD;0.90995;0.02;2024.11.19 03:53:10;0.9125;-0.14;-0.08;3.64
2024.11.18 02:55:06;Sell;0.01;AUDCAD;0.91146;0.01;2024.11.18 03:22:55;0.91086;-0.08;;0.43
2024.11.08 16:45:02;Buy;0.01;AUDCAD;0.91863;0.01;2024.11.15 19:16:21;0.90988;-0.08;-0.15;-6.22
2024.11.12 19:20:03;Buy;0.02;AUDCAD;0.90914;0.02;2024.11.15 19:16:21;0.90988;-0.14;-0.23;1.05
2024.11.14 22:10:04;Buy;0.02;AUDCAD;0.90515;0.02;2024.11.15 19:16:21;0.90988;-0.14;-0.04;6.72
2024.11.14 18:25:03;Sell;0.01;AUDCAD;0.90868;0.01;2024.11.14 18:51:20;0.90806;-0.08;;0.44
2024.11.08 14:10:08;Buy;0.01;AUDCAD;0.92111;0.01;2024.11.14 17:52:07;0.90903;-0.08;-0.13;-8.61
2024.11.14 12:15:00;Buy;0.03;AUDCAD;0.9049;0.03;2024.11.14 17:52:07;0.90903;-0.22;;8.83
2024.11.14 17:20:08;Sell;0.01;AUDCAD;0.90853;0.01;2024.11.14 17:36:01;0.90789;-0.08;;0.46
2024.11.14 16:40:06;Sell;0.01;AUDCAD;0.90819;0.01;2024.11.14 16:41:46;0.90752;-0.08;;0.48
2024.11.07 05:55:00;Sell;0.01;AUDCAD;0.92005;0.01;2024.11.08 14:30:39;0.92062;-0.08;-0.01;-0.41
2024.11.08 10:40:09;Sell;0.01;AUDCAD;0.92237;0.01;2024.11.08 14:30:39;0.92062;-0.08;;1.26
2024.11.08 10:10:05;Buy;0.01;AUDCAD;0.92099;0.01;2024.11.08 10:14:35;0.92161;-0.08;;0.45
2024.11.07 04:35:00;Sell;0.01;AUDCAD;0.91804;0.01;2024.11.08 10:09:45;0.92145;-0.08;-0.01;-2.45
2024.11.07 14:45:00;Sell;0.01;AUDCAD;0.92257;0.01;2024.11.08 10:09:45;0.92145;-0.08;-0.01;0.81
2024.11.07 17:05:06;Sell;0.01;AUDCAD;0.92575;0.01;2024.11.08 10:09:45;0.92145;-0.08;-0.01;3.09
2024.11.06 19:45:07;Sell;0.01;AUDCAD;0.91609;0.01;2024.11.06 22:57:39;0.91654;-0.08;;-0.32
2024.11.06 20:30:05;Sell;0.01;AUDCAD;0.9183;0.01;2024.11.06 22:57:39;0.91654;-0.08;;1.26
2024.11.06 18:55:02;Sell;0.01;AUDCAD;0.91594;0.01;2024.11.06 19:01:20;0.91534;-0.08;;0.43
2024.11.06 17:10:09;Sell;0.01;AUDCAD;0.91581;0.01;2024.11.06 17:59:43;0.91522;-0.08;;0.42
2024.11.06 11:55:04;Sell;0.01;AUDCAD;0.91566;0.01;2024.11.06 12:04:40;0.91505;-0.08;;0.44
2024.11.06 04:20:07;Buy;0.01;AUDCAD;0.91399;0.01;2024.11.06 10:47:56;0.91459;-0.08;;0.43
2024.11.06 02:35:04;Buy;0.01;AUDCAD;0.91602;0.01;2024.11.06 09:48:13;0.91245;-0.08;;-2.56
2024.11.06 05:05:00;Buy;0.01;AUDCAD;0.91129;0.01;2024.11.06 09:48:13;0.91245;-0.08;;0.83
2024.11.06 05:55:03;Buy;0.01;AUDCAD;0.90826;0.01;2024.11.06 09:48:13;0.91245;-0.08;;3.01
2024.11.05 09:10:10;Sell;0.01;AUDCAD;0.91836;0.01;2024.11.05 23:36:54;0.91775;-0.08;;0.44
2024.11.04 18:50:00;Buy;0.01;AUDCAD;0.9153;0.01;2024.11.04 19:28:30;0.91591;-0.08;;0.44
2024.11.04 02:55:05;Sell;0.01;AUDCAD;0.91804;0.01;2024.11.04 08:46:45;0.91745;-0.08;;0.42
2024.11.04 01:10:05;Sell;0.01;AUDCAD;0.91815;0.01;2024.11.04 01:40:19;0.91747;-0.08;;0.49
2024.10.31 22:55:09;Sell;0.01;AUDCAD;0.91562;0.01;2024.11.01 08:45:00;0.91499;-0.08;-0.01;0.45
2024.10.31 16:40:00;Buy;0.01;AUDCAD;0.91199;0.01;2024.10.31 18:52:41;0.91258;-0.08;;0.42
2024.10.30 11:15:05;Sell;0.01;AUDCAD;0.91414;0.01;2024.10.30 20:35:15;0.91458;-0.08;;-0.32
2024.10.30 16:55:04;Sell;0.01;AUDCAD;0.91631;0.01;2024.10.30 20:35:15;0.91457;-0.08;;1.25
2024.10.29 03:35:07;Buy;0.01;AUDCAD;0.91301;0.01;2024.10.30 11:09:50;0.91363;-0.08;-0.02;0.45
2024.10.28 19:40:06;Buy;0.01;AUDCAD;0.9151;0.01;2024.10.30 10:26:35;0.91256;-0.08;-0.04;-1.8199999999999998
2024.10.30 06:35:08;Buy;0.02;AUDCAD;0.9104;0.02;2024.10.30 10:26:35;0.91256;-0.14;;3.1
2024.10.28 06:45:02;Buy;0.01;AUDCAD;0.91576;0.01;2024.10.28 10:02:31;0.91636;-0.08;;0.43
2024.10.25 17:25:05;Sell;0.01;AUDCAD;0.92052;0.01;2024.10.25 18:28:18;0.91989;-0.08;;0.45
2024.10.25 07:40:08;Buy;0.01;AUDCAD;0.91704;0.01;2024.10.25 08:30:47;0.91765;-0.08;;0.44
2024.10.23 14:30:03;Buy;0.01;AUDCAD;0.91904;0.01;2024.10.24 10:09:28;0.91973;-0.08;-0.07;0.5
2024.10.23 09:45:00;Buy;0.01;AUDCAD;0.92132;0.01;2024.10.24 10:03:25;0.91953;-0.08;-0.07;-1.29
2024.10.23 20:25:10;Buy;0.01;AUDCAD;0.91662;0.01;2024.10.24 10:03:24;0.91954;-0.08;-0.07;2.11
2024.10.23 04:25:06;Buy;0.01;AUDCAD;0.92153;0.01;2024.10.23 04:34:47;0.92214;-0.08;;0.44
2024.10.22 06:30:01;Sell;0.01;AUDCAD;0.92384;0.01;2024.10.22 23:00:06;0.92324;-0.08;;0.43
2024.10.21 18:05:09;Buy;0.01;AUDCAD;0.9224;0.01;2024.10.22 05:01:13;0.92197;-0.08;-0.02;-0.31
2024.10.22 02:55:10;Buy;0.01;AUDCAD;0.92037;0.01;2024.10.22 05:01:13;0.92197;-0.08;;1.16
2024.10.21 09:25:05;Buy;0.01;AUDCAD;0.92402;0.01;2024.10.21 10:07:47;0.92464;-0.08;;0.45
2024.10.18 04:25:03;Sell;0.01;AUDCAD;0.92497;0.01;2024.10.21 09:22:27;0.92432;-0.08;-0.01;0.47
2024.10.17 17:50:10;Sell;0.01;AUDCAD;0.92296;0.01;2024.10.21 08:15:28;0.92541;-0.08;-0.02;-1.77
2024.10.21 04:35:01;Sell;0.02;AUDCAD;0.92757;0.02;2024.10.21 08:15:28;0.92541;-0.14;;3.13
2024.10.17 12:45:00;Sell;0.01;AUDCAD;0.92189;0.01;2024.10.17 17:07:00;0.92117;-0.08;;0.52
2024.10.17 03:35:10;Sell;0.01;AUDCAD;0.91985;0.01;2024.10.17 05:41:57;0.92041;-0.08;;-0.41
2024.10.17 05:05:07;Sell;0.01;AUDCAD;0.92221;0.01;2024.10.17 05:41:57;0.92041;-0.08;;1.31
2024.10.15 23:35:00;Buy;0.01;AUDCAD;0.92324;0.01;2024.10.17 05:06:17;0.92232;-0.08;-0.09;-0.67
2024.10.16 03:00:09;Buy;0.01;AUDCAD;0.92016;0.01;2024.10.17 05:06:17;0.92231;-0.08;-0.07;1.56
2024.10.15 19:15:08;Buy;0.01;AUDCAD;0.9253;0.01;2024.10.17 03:43:03;0.92038;-0.08;-0.09;-3.58
2024.10.16 21:10:06;Buy;0.02;AUDCAD;0.91717;0.02;2024.10.17 03:43:03;0.92038;-0.14;-0.14;4.67
2024.10.14 15:30:04;Buy;0.01;AUDCAD;0.92561;0.01;2024.10.14 16:44:03;0.92652;-0.08;;0.66
2024.10.11 17:45:00;Sell;0.01;AUDCAD;0.92882;0.01;2024.10.14 00:02:16;0.9282;-0.08;-0.01;0.45
2024.10.11 15:40:06;Buy;0.01;AUDCAD;0.92479;0.01;2024.10.11 15:49:22;0.92543;-0.08;;0.47
2024.10.10 20:30:07;Sell;0.01;AUDCAD;0.92572;0.01;2024.10.11 09:17:48;0.92624;-0.08;-0.01;-0.38
2024.10.11 05:25:06;Sell;0.01;AUDCAD;0.92812;0.01;2024.10.11 09:17:48;0.92625;-0.08;;1.3599999999999999
2024.10.10 18:15:11;Sell;0.01;AUDCAD;0.92544;0.01;2024.10.10 19:53:09;0.92477;-0.08;;0.49
2024.10.10 16:10:03;Sell;0.01;AUDCAD;0.92532;0.01;2024.10.10 16:15:47;0.92471;-0.08;;0.44
2024.10.10 06:20:07;Sell;0.01;AUDCAD;0.92264;0.01;2024.10.10 15:40:19;0.92302;-0.08;;-0.28
2024.10.10 15:35:09;Sell;0.01;AUDCAD;0.92494;0.01;2024.10.10 15:40:19;0.92301;-0.08;;1.4
2024.10.10 04:01:01;Balance;;;;;;;;;-50
2024.10.09 08:40:03;Sell;0.01;AUDCAD;0.92213;0.01;2024.10.09 08:44:20;0.9215;-0.08;;0.46
2024.10.09 08:05:00;Sell;0.01;AUDCAD;0.92202;0.01;2024.10.09 08:10:51;0.92124;-0.08;;0.57
2024.10.08 19:50:01;Sell;0.01;AUDCAD;0.92099;0.01;2024.10.08 20:04:56;0.92038;-0.08;;0.45
2024.10.07 17:45:07;Buy;0.01;AUDCAD;0.92097;0.01;2024.10.08 18:05:10;0.92039;-0.08;-0.02;-0.42
2024.10.08 05:10:07;Buy;0.01;AUDCAD;0.91863;0.01;2024.10.08 18:05:10;0.92039;-0.08;;1.29
2024.10.07 12:05:09;Buy;0.01;AUDCAD;0.92158;0.01;2024.10.07 12:21:42;0.92218;-0.08;;0.44
2024.10.04 15:30:08;Buy;0.01;AUDCAD;0.92513;0.01;2024.10.07 06:05:42;0.92446;-0.08;-0.02;-0.49
2024.10.04 16:00:02;Buy;0.01;AUDCAD;0.92277;0.01;2024.10.07 06:05:41;0.92446;-0.08;-0.02;1.24
2024.10.03 17:20:05;Buy;0.01;AUDCAD;0.92549;0.01;2024.10.04 01:54:59;0.92767;-0.08;-0.02;1.6099999999999999
2024.10.03 15:40:06;Buy;0.01;AUDCAD;0.92585;0.01;2024.10.03 16:19:36;0.92647;-0.08;;0.46
2024.10.03 11:30:07;Buy;0.01;AUDCAD;0.92661;0.01;2024.10.03 15:02:16;0.92722;-0.08;;0.45
2024.10.02 17:55:01;Buy;0.01;AUDCAD;0.92769;0.01;2024.10.02 18:10:43;0.92829;-0.08;;0.44
2024.10.02 08:40:03;Buy;0.01;AUDCAD;0.92806;0.01;2024.10.02 09:17:27;0.9287;-0.08;;0.47
2024.10.01 22:05:06;Buy;0.01;AUDCAD;0.92975;0.01;2024.10.02 04:49:27;0.93039;-0.08;-0.02;0.47
2024.10.01 17:10:06;Buy;0.01;AUDCAD;0.92993;0.01;2024.10.01 21:32:36;0.93054;-0.08;;0.45
2024.10.01 16:35:02;Buy;0.01;AUDCAD;0.93213;0.01;2024.10.01 21:25:15;0.93037;-0.08;;-1.3
2024.10.01 19:45:05;Buy;0.01;AUDCAD;0.92749;0.01;2024.10.01 21:25:15;0.93037;-0.08;;2.13
2024.09.26 18:20:06;Sell;0.01;AUDCAD;0.92815;0.01;2024.10.01 19:45:03;0.92754;-0.08;-0.03;0.45
2024.09.26 13:25:09;Sell;0.01;AUDCAD;0.9257;0.01;2024.10.01 18:05:31;0.92889;-0.08;-0.03;-2.36
2024.10.01 17:05:04;Sell;0.02;AUDCAD;0.93133;0.02;2024.10.01 18:05:31;0.92889;-0.14;;3.61
2024.09.26 08:30:08;Sell;0.01;AUDCAD;0.92327;0.01;2024.10.01 16:35:32;0.9306;-0.08;-0.03;-5.42
2024.09.27 15:40:06;Sell;0.02;AUDCAD;0.93117;0.02;2024.10.01 16:35:32;0.93061;-0.14;-0.04;0.83
2024.09.27 17:35:00;Sell;0.02;AUDCAD;0.93471;0.02;2024.10.01 16:35:32;0.9306;-0.14;-0.04;6.08
2024.10.01 14:35:01;Buy;0.01;AUDCAD;0.93319;0.01;2024.10.01 14:46:11;0.93384;-0.08;;0.48
2024.10.01 13:35:05;Buy;0.01;AUDCAD;0.93356;0.01;2024.10.01 14:04:35;0.93426;-0.08;;0.52
2024.10.01 10:40:01;Buy;0.01;AUDCAD;0.93427;0.01;2024.10.01 11:33:15;0.93488;-0.08;;0.45
2024.09.30 21:25:00;Buy;0.01;AUDCAD;0.93432;0.01;2024.09.30 21:37:16;0.93508;-0.08;;0.56
2024.09.25 18:30:08;Buy;0.01;AUDCAD;0.92212;0.01;2024.09.26 04:56:20;0.9216;-0.08;-0.07;-0.39
2024.09.25 19:50:04;Buy;0.01;AUDCAD;0.9199;0.01;2024.09.26 04:56:20;0.92159;-0.08;-0.07;1.26
2024.09.19 03:25:05;Sell;0.02;AUDCAD;0.92116;0.02;2024.09.25 18:55:22;0.92087;-0.14;-0.08;0.43
2024.09.17 10:30:03;Sell;0.02;AUDCAD;0.91867;0.02;2024.09.25 18:10:58;0.92276;-0.14;-0.15;-6.08
2024.09.19 08:30:01;Sell;0.02;AUDCAD;0.9241;0.02;2024.09.25 18:10:57;0.92276;-0.14;-0.08;1.99
2024.09.24 16:40:04;Sell;0.02;AUDCAD;0.92708;0.02;2024.09.25 18:10:57;0.92276;-0.14;-0.02;6.42
2024.09.24 10:45:09;Buy;0.01;AUDCAD;0.9224;0.01;2024.09.24 11:07:53;0.92301;-0.08;;0.45
2024.09.24 10:10:07;Buy;0.01;AUDCAD;0.92288;0.01;2024.09.24 10:15:45;0.92349;-0.08;;0.45
2024.09.24 09:20:09;Buy;0.01;AUDCAD;0.92272;0.01;2024.09.24 09:38:59;0.92336;-0.08;;0.47
2024.09.16 15:00:04;Sell;0.01;AUDCAD;0.91618;0.01;2024.09.24 08:59:07;0.92455;-0.08;-0.07;-6.19
2024.09.24 07:50:10;Sell;0.03;AUDCAD;0.92758;0.03;2024.09.24 08:59:07;0.92454;-0.22;;6.75
2024.09.20 16:55:01;Buy;0.01;AUDCAD;0.92218;0.01;2024.09.20 18:41:36;0.92276;-0.08;;0.43
2024.09.16 11:25:08;Sell;0.01;AUDCAD;0.91417;0.01;2024.09.18 22:49:51;0.91877;-0.08;-0.02;-3.38
2024.09.18 12:50:07;Sell;0.02;AUDCAD;0.9217;0.02;2024.09.18 22:49:51;0.91875;-0.14;;4.33
2024.09.13 14:10:12;Buy;0.01;AUDCAD;0.90984;0.01;2024.09.13 15:03:57;0.91044;-0.08;;0.44
2024.09.12 19:20:08;Sell;0.01;AUDCAD;0.91062;0.01;2024.09.13 14:03:54;0.91002;-0.08;-0.01;0.44
2024.09.12 17:20:01;Sell;0.01;AUDCAD;0.90857;0.01;2024.09.13 13:56:17;0.91032;-0.08;-0.01;-1.29
2024.09.12 21:35:07;Sell;0.01;AUDCAD;0.91312;0.01;2024.09.13 13:56:17;0.91032;-0.08;-0.01;2.06
2024.09.12 07:05:03;Sell;0.01;AUDCAD;0.90796;0.01;2024.09.12 09:36:25;0.90735;-0.08;;0.45
2024.09.11 17:15:05;Buy;0.01;AUDCAD;0.90297;0.01;2024.09.11 18:12:17;0.90361;-0.08;;0.47
2024.09.10 21:30:02;Sell;0.01;AUDCAD;0.90641;0.01;2024.09.10 22:02:37;0.90581;-0.08;;0.44
2024.09.09 11:25:05;Buy;0.01;AUDCAD;0.9032;0.01;2024.09.09 16:45:33;0.90386;-0.08;;0.49
2024.09.06 18:30:03;Buy;0.01;AUDCAD;0.90588;0.01;2024.09.09 05:00:06;0.9065;-0.08;-0.02;0.46
2024.09.06 17:50:08;Buy;0.01;AUDCAD;0.90718;0.01;2024.09.06 18:00:28;0.90802;-0.08;;0.62
2024.09.06 15:40:07;Sell;0.01;AUDCAD;0.9117;0.01;2024.09.06 16:01:16;0.91105;-0.08;;0.48
2024.09.06 08:40:11;Buy;0.01;AUDCAD;0.90724;0.01;2024.09.06 08:51:20;0.90785;-0.08;;0.45
2024.09.04 17:04:57;Balance;;;;;;;;;-50
2024.09.04 15:45:02;Sell;0.01;AUDCAD;0.911;0.01;2024.09.04 16:56:10;0.91039;-0.08;;0.45
2024.09.03 17:25:10;Buy;0.01;AUDCAD;0.91052;0.01;2024.09.04 12:40:50;0.91001;-0.08;-0.02;-0.38
2024.09.04 03:35:10;Buy;0.01;AUDCAD;0.90831;0.01;2024.09.04 12:40:50;0.91001;-0.08;;1.25
2024.09.03 06:10:06;Buy;0.01;AUDCAD;0.91354;0.01;2024.09.03 16:11:35;0.91304;-0.08;;-0.37
2024.09.03 07:10:07;Buy;0.01;AUDCAD;0.91138;0.01;2024.09.03 16:11:35;0.91304;-0.08;;1.23
2024.09.02 17:55:01;Sell;0.01;AUDCAD;0.9165;0.01;2024.09.02 18:17:21;0.91586;-0.08;;0.47
2024.08.30 18:25:04;Buy;0.01;AUDCAD;0.91371;0.01;2024.09.02 09:17:42;0.9143;-0.08;-0.02;0.44
2024.08.30 17:35:09;Buy;0.01;AUDCAD;0.91442;0.01;2024.08.30 17:52:38;0.91503;-0.08;;0.45
2024.08.30 16:45:00;Buy;0.01;AUDCAD;0.91435;0.01;2024.08.30 17:04:02;0.91496;-0.08;;0.45
2024.08.30 15:50:02;Buy;0.01;AUDCAD;0.91473;0.01;2024.08.30 16:11:41;0.91538;-0.08;;0.48
2024.08.29 12:15:07;Sell;0.01;AUDCAD;0.91716;0.01;2024.08.29 15:41:43;0.91657;-0.08;;0.44
2024.08.29 04:10:00;Sell;0.01;AUDCAD;0.91583;0.01;2024.08.29 04:15:38;0.91523;-0.08;;0.45
2024.08.28 04:45:05;Sell;0.01;AUDCAD;0.91534;0.01;2024.08.28 04:51:28;0.91474;-0.08;;0.45
2024.08.26 17:45:03;Buy;0.01;AUDCAD;0.91296;0.01;2024.08.26 18:09:00;0.91356;-0.08;;0.45
2024.08.23 18:05:05;Sell;0.01;AUDCAD;0.91601;0.01;2024.08.26 05:59:01;0.9164;-0.08;-0.01;-0.29
2024.08.23 21:55:03;Sell;0.01;AUDCAD;0.91803;0.01;2024.08.26 05:59:01;0.9164;-0.08;-0.01;1.21
2024.08.23 17:05:00;Sell;0.01;AUDCAD;0.91608;0.01;2024.08.23 17:17:30;0.91533;-0.08;;0.55
2024.08.22 16:45:05;Buy;0.01;AUDCAD;0.91326;0.01;2024.08.23 07:25:56;0.91386;-0.08;-0.02;0.44
2024.08.22 05:25:08;Buy;0.01;AUDCAD;0.91478;0.01;2024.08.22 08:26:30;0.91538;-0.08;;0.44
2024.08.19 03:35:06;Sell;0.01;AUDCAD;0.91392;0.01;2024.08.22 05:18:09;0.91494;-0.08;-0.04;-0.75
2024.08.19 17:35:00;Sell;0.02;AUDCAD;0.91642;0.02;2024.08.22 05:18:09;0.91494;-0.14;-0.09;2.18
2024.08.16 19:50:05;Sell;0.01;AUDCAD;0.91177;0.01;2024.08.21 14:36:34;0.91634;-0.08;-0.03;-3.36
2024.08.20 17:45:01;Sell;0.02;AUDCAD;0.9193;0.02;2024.08.21 14:36:34;0.91634;-0.14;-0.02;4.35
2024.08.16 08:20:14;Sell;0.01;AUDCAD;0.91025;0.01;2024.08.16 08:58:36;0.90964;-0.08;;0.44
2024.08.15 05:45:00;Sell;0.01;AUDCAD;0.90765;0.01;2024.08.15 09:48:38;0.907;-0.08;;0.47
2024.08.14 22:15:00;Buy;0.01;AUDCAD;0.90503;0.01;2024.08.15 04:34:49;0.90566;-0.08;-0.07;0.46
2024.08.14 16:55:02;Buy;0.01;AUDCAD;0.9071;0.01;2024.08.15 04:33:48;0.90551;-0.08;-0.07;-1.16
2024.08.15 04:20:08;Buy;0.01;AUDCAD;0.90261;0.01;2024.08.15 04:33:48;0.90551;-0.08;;2.11
2024.08.13 21:15:00;Sell;0.01;AUDCAD;0.90903;0.01;2024.08.14 05:00:04;0.90818;-0.08;-0.01;0.62
2024.07.23 16:35:09;Buy;0.02;AUDCAD;0.91028;0.02;2024.08.13 23:02:11;0.90968;-0.14;-1.02;-0.88
2024.07.22 19:05:04;Buy;0.01;AUDCAD;0.913;0.01;2024.08.13 21:29:08;0.9093;-0.08;-0.47;-2.7
2024.07.25 03:25:07;Buy;0.03;AUDCAD;0.90749;0.03;2024.08.13 21:29:08;0.9093;-0.22;-1.19;3.96
2024.08.13 19:50:03;Sell;0.01;AUDCAD;0.90868;0.01;2024.08.13 20:36:45;0.90808;-0.08;;0.44
2024.08.13 16:45:09;Sell;0.01;AUDCAD;0.90816;0.01;2024.08.13 17:05:29;0.90754;-0.08;;0.45
2024.07.22 14:55:04;Buy;0.01;AUDCAD;0.91495;0.01;2024.08.13 11:13:20;0.90723;-0.08;-0.47;-5.62
2024.07.25 07:25:06;Buy;0.03;AUDCAD;0.90433;0.03;2024.08.13 11:13:20;0.90724;-0.22;-1.19;6.36
2024.08.12 17:40:03;Sell;0.01;AUDCAD;0.90673;0.01;2024.08.12 18:24:15;0.90611;-0.08;;0.45
2024.08.09 09:35:04;Sell;0.01;AUDCAD;0.90561;0.01;2024.08.09 11:20:15;0.90519;-0.08;;0.31
2024.08.09 08:50:01;Sell;0.01;AUDCAD;0.90557;0.01;2024.08.09 09:00:15;0.90517;-0.08;;0.29
2024.08.08 17:15:07;Sell;0.01;AUDCAD;0.90291;0.01;2024.08.09 08:04:09;0.90469;-0.08;-0.01;-1.3
2024.08.08 19:05:02;Sell;0.01;AUDCAD;0.90442;0.01;2024.08.09 08:04:09;0.90469;-0.08;-0.01;-0.2
2024.08.09 05:45:06;Sell;0.02;AUDCAD;0.90638;0.02;2024.08.09 08:04:04;0.90467;-0.14;;2.49
2024.08.08 16:30:01;Sell;0.01;AUDCAD;0.9017;0.01;2024.08.08 16:45:03;0.90125;-0.08;;0.33
2024.08.02 04:05:07;Buy;0.04;AUDCAD;0.9006;0.04;2024.08.08 16:34:20;0.9017;-0.28;-0.54;3.2
2024.08.07 13:20:00;Sell;0.01;AUDCAD;0.90289;0.01;2024.08.07 14:40:24;0.90249;-0.08;;0.29
2024.08.07 12:40:04;Sell;0.01;AUDCAD;0.90299;0.01;2024.08.07 12:48:51;0.90257;-0.08;;0.31
2024.08.07 11:50:00;Sell;0.01;AUDCAD;0.90213;0.01;2024.08.07 12:09:21;0.90168;-0.08;;0.33
2024.08.07 11:15:07;Sell;0.01;AUDCAD;0.90204;0.01;2024.08.07 11:18:42;0.90159;-0.08;;0.33
2024.08.07 09:50:08;Sell;0.01;AUDCAD;0.90182;0.01;2024.08.07 10:06:20;0.90143;-0.08;;0.28
2024.08.07 06:00:03;Sell;0.01;AUDCAD;0.90174;0.01;2024.08.07 09:07:00;0.90216;-0.08;;-0.3
2024.08.07 06:45:00;Sell;0.01;AUDCAD;0.90344;0.01;2024.08.07 09:06:55;0.9022;-0.08;;0.9
2024.08.07 05:25:01;Sell;0.01;AUDCAD;0.90276;0.01;2024.08.07 05:28:22;0.90234;-0.08;;0.3
2024.08.07 04:30:00;Sell;0.01;AUDCAD;0.90178;0.01;2024.08.07 04:33:41;0.90135;-0.08;;0.31
2024.08.06 08:45:02;Sell;0.01;AUDCAD;0.90157;0.01;2024.08.06 08:47:03;0.90114;-0.08;;0.31
2024.08.06 03:20:03;Sell;0.01;AUDCAD;0.90157;0.01;2024.08.06 04:07:34;0.90117;-0.08;;0.29
2024.07.22 06:20:05;Buy;0.01;AUDCAD;0.91653;0.01;2024.08.05 17:20:30;0.89823;-0.08;-0.3;-13.23
2024.08.05 08:55:08;Buy;0.04;AUDCAD;0.89495;0.04;2024.08.05 17:20:25;0.89845;-0.28;;10.12
2024.08.02 15:50:04;Sell;0.01;AUDCAD;0.90399;0.01;2024.08.02 16:33:37;0.90432;-0.08;;-0.24
2024.08.02 16:20:05;Sell;0.01;AUDCAD;0.90552;0.01;2024.08.02 16:33:37;0.90432;-0.08;;0.87
2024.08.02 14:40:05;Sell;0.01;AUDCAD;0.90454;0.01;2024.08.02 14:51:50;0.90409;-0.08;;0.32
2024.08.02 13:55:07;Sell;0.01;AUDCAD;0.90367;0.01;2024.08.02 14:09:39;0.90325;-0.08;;0.3
2024.08.02 10:45:10;Sell;0.01;AUDCAD;0.9033;0.01;2024.08.02 13:07:04;0.90284;-0.08;;0.33
2024.08.02 09:10:04;Sell;0.01;AUDCAD;0.90323;0.01;2024.08.02 10:10:22;0.90285;-0.08;;0.27
2024.08.02 07:30:00;Sell;0.01;AUDCAD;0.90286;0.01;2024.08.02 07:52:14;0.90245;-0.08;;0.3
2024.08.01 16:35:02;Sell;0.01;AUDCAD;0.90363;0.01;2024.08.01 17:23:37;0.90397;-0.08;;-0.25
2024.08.01 17:10:05;Sell;0.01;AUDCAD;0.90513;0.01;2024.08.01 17:23:37;0.90397;-0.08;;0.84
2024.08.01 14:35:03;Sell;0.01;AUDCAD;0.90321;0.01;2024.08.01 16:05:55;0.9037;-0.08;;-0.35
2024.08.01 15:30:07;Sell;0.01;AUDCAD;0.90508;0.01;2024.08.01 16:05:55;0.9037;-0.08;;1
2024.08.01 01:27:17;Sell;0.01;AUDCAD;0.90356;0.01;2024.08.01 04:26:51;0.90294;-0.08;;0.45
2024.07.25 17:55:07;Sell;0.01;AUDCAD;0.9055;0.01;2024.07.25 18:06:30;0.9051;-0.08;;0.29
2024.07.22 04:50:00;Buy;0.01;AUDCAD;0.91662;0.01;2024.07.22 05:47:27;0.91628;-0.08;;-0.25
2024.07.22 05:20:07;Buy;0.01;AUDCAD;0.9151;0.01;2024.07.22 05:47:22;0.91626;-0.08;;0.84
2024.07.22 03:50:05;Buy;0.01;AUDCAD;0.91699;0.01;2024.07.22 03:58:51;0.9174;-0.08;;0.3
2024.07.19 12:00:03;Buy;0.01;AUDCAD;0.91781;0.01;2024.07.19 14:53:09;0.9182;-0.08;;0.28
2024.07.19 10:40:09;Buy;0.01;AUDCAD;0.91785;0.01;2024.07.19 11:30:43;0.91824;-0.08;;0.28
2024.07.18 21:05:05;Buy;0.01;AUDCAD;0.91978;0.01;2024.07.19 10:04:35;0.91936;-0.08;-0.02;-0.31
2024.07.19 03:15:02;Buy;0.01;AUDCAD;0.91813;0.01;2024.07.19 10:04:30;0.91938;-0.08;;0.91
2024.07.18 17:30:05;Sell;0.01;AUDCAD;0.92226;0.01;2024.07.18 17:47:20;0.92187;-0.08;;0.28
2024.07.18 05:55:02;Sell;0.01;AUDCAD;0.92173;0.01;2024.07.18 06:17:23;0.92132;-0.08;;0.3
2024.07.18 03:55:04;Buy;0.01;AUDCAD;0.91978;0.01;2024.07.18 04:30:10;0.92076;-0.08;;0.72
2024.07.17 17:10:03;Buy;0.01;AUDCAD;0.92037;0.01;2024.07.17 17:45:06;0.9208;-0.08;;0.31
2024.07.17 12:40:06;Sell;0.01;AUDCAD;0.92246;0.01;2024.07.17 13:20:24;0.92207;-0.08;;0.29
2024.07.17 11:55:02;Sell;0.01;AUDCAD;0.92246;0.01;2024.07.17 12:06:52;0.92204;-0.08;;0.31
2024.07.16 14:25:00;Buy;0.01;AUDCAD;0.92222;0.01;2024.07.17 05:00:25;0.92174;-0.08;-0.02;-0.35
2024.07.16 16:15:05;Buy;0.01;AUDCAD;0.9204;0.01;2024.07.17 05:00:20;0.92169;-0.08;-0.02;0.94
2024.07.16 11:05:08;Buy;0.01;AUDCAD;0.92246;0.01;2024.07.16 12:58:57;0.92286;-0.08;;0.29
2024.07.16 03:45:11;Buy;0.01;AUDCAD;0.92386;0.01;2024.07.16 10:20:11;0.92343;-0.08;;-0.31
2024.07.16 08:10:10;Buy;0.01;AUDCAD;0.92232;0.01;2024.07.16 10:20:06;0.92347;-0.08;;0.84
2024.07.15 18:10:03;Sell;0.01;AUDCAD;0.92584;0.01;2024.07.15 19:11:37;0.92545;-0.08;;0.29
2024.07.15 10:45:03;Sell;0.01;AUDCAD;0.92547;0.01;2024.07.15 11:52:06;0.92508;-0.08;;0.29
2024.07.15 05:45:09;Sell;0.01;AUDCAD;0.92506;0.01;2024.07.15 09:15:57;0.92464;-0.08;;0.31
2024.07.12 16:00:09;Sell;0.01;AUDCAD;0.92366;0.01;2024.07.15 00:58:53;0.92401;-0.08;-0.01;-0.26
2024.07.12 22:00:07;Sell;0.01;AUDCAD;0.9252;0.01;2024.07.15 00:58:53;0.92401;-0.08;-0.01;0.87
2024.07.12 15:25:07;Sell;0.01;AUDCAD;0.92322;0.01;2024.07.12 15:30:04;0.9225;-0.08;;0.53
2024.07.12 11:40:02;Sell;0.01;AUDCAD;0.92278;0.01;2024.07.12 11:48:49;0.92237;-0.08;;0.3
2024.07.12 02:55:06;Sell;0.01;AUDCAD;0.92242;0.01;2024.07.12 03:02:06;0.92195;-0.08;;0.34
2024.07.11 20:25:09;Sell;0.01;AUDCAD;0.9225;0.01;2024.07.11 20:37:55;0.92207;-0.08;;0.32
2024.07.11 19:00:00;Sell;0.01;AUDCAD;0.92244;0.01;2024.07.11 19:18:36;0.92203;-0.08;;0.3
2024.07.11 17:40:02;Sell;0.01;AUDCAD;0.92247;0.01;2024.07.11 18:27:34;0.92208;-0.08;;0.29
2024.07.11 17:05:00;Sell;0.01;AUDCAD;0.92325;0.01;2024.07.11 17:10:50;0.92279;-0.08;;0.34
2024.07.11 04:45:00;Sell;0.01;AUDCAD;0.91998;0.01;2024.07.11 16:31:30;0.92209;-0.08;;-1.55
2024.07.11 15:30:09;Sell;0.01;AUDCAD;0.92248;0.01;2024.07.11 16:31:29;0.92209;-0.08;;0.29
2024.07.11 16:10:00;Sell;0.01;AUDCAD;0.92469;0.01;2024.07.11 16:31:29;0.92209;-0.08;;1.9100000000000001
2024.07.10 10:25:00;Sell;0.01;AUDCAD;0.92012;0.01;2024.07.10 10:49:10;0.91972;-0.08;;0.29
2024.07.09 18:10:08;Buy;0.01;AUDCAD;0.91779;0.01;2024.07.09 18:44:48;0.91818;-0.08;;0.29
2024.07.08 11:15:03;Buy;0.01;AUDCAD;0.9189;0.01;2024.07.08 14:12:29;0.91932;-0.08;;0.31
2024.07.05 18:05:07;Sell;0.01;AUDCAD;0.9184;0.01;2024.07.08 11:15:15;0.91888;-0.08;-0.01;-0.35
2024.07.05 21:20:02;Sell;0.01;AUDCAD;0.92004;0.01;2024.07.08 11:15:15;0.91888;-0.08;-0.01;0.85
2024.07.05 17:25:02;Sell;0.01;AUDCAD;0.9182;0.01;2024.07.05 17:34:59;0.91779;-0.08;;0.3
2024.07.05 16:00:06;Sell;0.01;AUDCAD;0.91742;0.01;2024.07.05 16:51:33;0.91781;-0.08;;-0.29
2024.07.05 16:30:00;Sell;0.01;AUDCAD;0.91907;0.01;2024.07.05 16:51:28;0.91782;-0.08;;0.92
2024.07.05 15:25:02;Sell;0.01;AUDCAD;0.91731;0.01;2024.07.05 15:30:01;0.91647;-0.08;;0.62
2024.07.05 05:05:04;Sell;0.01;AUDCAD;0.91675;0.01;2024.07.05 06:49:41;0.91635;-0.08;;0.29
2024.07.05 04:20:03;Sell;0.01;AUDCAD;0.9168;0.01;2024.07.05 04:29:21;0.91639;-0.08;;0.3
2024.07.04 13:10:04;Sell;0.01;AUDCAD;0.91621;0.01;2024.07.04 15:35:17;0.91577;-0.08;;0.32
2024.07.04 03:50:06;Sell;0.01;AUDCAD;0.91522;0.01;2024.07.04 09:30:25;0.91483;-0.08;;0.29
2024.07.04 01:50:12;Sell;0.01;AUDCAD;0.91503;0.01;2024.07.04 02:36:44;0.91462;-0.08;;0.3
2024.07.03 16:40:06;Sell;0.01;AUDCAD;0.91358;0.01;2024.07.03 20:30:52;0.91452;-0.08;;-0.69
2024.07.03 17:10:01;Sell;0.01;AUDCAD;0.91615;0.01;2024.07.03 20:30:47;0.91451;-0.08;;1.2
2024.07.03 15:25:08;Buy;0.01;AUDCAD;0.91164;0.01;2024.07.03 15:31:45;0.91204;-0.08;;0.29
2024.07.03 10:15:08;Sell;0.01;AUDCAD;0.91367;0.01;2024.07.03 10:59:50;0.91327;-0.08;;0.29
2024.07.03 06:35:01;Sell;0.01;AUDCAD;0.9134;0.01;2024.07.03 08:16:46;0.913;-0.08;;0.29
2024.07.03 05:25:19;Sell;0.01;AUDCAD;0.91333;0.01;2024.07.03 05:41:12;0.91293;-0.08;;0.29
2024.07.03 04:35:00;Sell;0.01;AUDCAD;0.91317;0.01;2024.07.03 04:54:27;0.91274;-0.08;;0.31
2024.07.02 18:05:08;Buy;0.01;AUDCAD;0.91216;0.01;2024.07.03 03:30:04;0.91257;-0.08;-0.02;0.3
2024.07.02 17:15:03;Buy;0.01;AUDCAD;0.9122;0.01;2024.07.02 17:30:26;0.91264;-0.08;;0.32
2024.07.02 09:30:01;Buy;0.01;AUDCAD;0.91273;0.01;2024.07.02 10:08:29;0.91313;-0.08;;0.29
2024.07.02 05:55:06;Buy;0.01;AUDCAD;0.91286;0.01;2024.07.02 06:41:07;0.91328;-0.08;;0.31
2024.07.01 23:35:00;Sell;0.01;AUDCAD;0.91461;0.01;2024.07.02 02:00:49;0.91422;-0.08;-0.01;0.28
2024.07.01 20:30:00;Sell;0.01;AUDCAD;0.91452;0.01;2024.07.01 21:24:11;0.91408;-0.08;;0.32
2024.07.01 19:10:11;Sell;0.01;AUDCAD;0.91442;0.01;2024.07.01 19:56:31;0.914;-0.08;;0.31
2024.07.01 18:15:00;Sell;0.01;AUDCAD;0.9142;0.01;2024.07.01 18:39:43;0.91368;-0.08;;0.38
2024.07.01 16:30:05;Sell;0.01;AUDCAD;0.91382;0.01;2024.07.01 17:11:20;0.91422;-0.08;;-0.29
2024.07.01 17:00:03;Sell;0.01;AUDCAD;0.91536;0.01;2024.07.01 17:11:15;0.91421;-0.08;;0.84
2024.07.01 10:30:09;Sell;0.01;AUDCAD;0.91291;0.01;2024.07.01 15:41:30;0.91254;-0.08;;0.27
2024.07.01 07:50:09;Buy;0.01;AUDCAD;0.91132;0.01;2024.07.01 09:08:47;0.91172;-0.08;;0.29
2024.06.28 12:35:08;Sell;0.01;AUDCAD;0.91114;0.01;2024.07.01 03:48:31;0.91184;-0.08;-0.01;-0.51
2024.06.28 15:35:08;Sell;0.01;AUDCAD;0.9132;0.01;2024.07.01 03:48:26;0.91183;-0.08;-0.01;1
2024.06.28 06:45:08;Buy;0.01;AUDCAD;0.90954;0.01;2024.06.28 11:33:30;0.90993;-0.08;;0.28
2024.06.28 06:10:00;Buy;0.01;AUDCAD;0.9094;0.01;2024.06.28 06:12:32;0.9098;-0.08;;0.29
2024.06.28 04:15:00;Buy;0.01;AUDCAD;0.9099;0.01;2024.06.28 05:18:18;0.91029;-0.08;;0.28
2024.06.27 18:20:04;Buy;0.01;AUDCAD;0.91069;0.01;2024.06.28 02:41:28;0.91111;-0.08;-0.02;0.31
2024.06.27 14:20:06;Buy;0.01;AUDCAD;0.91076;0.01;2024.06.27 15:14:36;0.91118;-0.08;;0.31
2024.06.27 06:25:07;Sell;0.01;AUDCAD;0.91211;0.01;2024.06.27 11:28:30;0.9117;-0.08;;0.3
2024.06.26 16:25:00;Buy;0.01;AUDCAD;0.91015;0.01;2024.06.26 16:47:09;0.91058;-0.08;;0.31
2024.06.26 05:45:06;Sell;0.01;AUDCAD;0.91102;0.01;2024.06.26 13:19:29;0.91157;-0.08;;-0.4
2024.06.26 08:25:04;Sell;0.01;AUDCAD;0.9128;0.01;2024.06.26 13:19:24;0.91154;-0.08;;0.92
2024.06.26 05:10:04;Sell;0.01;AUDCAD;0.91172;0.01;2024.06.26 05:14:32;0.91132;-0.08;;0.29
2024.06.26 04:35:06;Sell;0.01;AUDCAD;0.9105;0.01;2024.06.26 04:40:13;0.9101;-0.08;;0.29
2024.06.25 16:00:10;Buy;0.01;AUDCAD;0.90763;0.01;2024.06.25 22:01:39;0.90802;-0.08;;0.29
2024.06.25 15:30:04;Buy;0.01;AUDCAD;0.90664;0.01;2024.06.25 15:30:24;0.90715;-0.08;;0.37
2024.06.25 09:30:00;Sell;0.01;AUDCAD;0.90988;0.01;2024.06.25 12:05:24;0.90948;-0.08;;0.29
2024.06.24 17:10:04;Sell;0.01;AUDCAD;0.91089;0.01;2024.06.24 17:20:46;0.91048;-0.08;;0.3
2024.06.21 16:55:01;Buy;0.01;AUDCAD;0.91055;0.01;2024.06.24 10:57:05;0.91019;-0.08;-0.02;-0.26
2024.06.24 02:20:07;Buy;0.01;AUDCAD;0.90907;0.01;2024.06.24 10:57:00;0.91018;-0.08;;0.81
2024.06.21 14:55:14;Sell;0.01;AUDCAD;0.91236;0.01;2024.06.21 16:16:01;0.91197;-0.08;;0.28
2024.06.20 18:05:05;Buy;0.01;AUDCAD;0.91274;0.01;2024.06.21 14:55:13;0.91236;-0.08;-0.02;-0.28
2024.06.20 19:35:07;Buy;0.01;AUDCAD;0.91118;0.01;2024.06.21 14:55:12;0.91236;-0.08;-0.02;0.86
2024.06.18 15:40:08;Sell;0.01;AUDCAD;0.90993;0.01;2024.06.20 18:10:38;0.9123;-0.08;-0.03;-1.73
2024.06.18 17:00:08;Sell;0.01;AUDCAD;0.91147;0.01;2024.06.20 18:10:38;0.9123;-0.08;-0.03;-0.61
2024.06.19 01:35:00;Sell;0.01;AUDCAD;0.91333;0.01;2024.06.20 18:10:38;0.9123;-0.08;-0.02;0.75
2024.06.19 09:45:00;Sell;0.01;AUDCAD;0.9155;0.01;2024.06.20 18:10:38;0.9123;-0.08;-0.02;2.34
2024.06.20 15:50:09;Buy;0.01;AUDCAD;0.91337;0.01;2024.06.20 17:31:53;0.91381;-0.08;;0.32
2024.06.20 09:10:06;Buy;0.01;AUDCAD;0.91371;0.01;2024.06.20 09:17:59;0.91414;-0.08;;0.31
2024.06.18 11:45:06;Sell;0.01;AUDCAD;0.90956;0.01;2024.06.18 14:54:58;0.90914;-0.08;;0.31
2024.06.18 08:20:07;Sell;0.01;AUDCAD;0.90893;0.01;2024.06.18 10:42:32;0.90932;-0.08;;-0.28
2024.06.18 09:35:00;Sell;0.01;AUDCAD;0.91046;0.01;2024.06.18 10:42:32;0.90932;-0.08;;0.83
2024.06.18 07:35:00;Sell;0.01;AUDCAD;0.90857;0.01;2024.06.18 07:50:19;0.90813;-0.08;;0.32
2024.06.17 14:40:01;Buy;0.01;AUDCAD;0.90661;0.01;2024.06.17 16:48:48;0.90702;-0.08;;0.3
2024.06.14 16:20:07;Buy;0.01;AUDCAD;0.90934;0.01;2024.06.17 10:31:58;0.90769;-0.08;-0.02;-1.2
2024.06.14 21:20:03;Buy;0.01;AUDCAD;0.90779;0.01;2024.06.17 10:31:58;0.90769;-0.08;-0.02;-0.07
2024.06.17 09:40:07;Buy;0.02;AUDCAD;0.90599;0.02;2024.06.17 10:31:58;0.90769;-0.14;;2.48
2024.06.14 15:35:02;Buy;0.01;AUDCAD;0.90932;0.01;2024.06.14 15:48:42;0.90974;-0.08;;0.31
2024.06.14 12:55:05;Buy;0.01;AUDCAD;0.90951;0.01;2024.06.14 13:33:48;0.90992;-0.08;;0.3
2024.06.14 11:55:03;Buy;0.01;AUDCAD;0.90972;0.01;2024.06.14 12:22:58;0.91016;-0.08;;0.32
2024.06.14 10:10:00;Buy;0.01;AUDCAD;0.90978;0.01;2024.06.14 11:21:16;0.91022;-0.08;;0.32
2024.06.14 09:10:07;Buy;0.01;AUDCAD;0.90986;0.01;2024.06.14 09:39:43;0.9103;-0.08;;0.32
2024.06.14 07:50:08;Buy;0.01;AUDCAD;0.91083;0.01;2024.06.14 08:36:39;0.91122;-0.08;;0.28
2024.06.14 06:45:00;Buy;0.01;AUDCAD;0.91093;0.01;2024.06.14 07:06:50;0.91133;-0.08;;0.29
2024.06.13 19:05:02;Buy;0.01;AUDCAD;0.91244;0.01;2024.06.14 06:15:51;0.91203;-0.08;-0.02;-0.3
2024.06.14 03:10:05;Buy;0.01;AUDCAD;0.91083;0.01;2024.06.14 06:15:51;0.91204;-0.08;;0.88
2024.06.13 17:35:06;Buy;0.01;AUDCAD;0.91272;0.01;2024.06.13 17:51:53;0.91314;-0.08;;0.31
2024.06.13 15:30:25;Sell;0.01;AUDCAD;0.91499;0.01;2024.06.13 15:37:21;0.91459;-0.08;;0.29
2024.06.13 09:00:06;Buy;0.01;AUDCAD;0.91278;0.01;2024.06.13 09:21:19;0.9132;-0.08;;0.31
2024.06.13 04:35:10;Sell;0.01;AUDCAD;0.91493;0.01;2024.06.13 04:38:02;0.91449;-0.08;;0.32
2024.06.12 15:35:07;Sell;0.01;AUDCAD;0.91447;0.01;2024.06.12 21:52:41;0.91491;-0.08;;-0.32
2024.06.12 16:30:05;Sell;0.01;AUDCAD;0.91609;0.01;2024.06.12 21:52:41;0.91491;-0.08;;0.86
2024.06.12 08:35:01;Sell;0.01;AUDCAD;0.91007;0.01;2024.06.12 09:23:11;0.90966;-0.08;;0.3
2024.06.12 04:55:16;Sell;0.01;AUDCAD;0.90969;0.01;2024.06.12 05:05:11;0.90929;-0.08;;0.29
2024.06.11 16:10:05;Sell;0.01;AUDCAD;0.91006;0.01;2024.06.11 16:19:03;0.90967;-0.08;;0.28
2024.06.11 05:40:12;Buy;0.01;AUDCAD;0.9077;0.01;2024.06.11 06:54:11;0.90811;-0.08;;0.3
2024.06.10 16:50:03;Sell;0.01;AUDCAD;0.90831;0.01;2024.06.11 05:31:45;0.90795;-0.08;-0.01;0.26
2024.06.10 15:25:09;Sell;0.01;AUDCAD;0.90819;0.01;2024.06.10 15:39:42;0.90777;-0.08;;0.31
2024.06.10 11:10:02;Sell;0.01;AUDCAD;0.90818;0.01;2024.06.10 11:36:40;0.90778;-0.08;;0.29
2024.06.10 07:25:12;Sell;0.01;AUDCAD;0.90769;0.01;2024.06.10 07:41:03;0.90724;-0.08;;0.33
2024.06.07 19:30:05;Buy;0.01;AUDCAD;0.90618;0.01;2024.06.10 05:14:26;0.90656;-0.08;-0.02;0.28
2024.06.07 18:10:02;Buy;0.01;AUDCAD;0.90535;0.01;2024.06.07 18:56:15;0.90576;-0.08;;0.3
2024.06.07 17:35:01;Buy;0.01;AUDCAD;0.90503;0.01;2024.06.07 17:38:55;0.90547;-0.08;;0.32
2024.06.07 16:55:00;Buy;0.01;AUDCAD;0.9053;0.01;2024.06.07 17:01:13;0.90571;-0.08;;0.3
2024.06.07 16:00:05;Buy;0.01;AUDCAD;0.90644;0.01;2024.06.07 16:21:41;0.90687;-0.08;;0.31
2024.06.07 15:30:16;Buy;0.01;AUDCAD;0.90833;0.01;2024.06.07 15:30:56;0.9091;-0.08;;0.56
2024.06.07 10:05:06;Sell;0.01;AUDCAD;0.91256;0.01;2024.06.07 11:02:16;0.91211;-0.08;;0.33
2024.06.07 07:30:02;Sell;0.01;AUDCAD;0.91232;0.01;2024.06.07 08:11:41;0.91192;-0.08;;0.29
2024.06.06 17:55:03;Sell;0.01;AUDCAD;0.91127;0.01;2024.06.07 03:37:49;0.91088;-0.08;-0.01;0.29
2024.06.06 16:05:00;Buy;0.01;AUDCAD;0.90928;0.01;2024.06.06 16:10:14;0.9097;-0.08;;0.31
2024.06.06 14:05:03;Buy;0.01;AUDCAD;0.90968;0.01;2024.06.06 15:30:25;0.91065;-0.08;;0.71
2024.06.06 11:00:02;Buy;0.01;AUDCAD;0.90999;0.01;2024.06.06 11:56:56;0.91037;-0.08;;0.28
2024.06.06 03:05:06;Sell;0.01;AUDCAD;0.91135;0.01;2024.06.06 05:57:36;0.91178;-0.08;;-0.31
2024.06.06 04:20:07;Sell;0.01;AUDCAD;0.91298;0.01;2024.06.06 05:57:36;0.91178;-0.08;;0.88
2024.06.05 17:30:01;Sell;0.01;AUDCAD;0.91103;0.01;2024.06.05 17:40:54;0.91064;-0.08;;0.28
2024.06.05 16:50:03;Sell;0.01;AUDCAD;0.91088;0.01;2024.06.05 17:00:41;0.91029;-0.08;;0.43
2024.06.05 13:20:00;Buy;0.01;AUDCAD;0.90906;0.01;2024.06.05 15:15:31;0.90949;-0.08;;0.31
2024.06.05 04:45:08;Sell;0.01;AUDCAD;0.91031;0.01;2024.06.05 09:35:52;0.90992;-0.08;;0.29
2024.06.04 12:05:05;Buy;0.01;AUDCAD;0.90943;0.01;2024.06.04 17:53:50;0.90912;-0.08;;-0.23
2024.06.04 17:15:02;Buy;0.01;AUDCAD;0.90792;0.01;2024.06.04 17:53:50;0.90912;-0.08;;0.88
2024.06.03 13:45:02;Sell;0.01;AUDCAD;0.9074;0.01;2024.06.04 12:11:40;0.90881;-0.08;-0.01;-1.03
2024.06.03 17:00:39;Sell;0.01;AUDCAD;0.90898;0.01;2024.06.04 12:11:40;0.90881;-0.08;-0.01;0.12
2024.06.03 17:30:06;Sell;0.01;AUDCAD;0.91096;0.01;2024.06.04 12:11:40;0.90881;-0.08;-0.01;1.5699999999999998
2024.06.04 09:45:01;Buy;0.01;AUDCAD;0.90963;0.01;2024.06.04 10:02:15;0.91003;-0.08;;0.29
2024.06.03 11:35:10;Sell;0.01;AUDCAD;0.90721;0.01;2024.06.03 11:42:31;0.90682;-0.08;;0.29
2024.06.03 06:55:11;Buy;0.01;AUDCAD;0.90573;0.01;2024.06.03 08:57:08;0.90618;-0.08;;0.33
2024.05.31 20:00:09;Buy;0.01;AUDCAD;0.90592;0.01;2024.05.31 22:52:19;0.90635;-0.08;;0.32
2024.05.31 19:15:06;Buy;0.01;AUDCAD;0.90544;0.01;2024.05.31 19:30:56;0.90588;-0.08;;0.32
2024.05.31 18:30:06;Buy;0.01;AUDCAD;0.90579;0.01;2024.05.31 18:42:46;0.90618;-0.08;;0.29
2024.05.31 17:55:08;Buy;0.01;AUDCAD;0.90648;0.01;2024.05.31 17:56:41;0.90696;-0.08;;0.35
2024.05.31 16:55:00;Sell;0.01;AUDCAD;0.90905;0.01;2024.05.31 17:00:01;0.90864;-0.08;;0.3
2024.05.31 15:35:10;Sell;0.01;AUDCAD;0.90904;0.01;2024.05.31 16:22:48;0.9086;-0.08;;0.32
2024.05.30 15:35:02;Sell;0.01;AUDCAD;0.90794;0.01;2024.05.30 17:38:24;0.90754;-0.08;;0.29
2024.05.30 14:35:01;Sell;0.01;AUDCAD;0.90794;0.01;2024.05.30 14:59:08;0.90753;-0.08;;0.3
2024.05.30 08:30:04;Buy;0.01;AUDCAD;0.90599;0.01;2024.05.30 10:40:20;0.9064;-0.08;;0.3
2024.05.29 17:25:05;Buy;0.01;AUDCAD;0.90668;0.01;2024.05.29 17:48:59;0.90713;-0.08;;0.33
2024.05.29 13:15:02;Buy;0.01;AUDCAD;0.90719;0.01;2024.05.29 16:52:29;0.9076;-0.08;;0.3
2024.05.29 09:25:00;Sell;0.01;AUDCAD;0.90896;0.01;2024.05.29 11:37:00;0.90855;-0.08;;0.3
2024.05.29 06:55:06;Sell;0.01;AUDCAD;0.9087;0.01;2024.05.29 07:15:44;0.90829;-0.08;;0.3
2024.05.29 05:15:09;Sell;0.01;AUDCAD;0.90865;0.01;2024.05.29 05:53:47;0.90822;-0.08;;0.31
2024.05.29 04:30:04;Sell;0.01;AUDCAD;0.90952;0.01;2024.05.29 04:30:24;0.90909;-0.08;;0.32
2024.05.28 21:25:01;Buy;0.01;AUDCAD;0.90713;0.01;2024.05.29 03:19:09;0.90752;-0.08;-0.02;0.29
2024.05.28 16:20:02;Sell;0.01;AUDCAD;0.90928;0.01;2024.05.28 16:49:54;0.90886;-0.08;;0.31
2024.05.28 14:40:09;Sell;0.01;AUDCAD;0.90853;0.01;2024.05.28 15:49:21;0.90811;-0.08;;0.31
2024.05.28 06:40:06;Sell;0.01;AUDCAD;0.90849;0.01;2024.05.28 08:32:28;0.90807;-0.08;;0.31
2024.05.27 12:15:04;Sell;0.01;AUDCAD;0.90744;0.01;2024.05.28 02:52:53;0.90704;-0.08;-0.01;0.29
2024.05.27 10:20:07;Sell;0.01;AUDCAD;0.90727;0.01;2024.05.27 10:39:08;0.90687;-0.08;;0.29
2024.05.24 18:35:00;Buy;0.01;AUDCAD;0.90571;0.01;2024.05.27 01:07:21;0.90614;-0.08;-0.02;0.31
2024.05.24 16:55:08;Buy;0.01;AUDCAD;0.90599;0.01;2024.05.24 18:01:52;0.90643;-0.08;;0.32
2024.05.24 12:35:01;Sell;0.01;AUDCAD;0.90771;0.01;2024.05.24 14:12:00;0.90732;-0.08;;0.28
2024.05.24 05:10:01;Buy;0.01;AUDCAD;0.90574;0.01;2024.05.24 06:57:54;0.90615;-0.08;;0.3
2024.05.24 03:35:07;Buy;0.01;AUDCAD;0.90601;0.01;2024.05.24 03:44:26;0.90641;-0.08;;0.29
2024.05.23 18:50:02;Sell;0.01;AUDCAD;0.90812;0.01;2024.05.23 19:13:34;0.9077;-0.08;;0.31
2024.05.23 14:50:06;Sell;0.01;AUDCAD;0.90771;0.01;2024.05.23 16:46:19;0.90718;-0.08;;0.39
2024.05.23 13:35:04;Sell;0.01;AUDCAD;0.90763;0.01;2024.05.23 14:19:51;0.90721;-0.08;;0.31
2024.05.23 10:10:01;Buy;0.01;AUDCAD;0.90562;0.01;2024.05.23 10:28:50;0.90598;-0.08;;0.26
2024.05.22 17:10:06;Buy;0.01;AUDCAD;0.90852;0.01;2024.05.23 07:03:10;0.90722;-0.08;-0.07;-0.95
2024.05.22 18:55:09;Buy;0.01;AUDCAD;0.90699;0.01;2024.05.23 07:03:10;0.90723;-0.08;-0.07;0.18
2024.05.22 21:30:01;Buy;0.01;AUDCAD;0.90508;0.01;2024.05.23 07:03:10;0.90722;-0.08;-0.07;1.56
2024.05.22 16:10:09;Buy;0.01;AUDCAD;0.90859;0.01;2024.05.22 16:27:17;0.90899;-0.08;;0.29
2024.05.22 05:10:00;Sell;0.01;AUDCAD;0.91048;0.01;2024.05.22 05:27:28;0.91007;-0.08;;0.3
2024.05.21 15:35:07;Sell;0.01;AUDCAD;0.91026;0.01;2024.05.21 17:57:43;0.90987;-0.08;;0.29
2024.05.21 14:45:05;Sell;0.01;AUDCAD;0.90957;0.01;2024.05.21 15:01:59;0.90914;-0.08;;0.32
2024.05.21 12:15:07;Sell;0.01;AUDCAD;0.90929;0.01;2024.05.21 12:39:52;0.9089;-0.08;;0.29
2024.05.21 06:10:09;Buy;0.01;AUDCAD;0.9077;0.01;2024.05.21 10:11:32;0.90818;-0.08;;0.35
2024.05.21 05:15:04;Buy;0.01;AUDCAD;0.90715;0.01;2024.05.21 05:26:10;0.90762;-0.08;;0.34
2024.05.20 15:10:08;Buy;0.01;AUDCAD;0.91003;0.01;2024.05.21 04:41:49;0.90963;-0.08;-0.02;-0.29
2024.05.20 15:40:08;Buy;0.01;AUDCAD;0.90852;0.01;2024.05.21 04:41:49;0.90963;-0.08;-0.02;0.81
2024.05.17 16:55:11;Sell;0.01;AUDCAD;0.90916;0.01;2024.05.20 15:16:26;0.90961;-0.08;-0.01;-0.33
2024.05.17 20:45:03;Sell;0.01;AUDCAD;0.91071;0.01;2024.05.20 15:16:26;0.90961;-0.08;-0.01;0.81
2024.05.17 11:15:00;Buy;0.01;AUDCAD;0.90771;0.01;2024.05.17 15:02:02;0.9081;-0.08;;0.29
2024.05.17 05:30:06;Buy;0.01;AUDCAD;0.90797;0.01;2024.05.17 08:06:41;0.9084;-0.08;;0.32
2024.05.16 15:40:09;Buy;0.01;AUDCAD;0.90882;0.01;2024.05.16 17:32:00;0.90921;-0.08;;0.29
2024.05.15 17:15:05;Sell;0.01;AUDCAD;0.90675;0.01;2024.05.16 16:08:01;0.90826;-0.08;-0.02;-1.11
2024.05.15 17:55:05;Sell;0.01;AUDCAD;0.90848;0.01;2024.05.16 16:08:01;0.90826;-0.08;-0.02;0.16
2024.05.15 20:55:01;Sell;0.01;AUDCAD;0.91029;0.01;2024.05.16 16:08:00;0.90823;-0.08;-0.02;1.51
2024.05.15 16:05:03;Sell;0.01;AUDCAD;0.90752;0.01;2024.05.15 16:16:40;0.90712;-0.08;;0.29
2024.05.15 15:35:00;Sell;0.01;AUDCAD;0.90749;0.01;2024.05.15 15:35:20;0.90705;-0.08;;0.32
2024.05.15 05:10:13;Sell;0.01;AUDCAD;0.9052;0.01;2024.05.15 09:32:38;0.9057;-0.08;;-0.37
2024.05.15 06:35:15;Sell;0.01;AUDCAD;0.90693;0.01;2024.05.15 09:32:37;0.9057;-0.08;;0.9
2024.05.14 19:55:03;Sell;0.01;AUDCAD;0.9044;0.01;2024.05.14 20:36:23;0.904;-0.08;;0.29
2024.05.14 18:50:08;Sell;0.01;AUDCAD;0.90452;0.01;2024.05.14 18:58:51;0.90411;-0.08;;0.3
2024.05.14 17:50:04;Sell;0.01;AUDCAD;0.90427;0.01;2024.05.14 17:58:07;0.90382;-0.08;;0.33
2024.05.14 15:30:06;Buy;0.01;AUDCAD;0.90163;0.01;2024.05.14 15:31:28;0.90208;-0.08;;0.33
2024.05.13 12:10:05;Sell;0.01;AUDCAD;0.90375;0.01;2024.05.13 18:05:15;0.90409;-0.08;;-0.25
2024.05.13 15:50:01;Sell;0.01;AUDCAD;0.9053;0.01;2024.05.13 18:05:15;0.90408;-0.08;;0.89
2024.05.13 04:40:09;Buy;0.01;AUDCAD;0.90188;0.01;2024.05.13 05:34:22;0.90228;-0.08;;0.29
2024.05.10 17:10:07;Buy;0.01;AUDCAD;0.90233;0.01;2024.05.10 19:00:32;0.90273;-0.08;;0.29
2024.05.10 16:05:02;Buy;0.01;AUDCAD;0.90213;0.01;2024.05.10 16:36:44;0.90253;-0.08;;0.29
2024.05.10 15:30:03;Buy;0.01;AUDCAD;0.90174;0.01;2024.05.10 15:31:15;0.90224;-0.08;;0.37
2024.05.10 05:20:04;Buy;0.01;AUDCAD;0.90362;0.01;2024.05.10 06:29:48;0.90402;-0.08;;0.29
2024.05.09 15:30:00;Sell;0.01;AUDCAD;0.90399;0.01;2024.05.10 04:48:17;0.90437;-0.08;-0.01;-0.28
2024.05.10 01:00:06;Sell;0.01;AUDCAD;0.90549;0.01;2024.05.10 04:48:17;0.90437;-0.08;;0.82
2024.05.09 09:45:04;Buy;0.01;AUDCAD;0.90208;0.01;2024.05.09 10:19:10;0.90251;-0.08;;0.31
2024.05.08 10:50:00;Buy;0.01;AUDCAD;0.90366;0.01;2024.05.08 18:47:08;0.90324;-0.08;;-0.31
2024.05.08 17:05:07;Buy;0.01;AUDCAD;0.90208;0.01;2024.05.08 18:47:08;0.90324;-0.08;;0.85
2024.05.08 04:10:07;Buy;0.01;AUDCAD;0.90365;0.01;2024.05.08 05:18:23;0.90405;-0.08;;0.29
2024.05.07 15:40:03;Sell;0.01;AUDCAD;0.905;0.01;2024.05.08 03:01:34;0.90456;-0.08;;0.32
2024.05.07 07:35:03;Buy;0.01;AUDCAD;0.90441;0.01;2024.05.07 14:00:12;0.90364;-0.08;;-0.56
2024.05.07 09:05:06;Buy;0.01;AUDCAD;0.9022;0.01;2024.05.07 14:00:11;0.90365;-0.08;;1.06
2024.05.02 19:30:00;Sell;0.01;AUDCAD;0.89706;0.01;2024.05.07 09:03:06;0.90221;-0.08;;-3.76
2024.05.03 03:50:05;Sell;0.01;AUDCAD;0.89859;0.01;2024.05.07 09:03:05;0.90221;-0.08;;-2.64
2024.05.03 15:31:00;Sell;0.02;AUDCAD;0.90362;0.02;2024.05.07 09:03:05;0.9022;-0.14;-0.02;2.07
2024.05.06 04:05:05;Sell;0.02;AUDCAD;0.90595;0.02;2024.05.07 09:03:05;0.9022;-0.14;-0.01;5.48
2024.05.06 18:15:02;Buy;0.01;AUDCAD;0.90435;0.01;2024.05.06 19:25:17;0.90475;-0.08;;0.29
2024.05.02 17:10:05;Buy;0.01;AUDCAD;0.89478;0.01;2024.05.02 17:22:52;0.89518;-0.08;;0.29
2024.05.01 17:20:04;Sell;0.01;AUDCAD;0.89324;0.01;2024.05.02 13:05:46;0.89559;-0.08;-0.01;-1.71
2024.05.01 21:45:04;Sell;0.01;AUDCAD;0.89546;0.01;2024.05.02 13:05:46;0.89559;-0.08;-0.01;-0.09
2024.05.02 08:55:02;Sell;0.02;AUDCAD;0.89746;0.02;2024.05.02 13:05:45;0.89559;-0.14;;2.73
2024.04.30 04:50:00;Buy;0.01;AUDCAD;0.89556;0.01;2024.05.01 18:08:15;0.89371;-0.08;-0.03;-1.34
2024.04.30 06:10:05;Buy;0.01;AUDCAD;0.89402;0.01;2024.05.01 18:08:15;0.8937;-0.08;-0.03;-0.23
2024.04.30 18:00:05;Buy;0.02;AUDCAD;0.89206;0.02;2024.05.01 18:08:15;0.8937;-0.14;-0.06;2.38
2024.04.25 09:40:00;Sell;0.02;AUDCAD;0.89196;0.02;2024.04.30 23:29:10;0.891615;-0.15000000000000002;-0.03;0.5
2024.04.23 18:10:08;Sell;0.01;AUDCAD;0.88526;0.01;2024.04.30 22:57:29;0.89167;-0.08;-0.01;-4.66
2024.04.24 03:30:01;Sell;0.01;AUDCAD;0.88678;0.01;2024.04.30 22:57:28;0.89167;-0.08;-0.01;-3.55
2024.04.24 04:30:29;Sell;0.01;AUDCAD;0.88967;0.01;2024.04.30 22:57:28;0.89167;-0.08;-0.01;-1.45
2024.04.29 04:40:11;Sell;0.03;AUDCAD;0.89532;0.03;2024.04.30 22:57:27;0.89166;-0.22;-0.01;7.98
2024.04.25 21:30:03;Buy;0.01;AUDCAD;0.89017;0.01;2024.04.26 01:00:14;0.89055;-0.08;-0.03;0.28
2024.04.25 19:20:04;Buy;0.01;AUDCAD;0.89037;0.01;2024.04.25 19:48:46;0.8908;-0.08;;0.31
2024.04.25 16:30:12;Buy;0.01;AUDCAD;0.89038;0.01;2024.04.25 16:34:16;0.89081;-0.08;;0.31
2024.04.25 15:45:35;Buy;0.01;AUDCAD;0.89061;0.01;2024.04.25 16:00:44;0.8911;-0.08;;0.36
2024.04.23 17:20:00;Sell;0.01;AUDCAD;0.88625;0.01;2024.04.23 17:26:12;0.88581;-0.08;;0.32
2024.04.23 16:45:47;Sell;0.01;AUDCAD;0.88579;0.01;2024.04.23 16:47:32;0.88534;-0.08;;0.33
2024.04.23 07:15:05;Sell;0.01;AUDCAD;0.8851;0.01;2024.04.23 07:51:22;0.88469;-0.08;;0.3
2024.04.23 05:05:09;Sell;0.01;AUDCAD;0.88469;0.01;2024.04.23 06:07:43;0.88427;-0.08;;0.31
2024.04.23 03:50:07;Sell;0.01;AUDCAD;0.88444;0.01;2024.04.23 04:27:55;0.88404;-0.08;;0.29
2024.04.22 15:45:05;Sell;0.01;AUDCAD;0.88408;0.01;2024.04.22 16:00:10;0.88362;-0.08;;0.34
2024.04.22 03:10:00;Sell;0.01;AUDCAD;0.88361;0.01;2024.04.22 06:18:56;0.88397;-0.08;;-0.26
2024.04.22 05:00:06;Sell;0.01;AUDCAD;0.88512;0.01;2024.04.22 06:18:56;0.88397;-0.08;;0.84
2024.04.20 15:44:17;Balance;;;;;;;;;-50
2024.04.19 18:00:02;Buy;0.01;AUDCAD;0.88158;0.01;2024.04.19 18:02:21;0.882;-0.08;;0.31
2024.04.18 18:40:01;Buy;0.01;AUDCAD;0.8852;0.01;2024.04.19 09:11:58;0.8823;-0.08;-0.03;-2.1
2024.04.19 03:20:11;Buy;0.01;AUDCAD;0.88361;0.01;2024.04.19 09:11:58;0.8823;-0.08;;-0.95
2024.04.19 04:10:05;Buy;0.01;AUDCAD;0.88121;0.01;2024.04.19 09:11:58;0.8823;-0.08;;0.79
2024.04.19 04:40:03;Buy;0.01;AUDCAD;0.87856;0.01;2024.04.19 09:11:57;0.88233;-0.08;;2.74
2024.04.18 17:40:03;Buy;0.01;AUDCAD;0.88529;0.01;2024.04.18 18:11:00;0.88568;-0.08;;0.28
2024.04.18 16:40:02;Buy;0.01;AUDCAD;0.88507;0.01;2024.04.18 17:06:18;0.88546;-0.08;;0.28
2024.04.18 15:35:09;Buy;0.01;AUDCAD;0.88568;0.01;2024.04.18 16:05:35;0.88613;-0.08;;0.33
2024.04.18 05:50:09;Sell;0.01;AUDCAD;0.88749;0.01;2024.04.18 06:36:45;0.88708;-0.08;;0.3
2024.04.17 19:05:09;Buy;0.01;AUDCAD;0.88566;0.01;2024.04.17 19:25:11;0.88607;-0.08;;0.3
2024.04.17 17:30:02;Buy;0.01;AUDCAD;0.88586;0.01;2024.04.17 17:56:57;0.88626;-0.08;;0.29
2024.04.17 16:15:08;Sell;0.01;AUDCAD;0.88791;0.01;2024.04.17 16:34:05;0.88747;-0.08;;0.32
2024.04.17 13:15:06;Sell;0.01;AUDCAD;0.88751;0.01;2024.04.17 13:37:10;0.88709;-0.08;;0.3
2024.04.17 12:30:09;Sell;0.01;AUDCAD;0.88745;0.01;2024.04.17 12:35:39;0.88702;-0.08;;0.31
2024.04.17 11:25:09;Sell;0.01;AUDCAD;0.88731;0.01;2024.04.17 12:00:45;0.8867;-0.08;;0.44
2024.04.17 09:25:08;Sell;0.01;AUDCAD;0.88728;0.01;2024.04.17 10:24:39;0.88687;-0.08;;0.3
2024.04.17 05:30:02;Sell;0.01;AUDCAD;0.8869;0.01;2024.04.17 07:32:50;0.88649;-0.08;;0.3
2024.04.17 04:25:05;Sell;0.01;AUDCAD;0.88689;0.01;2024.04.17 04:49:30;0.88645;-0.08;;0.32
2024.04.17 03:20:02;Sell;0.01;AUDCAD;0.88664;0.01;2024.04.17 03:35:29;0.88626;-0.08;;0.27
2024.04.16 15:35:04;Sell;0.01;AUDCAD;0.88735;0.01;2024.04.16 15:41:45;0.88695;-0.08;;0.29
2024.04.15 19:25:04;Buy;0.01;AUDCAD;0.88924;0.01;2024.04.16 15:35:55;0.88765;-0.08;-0.03;-1.15
2024.04.16 03:15:02;Buy;0.01;AUDCAD;0.88749;0.01;2024.04.16 15:35:55;0.88765;-0.08;;0.12
2024.04.16 04:20:09;Buy;0.01;AUDCAD;0.88525;0.01;2024.04.16 15:35:55;0.88765;-0.08;;1.74
2024.04.15 16:10:05;Buy;0.01;AUDCAD;0.89007;0.01;2024.04.15 18:55:18;0.88955;-0.08;;-0.38
2024.04.15 17:00:05;Buy;0.01;AUDCAD;0.88816;0.01;2024.04.15 18:55:18;0.88954;-0.08;;1
2024.04.15 15:30:32;Buy;0.01;AUDCAD;0.88936;0.01;2024.04.15 15:32:38;0.88982;-0.08;;0.33
2024.04.15 11:25:04;Buy;0.01;AUDCAD;0.89055;0.01;2024.04.15 12:12:31;0.89095;-0.08;;0.29
2024.04.15 06:35:08;Sell;0.01;AUDCAD;0.89213;0.01;2024.04.15 09:54:22;0.89173;-0.08;;0.29
2024.04.15 05:15:07;Sell;0.01;AUDCAD;0.8921;0.01;2024.04.15 05:23:18;0.8917;-0.08;;0.29
2024.04.12 12:45:10;Buy;0.01;AUDCAD;0.89364;0.01;2024.04.15 05:15:27;0.89214;-0.08;-0.03;-1.09
2024.04.12 15:15:09;Buy;0.01;AUDCAD;0.8919;0.01;2024.04.15 05:15:27;0.89214;-0.08;-0.03;0.17
2024.04.12 16:40:02;Buy;0.01;AUDCAD;0.88991;0.01;2024.04.15 05:15:27;0.89214;-0.08;-0.03;1.62
2024.04.12 10:20:07;Buy;0.01;AUDCAD;0.89356;0.01;2024.04.12 10:38:57;0.89397;-0.08;;0.3
2024.04.11 20:10:03;Sell;0.01;AUDCAD;0.89426;0.01;2024.04.12 09:40:05;0.89379;-0.08;;0.34
2024.04.11 18:40:07;Sell;0.01;AUDCAD;0.89407;0.01;2024.04.11 19:16:01;0.89367;-0.08;;0.29
2024.04.11 15:35:28;Sell;0.01;AUDCAD;0.89347;0.01;2024.04.11 17:07:33;0.89393;-0.08;;-0.34
2024.04.11 16:20:08;Sell;0.01;AUDCAD;0.89523;0.01;2024.04.11 17:07:33;0.89392;-0.08;;0.96
2024.04.10 15:30:41;Buy;0.01;AUDCAD;0.89573;0.01;2024.04.11 15:47:57;0.89402;-0.08;-0.09;-1.25
2024.04.10 16:10:10;Buy;0.01;AUDCAD;0.89392;0.01;2024.04.11 15:47:56;0.89402;-0.08;-0.09;0.07
2024.04.10 16:45:46;Buy;0.01;AUDCAD;0.8914;0.01;2024.04.11 15:47:56;0.89401;-0.08;-0.09;1.9100000000000001
2024.04.11 12:35:03;Sell;0.01;AUDCAD;0.89311;0.01;2024.04.11 12:41:27;0.89271;-0.08;;0.29
2024.04.11 11:00:05;Sell;0.01;AUDCAD;0.89303;0.01;2024.04.11 11:10:51;0.89262;-0.08;;0.3
2024.04.04 08:40:00;Sell;0.02;AUDCAD;0.89037;0.02;2024.04.10 16:46:09;0.8927;-0.15000000000000002;-0.04;-3.42
2024.04.04 18:15:03;Sell;0.02;AUDCAD;0.89296;0.02;2024.04.10 16:46:09;0.892715;-0.15000000000000002;-0.04;0.36
2024.04.03 17:20:04;Sell;0.01;AUDCAD;0.88473;0.01;2024.04.10 15:37:19;0.89415;-0.08;-0.01;-6.91
2024.04.03 18:35:10;Sell;0.01;AUDCAD;0.8864;0.01;2024.04.10 15:37:18;0.89413;-0.08;-0.01;-5.67
2024.04.03 19:40:02;Sell;0.01;AUDCAD;0.8882;0.01;2024.04.10 15:37:18;0.8941;-0.08;-0.01;-4.33
2024.04.08 16:30:05;Sell;0.03;AUDCAD;0.89616;0.03;2024.04.10 15:37:17;0.89409;-0.22;-0.02;4.55
2024.04.09 15:45:07;Sell;0.04;AUDCAD;0.89989;0.04;2024.04.10 15:37:17;0.8941;-0.28;-0.01;16.98
2024.04.10 05:30:06;Buy;0.01;AUDCAD;0.89812;0.01;2024.04.10 05:38:15;0.89853;-0.08;;0.3
2024.04.03 07:50:01;Sell;0.01;AUDCAD;0.88469;0.01;2024.04.03 09:27:50;0.88428;-0.08;;0.3
2024.04.03 07:10:01;Sell;0.01;AUDCAD;0.88466;0.01;2024.04.03 07:18:37;0.88426;-0.08;;0.29
2024.04.02 16:35:05;Sell;0.01;AUDCAD;0.88295;0.01;2024.04.03 03:31:58;0.8834;-0.08;;-0.33
2024.04.02 17:30:08;Sell;0.01;AUDCAD;0.88455;0.01;2024.04.03 03:31:58;0.8834;-0.08;;0.85
2024.04.02 11:15:02;Sell;0.01;AUDCAD;0.88227;0.01;2024.04.02 14:06:01;0.88188;-0.08;;0.29
2024.04.01 18:05:09;Buy;0.01;AUDCAD;0.88111;0.01;2024.04.02 04:35:14;0.8815;-0.08;-0.03;0.29
2024.04.01 17:05:01;Buy;0.01;AUDCAD;0.8813;0.01;2024.04.01 17:31:14;0.88171;-0.08;;0.3
2024.04.01 15:50:01;Sell;0.01;AUDCAD;0.88355;0.01;2024.04.01 16:19:47;0.88314;-0.08;;0.3
2024.04.01 08:45:04;Buy;0.01;AUDCAD;0.88182;0.01;2024.04.01 09:00:58;0.88222;-0.08;;0.3
2024.04.01 03:05:07;Sell;0.01;AUDCAD;0.88385;0.01;2024.04.01 03:39:19;0.88343;-0.08;;0.31
2024.04.01 01:05:00;Sell;0.01;AUDCAD;0.88376;0.01;2024.04.01 01:35:17;0.88334;-0.08;;0.31
2024.03.29 15:40:06;Sell;0.01;AUDCAD;0.88384;0.01;2024.03.29 18:02:39;0.88338;-0.08;;0.34
2024.03.28 10:15:05;Buy;0.01;AUDCAD;0.88552;0.01;2024.03.29 15:40:36;0.88437;-0.08;-0.03;-0.85
2024.03.28 11:10:07;Buy;0.01;AUDCAD;0.88383;0.01;2024.03.29 15:40:36;0.88437;-0.08;-0.03;0.4
2024.03.28 15:30:10;Buy;0.01;AUDCAD;0.88184;0.01;2024.03.29 15:40:36;0.88438;-0.08;-0.03;1.88
2024.03.28 09:35:05;Buy;0.01;AUDCAD;0.88545;0.01;2024.03.28 09:44:04;0.88587;-0.08;;0.31
2024.03.28 05:20:08;Sell;0.01;AUDCAD;0.88746;0.01;2024.03.28 06:44:48;0.88706;-0.08;;0.29
2024.03.27 16:40:04;Buy;0.01;AUDCAD;0.88601;0.01;2024.03.27 17:25:43;0.88641;-0.08;;0.29
2024.03.27 04:20:08;Buy;0.01;AUDCAD;0.88659;0.01;2024.03.27 07:45:20;0.88699;-0.08;;0.29
2024.03.27 03:35:08;Buy;0.01;AUDCAD;0.88631;0.01;2024.03.27 03:49:36;0.88676;-0.08;;0.33
2024.03.26 17:20:07;Buy;0.01;AUDCAD;0.88718;0.01;2024.03.26 19:45:31;0.88759;-0.08;;0.3
2024.03.26 16:40:07;Buy;0.01;AUDCAD;0.88751;0.01;2024.03.26 16:49:49;0.88791;-0.08;;0.29
2024.03.26 15:50:01;Buy;0.01;AUDCAD;0.88763;0.01;2024.03.26 16:09:54;0.88802;-0.08;;0.29
2024.03.26 12:40:08;Sell;0.01;AUDCAD;0.88929;0.01;2024.03.26 14:52:36;0.88889;-0.08;;0.29
2024.03.26 05:25:02;Sell;0.01;AUDCAD;0.88929;0.01;2024.03.26 05:54:12;0.88887;-0.08;;0.31
2024.03.26 04:20:03;Sell;0.01;AUDCAD;0.8893;0.01;2024.03.26 04:50:08;0.88891;-0.08;;0.29
2024.03.25 16:40:03;Sell;0.01;AUDCAD;0.88835;0.01;2024.03.25 17:38:21;0.88797;-0.08;;0.28
2024.03.25 04:20:05;Sell;0.01;AUDCAD;0.88748;0.01;2024.03.25 09:51:29;0.88709;-0.08;;0.29
2024.03.21 19:35:05;Buy;0.01;AUDCAD;0.88926;0.01;2024.03.25 04:15:27;0.88803;-0.08;-0.06;-0.9
2024.03.22 04:50:01;Buy;0.01;AUDCAD;0.8875;0.01;2024.03.25 04:15:27;0.88805;-0.08;-0.03;0.4
2024.03.22 05:40:04;Buy;0.01;AUDCAD;0.88564;0.01;2024.03.25 04:15:26;0.88809;-0.08;-0.03;1.8
2024.03.22 19:45:02;Sell;0.01;AUDCAD;0.8867;0.01;2024.03.22 22:24:18;0.88628;-0.08;;0.31
2024.03.22 18:05:01;Sell;0.01;AUDCAD;0.88662;0.01;2024.03.22 18:54:20;0.88622;-0.08;;0.29
2024.03.21 16:45:04;Buy;0.01;AUDCAD;0.88994;0.01;2024.03.21 19:01:37;0.88952;-0.08;;-0.31
2024.03.21 17:40:09;Buy;0.01;AUDCAD;0.88834;0.01;2024.03.21 19:01:36;0.88951;-0.08;;0.86
2024.03.20 21:45:03;Sell;0.01;AUDCAD;0.88696;0.01;2024.03.21 16:47:56;0.88949;-0.08;-0.01;-1.87
2024.03.20 23:50:05;Sell;0.01;AUDCAD;0.88856;0.01;2024.03.21 16:47:56;0.88949;-0.08;-0.01;-0.69
2024.03.21 03:35:05;Sell;0.01;AUDCAD;0.89069;0.01;2024.03.21 16:47:56;0.88949;-0.08;;0.89
2024.03.21 10:30:00;Sell;0.01;AUDCAD;0.89291;0.01;2024.03.21 16:47:56;0.88949;-0.08;;2.5300000000000002
2024.03.20 20:45:06;Buy;0.01;AUDCAD;0.88517;0.01;2024.03.20 21:00:28;0.88576;-0.08;;0.44
2024.03.20 13:25:00;Buy;0.01;AUDCAD;0.88562;0.01;2024.03.20 13:32:00;0.88607;-0.08;;0.33
2024.03.20 04:50:09;Sell;0.01;AUDCAD;0.88714;0.01;2024.03.20 07:11:51;0.88674;-0.08;;0.29
2024.03.19 15:35:06;Sell;0.01;AUDCAD;0.88651;0.01;2024.03.19 19:25:18;0.88613;-0.08;;0.28
2024.03.19 07:20:00;Buy;0.01;AUDCAD;0.88554;0.01;2024.03.19 15:30:05;0.88529;-0.08;;-0.18
2024.03.19 08:30:08;Buy;0.01;AUDCAD;0.884;0.01;2024.03.19 15:30:05;0.88526;-0.08;;0.93
2024.03.19 06:45:09;Buy;0.01;AUDCAD;0.88498;0.01;2024.03.19 06:49:30;0.8854;-0.08;;0.31
2024.03.18 19:15:07;Buy;0.01;AUDCAD;0.88798;0.01;2024.03.19 06:14:15;0.88839;-0.08;-0.03;0.3
2024.03.18 14:10:08;Sell;0.01;AUDCAD;0.88981;0.01;2024.03.18 15:20:39;0.88939;-0.08;;0.31
2024.03.15 16:40:03;Buy;0.01;AUDCAD;0.88794;0.01;2024.03.15 18:56:45;0.88836;-0.08;;0.31
2024.03.15 15:40:00;Buy;0.01;AUDCAD;0.88782;0.01;2024.03.15 15:53:35;0.88821;-0.08;;0.29
2024.03.15 11:00:02;Buy;0.01;AUDCAD;0.8884;0.01;2024.03.15 13:54:17;0.8888;-0.08;;0.3
2024.03.15 03:15:08;Buy;0.01;AUDCAD;0.88972;0.01;2024.03.15 08:53:45;0.88933;-0.08;;-0.29
2024.03.15 06:20:04;Buy;0.01;AUDCAD;0.88816;0.01;2024.03.15 08:53:45;0.88933;-0.08;;0.86
2024.03.06 09:10:04;Sell;0.01;AUDCAD;0.88587;0.01;2024.03.15 06:07:07;0.88817;-0.08;-0.02;-1.7
2024.03.06 16:30:05;Sell;0.01;AUDCAD;0.88775;0.01;2024.03.15 06:07:06;0.88817;-0.08;-0.02;-0.31
2024.03.07 09:55:08;Sell;0.02;AUDCAD;0.88992;0.02;2024.03.15 06:07:06;0.88817;-0.14;-0.07;2.58
2024.03.14 17:15:04;Buy;0.01;AUDCAD;0.89002;0.01;2024.03.14 19:13:45;0.89044;-0.08;;0.31
2024.03.06 04:45:02;Sell;0.01;AUDCAD;0.88426;0.01;2024.03.14 17:28:50;0.88988;-0.08;-0.02;-4.16
2024.03.08 11:45:03;Sell;0.03;AUDCAD;0.89252;0.03;2024.03.14 17:28:45;0.88984;-0.22;-0.06;5.95
2024.03.14 16:30:00;Buy;0.01;AUDCAD;0.89053;0.01;2024.03.14 16:41:08;0.89094;-0.08;;0.3
2024.03.14 15:30:02;Buy;0.01;AUDCAD;0.89091;0.01;2024.03.14 15:35:38;0.8913;-0.08;;0.29
2024.03.14 06:45:03;Buy;0.01;AUDCAD;0.89101;0.01;2024.03.14 07:33:05;0.89141;-0.08;;0.3
2024.03.13 12:35:05;Buy;0.01;AUDCAD;0.89087;0.01;2024.03.13 12:46:32;0.8913;-0.08;;0.32
2024.03.12 17:40:06;Buy;0.01;AUDCAD;0.8904;0.01;2024.03.12 18:54:17;0.89084;-0.08;;0.33
2024.03.12 17:05:08;Buy;0.01;AUDCAD;0.89036;0.01;2024.03.12 17:06:59;0.89078;-0.08;;0.31
2024.03.12 15:30:08;Buy;0.01;AUDCAD;0.88967;0.01;2024.03.12 15:30:21;0.89023;-0.08;;0.41
2024.03.11 18:40:09;Buy;0.01;AUDCAD;0.89078;0.01;2024.03.11 18:55:43;0.89121;-0.08;;0.32
2024.03.11 11:30:07;Buy;0.01;AUDCAD;0.89124;0.01;2024.03.11 12:46:11;0.89163;-0.08;;0.29
2024.03.11 05:00:09;Buy;0.01;AUDCAD;0.8918;0.01;2024.03.11 10:01:30;0.8922;-0.08;;0.3
2024.03.05 19:10:12;Sell;0.01;AUDCAD;0.88367;0.01;2024.03.06 02:20:48;0.88326;-0.08;;0.3
2024.03.05 17:10:00;Sell;0.01;AUDCAD;0.88321;0.01;2024.03.05 18:34:28;0.8836;-0.08;;-0.29
2024.03.05 18:00:09;Sell;0.01;AUDCAD;0.88478;0.01;2024.03.05 18:34:28;0.8836;-0.08;;0.87
2024.03.05 07:35:08;Buy;0.01;AUDCAD;0.88243;0.01;2024.03.05 12:41:49;0.88202;-0.08;;-0.3
2024.03.05 08:40:00;Buy;0.01;AUDCAD;0.88081;0.01;2024.03.05 12:41:49;0.882;-0.08;;0.88
2024.03.05 04:50:06;Buy;0.01;AUDCAD;0.88291;0.01;2024.03.05 05:19:23;0.88334;-0.08;;0.32
2024.03.05 01:50:10;Buy;0.01;AUDCAD;0.88311;0.01;2024.03.05 02:04:43;0.88358;-0.08;;0.35
2024.03.01 17:00:05;Sell;0.01;AUDCAD;0.88398;0.01;2024.03.04 03:55:04;0.88439;-0.08;;-0.3
2024.03.01 21:45:09;Sell;0.01;AUDCAD;0.88554;0.01;2024.03.04 03:55:03;0.88439;-0.08;;0.85
2024.03.01 15:40:09;Buy;0.01;AUDCAD;0.88188;0.01;2024.03.01 15:48:52;0.8823;-0.08;;0.31
2024.03.01 08:15:07;Sell;0.01;AUDCAD;0.88375;0.01;2024.03.01 08:43:31;0.88335;-0.08;;0.29
2024.03.01 05:55:11;Sell;0.01;AUDCAD;0.88342;0.01;2024.03.01 06:47:12;0.88302;-0.08;;0.29
2024.02.29 18:55:09;Buy;0.01;AUDCAD;0.88226;0.01;2024.03.01 02:09:34;0.88265;-0.08;-0.03;0.29
2024.02.29 17:05:09;Sell;0.01;AUDCAD;0.88419;0.01;2024.02.29 17:16:13;0.88377;-0.08;;0.31
2024.02.29 13:50:03;Buy;0.01;AUDCAD;0.88245;0.01;2024.02.29 15:30:45;0.88281;-0.08;;0.27
2024.02.29 03:30:03;Sell;0.01;AUDCAD;0.88303;0.01;2024.02.29 11:14:07;0.88344;-0.08;;-0.3
2024.02.29 06:10:09;Sell;0.01;AUDCAD;0.88462;0.01;2024.02.29 11:14:07;0.88344;-0.08;;0.87
2024.02.28 04:40:05;Buy;0.01;AUDCAD;0.8839;0.01;2024.02.29 04:23:33;0.88352;-0.08;-0.09;-0.28
2024.02.28 08:55:00;Buy;0.01;AUDCAD;0.88238;0.01;2024.02.29 04:23:33;0.88352;-0.08;-0.09;0.84
2024.02.27 18:05:08;Sell;0.01;AUDCAD;0.88511;0.01;2024.02.28 03:02:30;0.88471;-0.08;;0.3
2024.02.27 17:00:03;Sell;0.01;AUDCAD;0.88485;0.01;2024.02.27 17:05:38;0.88439;-0.08;;0.34
2024.02.27 08:55:08;Sell;0.01;AUDCAD;0.88421;0.01;2024.02.27 12:29:28;0.88382;-0.08;;0.29
2024.02.26 16:10:01;Buy;0.01;AUDCAD;0.88456;0.01;2024.02.27 08:39:55;0.88411;-0.08;-0.03;-0.33
2024.02.26 20:50:04;Buy;0.01;AUDCAD;0.88296;0.01;2024.02.27 08:39:55;0.8841;-0.08;-0.03;0.84
2024.02.26 01:40:00;Sell;0.01;AUDCAD;0.88676;0.01;2024.02.26 02:06:31;0.88636;-0.08;;0.3
2024.02.23 20:55:00;Sell;0.01;AUDCAD;0.8864;0.01;2024.02.23 22:17:30;0.886;-0.08;;0.3
2024.02.23 18:30:08;Sell;0.01;AUDCAD;0.88641;0.01;2024.02.23 19:59:15;0.88602;-0.08;;0.29
2024.02.23 03:15:08;Sell;0.01;AUDCAD;0.88523;0.01;2024.02.23 11:23:08;0.88483;-0.08;;0.3
2024.02.22 17:05:00;Buy;0.01;AUDCAD;0.88383;0.01;2024.02.22 20:37:52;0.88423;-0.08;;0.3
2024.02.22 08:35:00;Sell;0.01;AUDCAD;0.88518;0.01;2024.02.22 16:02:29;0.8848;-0.08;;0.28
2024.02.22 03:40:06;Buy;0.01;AUDCAD;0.88385;0.01;2024.02.22 06:56:15;0.88427;-0.08;;0.31
2024.02.20 11:20:09;Sell;0.02;AUDCAD;0.88343;0.02;2024.02.22 03:39:57;0.883725;-0.15000000000000002;-0.02;-0.44
2024.02.21 23:35:09;Sell;0.01;AUDCAD;0.88501;0.01;2024.02.22 03:39:57;0.88385;-0.08;-0.01;0.86
2024.02.21 17:00:03;Buy;0.01;AUDCAD;0.8852;0.01;2024.02.21 23:28:04;0.88472;-0.08;;-0.36
2024.02.21 19:25:00;Buy;0.01;AUDCAD;0.88356;0.01;2024.02.21 23:28:04;0.88473;-0.08;;0.87
2024.02.16 18:00:04;Sell;0.01;AUDCAD;0.87991;0.01;2024.02.21 19:22:16;0.8836;-0.08;;-2.73
2024.02.16 20:50:00;Sell;0.01;AUDCAD;0.88161;0.01;2024.02.21 19:22:16;0.8836;-0.08;;-1.47
2024.02.20 15:35:01;Sell;0.02;AUDCAD;0.88674;0.02;2024.02.21 19:22:15;0.8836;-0.14;-0.01;4.65
2024.02.16 17:20:05;Sell;0.01;AUDCAD;0.87978;0.01;2024.02.16 17:29:09;0.87932;-0.08;;0.34
2024.02.16 16:15:00;Buy;0.01;AUDCAD;0.87785;0.01;2024.02.16 16:55:56;0.87832;-0.08;;0.35
2024.02.16 15:35:09;Buy;0.01;AUDCAD;0.87767;0.01;2024.02.16 15:45:34;0.8781;-0.08;;0.32
2024.02.16 09:15:12;Sell;0.01;AUDCAD;0.87972;0.01;2024.02.16 09:47:58;0.87932;-0.08;;0.3
2024.02.15 18:45:08;Buy;0.01;AUDCAD;0.87852;0.01;2024.02.16 07:04:15;0.8789;-0.08;-0.03;0.28
2024.02.15 16:40:07;Sell;0.01;AUDCAD;0.88049;0.01;2024.02.15 16:45:07;0.88006;-0.08;;0.32
2024.02.15 13:05:05;Sell;0.01;AUDCAD;0.87993;0.01;2024.02.15 16:09:53;0.88034;-0.08;;-0.3
2024.02.15 15:40:09;Sell;0.01;AUDCAD;0.88146;0.01;2024.02.15 16:09:52;0.88034;-0.08;;0.83
2024.02.15 09:25:01;Sell;0.01;AUDCAD;0.87946;0.01;2024.02.15 10:44:02;0.87905;-0.08;;0.3
2024.02.15 03:30:05;Buy;0.01;AUDCAD;0.87758;0.01;2024.02.15 03:33:36;0.87801;-0.08;;0.32
2024.02.14 16:30:06;Sell;0.01;AUDCAD;0.87782;0.01;2024.02.15 02:30:11;0.87876;-0.08;-0.01;-0.69
2024.02.14 19:50:13;Sell;0.01;AUDCAD;0.87951;0.01;2024.02.15 02:30:10;0.87831;-0.08;-0.01;0.89
2024.02.14 15:05:11;Sell;0.01;AUDCAD;0.87786;0.01;2024.02.14 15:57:40;0.87742;-0.08;;0.32
2024.02.14 08:10:03;Sell;0.01;AUDCAD;0.877;0.01;2024.02.14 12:28:09;0.87662;-0.08;;0.28
2024.02.13 21:25:04;Buy;0.01;AUDCAD;0.87532;0.01;2024.02.13 22:51:50;0.87573;-0.08;;0.3
2024.02.13 17:45:00;Buy;0.01;AUDCAD;0.87547;0.01;2024.02.13 18:25:17;0.87586;-0.08;;0.29
2024.02.13 16:45:08;Buy;0.01;AUDCAD;0.87595;0.01;2024.02.13 17:13:45;0.87637;-0.08;;0.31
2024.02.13 15:35:07;Buy;0.01;AUDCAD;0.87467;0.01;2024.02.13 16:13:30;0.8751;-0.08;;0.32
2024.02.13 06:30:06;Buy;0.01;AUDCAD;0.87709;0.01;2024.02.13 14:30:11;0.87747;-0.08;;0.28
2024.02.12 19:55:00;Sell;0.01;AUDCAD;0.879;0.01;2024.02.12 20:12:08;0.87859;-0.08;;0.31
2024.02.12 14:25:09;Sell;0.01;AUDCAD;0.87876;0.01;2024.02.12 15:32:38;0.87836;-0.08;;0.3
2024.02.09 17:30:01;Sell;0.01;AUDCAD;0.8767;0.01;2024.02.12 11:01:19;0.87709;-0.08;;-0.29
2024.02.09 18:50:06;Sell;0.01;AUDCAD;0.87823;0.01;2024.02.12 11:01:19;0.87709;-0.08;;0.85
2024.02.12 03:23:24;Balance;;;;;;;;;-50
2024.02.09 16:55:04;Sell;0.01;AUDCAD;0.87689;0.01;2024.02.09 16:58:30;0.87645;-0.08;;0.33
2024.02.09 16:00:06;Sell;0.01;AUDCAD;0.87641;0.01;2024.02.09 16:25:39;0.87601;-0.08;;0.3
2024.02.09 09:05:06;Sell;0.01;AUDCAD;0.87534;0.01;2024.02.09 15:30:02;0.87453;-0.08;;0.6
2024.02.07 19:05:08;Buy;0.01;AUDCAD;0.87848;0.01;2024.02.09 11:05:51;0.87629;-0.08;-0.12;-1.63
2024.02.08 08:15:08;Buy;0.01;AUDCAD;0.87693;0.01;2024.02.09 11:05:51;0.87629;-0.08;-0.03;-0.48
2024.02.08 14:50:08;Buy;0.01;AUDCAD;0.87502;0.01;2024.02.09 11:05:51;0.87626;-0.08;-0.03;0.92
2024.02.08 18:05:00;Buy;0.01;AUDCAD;0.87284;0.01;2024.02.09 11:05:51;0.87626;-0.08;-0.03;2.54
2024.02.07 16:35:03;Buy;0.01;AUDCAD;0.87838;0.01;2024.02.07 16:38:26;0.87894;-0.08;;0.42
2024.02.07 14:35:03;Buy;0.01;AUDCAD;0.8789;0.01;2024.02.07 16:05:41;0.87929;-0.08;;0.29
2024.02.07 12:50:07;Buy;0.01;AUDCAD;0.87908;0.01;2024.02.07 13:17:06;0.87948;-0.08;;0.3
2024.02.07 10:45:09;Buy;0.01;AUDCAD;0.87929;0.01;2024.02.07 11:31:35;0.8798;-0.08;;0.38
2024.02.07 01:05:05;Sell;0.01;AUDCAD;0.88033;0.01;2024.02.07 10:12:31;0.87987;-0.08;;0.34
2024.02.06 17:55:04;Sell;0.01;AUDCAD;0.88051;0.01;2024.02.06 18:07:15;0.88012;-0.08;;0.29
2024.02.06 17:20:04;Sell;0.01;AUDCAD;0.87986;0.01;2024.02.06 17:24:14;0.87941;-0.08;;0.33
2024.02.06 09:00:06;Sell;0.01;AUDCAD;0.87964;0.01;2024.02.06 10:06:40;0.87924;-0.08;;0.3
2024.02.06 08:10:02;Sell;0.01;AUDCAD;0.8796;0.01;2024.02.06 08:30:26;0.87917;-0.08;;0.32
2024.02.06 06:00:02;Sell;0.01;AUDCAD;0.87891;0.01;2024.02.06 07:36:56;0.87939;-0.08;;-0.36
2024.02.06 06:35:00;Sell;0.01;AUDCAD;0.8806;0.01;2024.02.06 07:36:55;0.87939;-0.08;;0.9
2024.02.06 05:30:07;Sell;0.01;AUDCAD;0.87922;0.01;2024.02.06 05:30:14;0.8775;-0.08;;1.27
2024.02.06 04:00:04;Sell;0.01;AUDCAD;0.87835;0.01;2024.02.06 04:22:22;0.87794;-0.08;;0.3
2024.02.05 20:50:07;Sell;0.01;AUDCAD;0.87778;0.01;2024.02.05 21:40:50;0.87738;-0.08;;0.3
2024.02.05 14:55:06;Buy;0.01;AUDCAD;0.87622;0.01;2024.02.05 15:48:27;0.87662;-0.08;;0.3
2024.02.05 11:45:00;Buy;0.01;AUDCAD;0.8764;0.01;2024.02.05 11:49:05;0.8768;-0.08;;0.3
2024.02.05 04:25:03;Buy;0.01;AUDCAD;0.87649;0.01;2024.02.05 06:08:00;0.87688;-0.08;;0.29
2024.02.05 03:30:01;Buy;0.01;AUDCAD;0.87559;0.01;2024.02.05 03:31:51;0.87599;-0.08;;0.3
2024.02.05 02:40:02;Buy;0.01;AUDCAD;0.87509;0.01;2024.02.05 03:00:27;0.87549;-0.08;;0.3
2024.02.02 22:15:01;Buy;0.01;AUDCAD;0.87709;0.01;2024.02.05 02:06:04;0.87636;-0.08;-0.03;-0.54
2024.02.05 01:15:09;Buy;0.01;AUDCAD;0.87486;0.01;2024.02.05 02:06:03;0.87636;-0.08;;1.11
2024.02.02 21:10:14;Buy;0.01;AUDCAD;0.87693;0.01;2024.02.02 21:45:40;0.87736;-0.08;;0.32
2024.02.02 17:15:08;Buy;0.01;AUDCAD;0.87755;0.01;2024.02.02 20:40:31;0.87716;-0.08;;-0.29
2024.02.02 18:20:07;Buy;0.01;AUDCAD;0.87601;0.01;2024.02.02 20:40:30;0.87716;-0.08;;0.85
2024.02.02 16:15:07;Buy;0.01;AUDCAD;0.87868;0.01;2024.02.02 16:45:33;0.87918;-0.08;;0.37
2024.02.02 15:35:03;Buy;0.01;AUDCAD;0.87957;0.01;2024.02.02 15:43:13;0.87995;-0.08;;0.28
2024.02.01 21:15:02;Sell;0.01;AUDCAD;0.87961;0.01;2024.02.02 15:30:20;0.88096;-0.08;;-1.01
2024.02.02 04:00:04;Sell;0.01;AUDCAD;0.8813;0.01;2024.02.02 15:30:20;0.88106;-0.08;;0.18
2024.02.02 12:05:03;Sell;0.01;AUDCAD;0.88327;0.01;2024.02.02 15:30:19;0.8811;-0.08;;1.62
2024.02.01 06:15:10;Buy;0.01;AUDCAD;0.88138;0.01;2024.02.01 21:55:42;0.87991;-0.08;;-1.1
2024.02.01 07:20:06;Buy;0.01;AUDCAD;0.87981;0.01;2024.02.01 21:55:42;0.87991;-0.08;;0.07
2024.02.01 10:15:03;Buy;0.01;AUDCAD;0.87782;0.01;2024.02.01 21:55:42;0.87991;-0.08;;1.56
2024.02.01 03:50:06;Buy;0.01;AUDCAD;0.88172;0.01;2024.02.01 04:06:31;0.88212;-0.08;;0.3
2024.02.01 02:00:00;Buy;0.01;AUDCAD;0.88156;0.01;2024.02.01 02:10:35;0.88196;-0.08;;0.3
2024.01.31 23:50:09;Buy;0.01;AUDCAD;0.88188;0.01;2024.01.31 23:57:46;0.88231;-0.08;;0.32
2024.01.31 23:10:05;Buy;0.01;AUDCAD;0.88198;0.01;2024.01.31 23:20:05;0.88243;-0.08;;0.33
2024.01.31 22:35:09;Buy;0.01;AUDCAD;0.8808;0.01;2024.01.31 22:36:52;0.88127;-0.08;;0.35
2024.01.31 22:05:07;Buy;0.01;AUDCAD;0.8816;0.01;2024.01.31 22:05:47;0.88214;-0.08;;0.4
2024.01.31 21:40:05;Sell;0.01;AUDCAD;0.88439;0.01;2024.01.31 21:58:57;0.88401;-0.08;;0.28
2024.01.31 21:05:04;Buy;0.01;AUDCAD;0.88191;0.01;2024.01.31 21:05:37;0.88235;-0.08;;0.33
2024.01.31 16:25:00;Sell;0.01;AUDCAD;0.88434;0.01;2024.01.31 17:25:52;0.88397;-0.08;;0.28
2024.01.31 15:00:04;Sell;0.01;AUDCAD;0.88399;0.01;2024.01.31 15:51:50;0.88359;-0.08;;0.3
2024.01.31 14:20:08;Sell;0.01;AUDCAD;0.88423;0.01;2024.01.31 14:28:13;0.8838;-0.08;;0.32
2024.01.31 10:50:00;Sell;0.01;AUDCAD;0.88347;0.01;2024.01.31 12:58:21;0.88306;-0.08;;0.31
2024.01.31 06:25:00;Buy;0.01;AUDCAD;0.88187;0.01;2024.01.31 10:01:10;0.88226;-0.08;;0.29
2024.01.31 02:40:00;Buy;0.01;AUDCAD;0.88267;0.01;2024.01.31 05:53:07;0.88208;-0.08;;-0.44
2024.01.31 04:05:05;Buy;0.01;AUDCAD;0.88076;0.01;2024.01.31 05:53:07;0.88208;-0.08;;0.98
2024.01.31 01:50:00;Buy;0.01;AUDCAD;0.88377;0.01;2024.01.31 02:07:16;0.88417;-0.08;;0.3
2024.01.30 10:15:08;Buy;0.01;AUDCAD;0.88564;0.01;2024.01.30 21:42:11;0.88523;-0.08;;-0.31
2024.01.30 17:45:09;Buy;0.01;AUDCAD;0.88405;0.01;2024.01.30 21:42:11;0.88523;-0.08;;0.88
2024.01.30 02:45:00;Sell;0.01;AUDCAD;0.88746;0.01;2024.01.30 03:19:49;0.88707;-0.08;;0.29
2024.01.29 22:20:10;Sell;0.01;AUDCAD;0.88722;0.01;2024.01.29 22:36:12;0.88682;-0.08;;0.3
2024.01.29 09:45:05;Sell;0.01;AUDCAD;0.88698;0.01;2024.01.29 09:53:51;0.88654;-0.08;;0.33
2024.01.29 05:10:00;Sell;0.01;AUDCAD;0.88671;0.01;2024.01.29 05:21:19;0.88629;-0.08;;0.31
2024.01.29 03:15:01;Sell;0.01;AUDCAD;0.88653;0.01;2024.01.29 04:02:38;0.88613;-0.08;;0.3
2024.01.26 19:50:04;Buy;0.01;AUDCAD;0.88593;0.01;2024.01.29 02:47:25;0.88541;-0.08;-0.03;-0.39
2024.01.29 01:05:01;Buy;0.01;AUDCAD;0.88418;0.01;2024.01.29 02:47:25;0.88542;-0.08;;0.92
2024.01.26 17:50:03;Buy;0.01;AUDCAD;0.88612;0.01;2024.01.26 18:20:16;0.88648;-0.08;;0.27
2024.01.25 17:35:08;Buy;0.01;AUDCAD;0.88889;0.01;2024.01.26 16:57:40;0.88722;-0.08;-0.03;-1.24
2024.01.25 19:10:05;Buy;0.01;AUDCAD;0.88736;0.01;2024.01.26 16:57:40;0.88722;-0.08;-0.03;-0.1
2024.01.26 16:30:09;Buy;0.02;AUDCAD;0.88555;0.02;2024.01.26 16:57:40;0.88722;-0.14;;2.48
2024.01.24 11:15:04;Sell;0.01;AUDCAD;0.88675;0.01;2024.01.25 18:34:30;0.88819;-0.08;-0.01;-1.07
2024.01.24 15:15:09;Sell;0.01;AUDCAD;0.88837;0.01;2024.01.25 18:34:30;0.88819;-0.08;-0.01;0.13
2024.01.24 17:25:04;Sell;0.01;AUDCAD;0.89026;0.01;2024.01.25 18:34:30;0.88819;-0.08;-0.01;1.53
2024.01.24 10:05:05;Sell;0.01;AUDCAD;0.88664;0.01;2024.01.24 10:18:52;0.88621;-0.08;;0.32
2024.01.24 04:15:03;Buy;0.01;AUDCAD;0.88494;0.01;2024.01.24 04:35:47;0.88539;-0.08;;0.33
2024.01.23 17:20:05;Buy;0.01;AUDCAD;0.88656;0.01;2024.01.24 01:25:52;0.88613;-0.08;-0.03;-0.32
2024.01.23 18:00:05;Buy;0.01;AUDCAD;0.885;0.01;2024.01.24 01:25:52;0.88613;-0.08;-0.03;0.84
2024.01.23 16:35:04;Buy;0.01;AUDCAD;0.88669;0.01;2024.01.23 16:39:02;0.88712;-0.08;;0.32
2024.01.23 15:30:07;Sell;0.01;AUDCAD;0.8886;0.01;2024.01.23 15:52:00;0.88815;-0.08;;0.33
2024.01.23 13:30:09;Buy;0.01;AUDCAD;0.8865;0.01;2024.01.23 13:38:44;0.88691;-0.08;;0.3
2024.01.23 10:35:01;Sell;0.01;AUDCAD;0.88881;0.01;2024.01.23 10:40:24;0.88832;-0.08;;0.36
2024.01.23 05:40:08;Sell;0.01;AUDCAD;0.88779;0.01;2024.01.23 10:02:51;0.8882;-0.08;;-0.3
2024.01.23 08:00:08;Sell;0.01;AUDCAD;0.88935;0.01;2024.01.23 10:02:51;0.8882;-0.08;;0.85
2024.01.23 02:55:00;Sell;0.01;AUDCAD;0.88686;0.01;2024.01.23 05:10:22;0.88729;-0.08;;-0.32
2024.01.23 04:05:01;Sell;0.01;AUDCAD;0.88857;0.01;2024.01.23 05:10:22;0.88729;-0.08;;0.95
2024.01.22 07:45:07;Buy;0.01;AUDCAD;0.88558;0.01;2024.01.22 17:28:13;0.88596;-0.08;;0.28
2024.01.22 03:10:03;Sell;0.01;AUDCAD;0.88757;0.01;2024.01.22 03:16:00;0.88714;-0.08;;0.32
2024.01.19 21:25:15;Buy;0.01;AUDCAD;0.8863;0.01;2024.01.22 02:42:09;0.88666;-0.08;-0.03;0.27
2024.01.19 18:35:02;Buy;0.01;AUDCAD;0.88662;0.01;2024.01.19 19:27:25;0.88701;-0.08;;0.29
2024.01.19 18:00:06;Buy;0.01;AUDCAD;0.88644;0.01;2024.01.19 18:03:06;0.88685;-0.08;;0.3
2024.01.19 17:10:05;Buy;0.01;AUDCAD;0.88622;0.01;2024.01.19 17:29:59;0.88661;-0.08;;0.29
2024.01.19 13:05:07;Sell;0.01;AUDCAD;0.88856;0.01;2024.01.19 15:06:10;0.88815;-0.08;;0.3
2024.01.19 12:15:10;Sell;0.01;AUDCAD;0.88846;0.01;2024.01.19 12:32:08;0.88801;-0.08;;0.33
2024.01.19 11:15:02;Sell;0.01;AUDCAD;0.88806;0.01;2024.01.19 11:43:49;0.88764;-0.08;;0.31
2024.01.18 23:35:06;Sell;0.01;AUDCAD;0.88662;0.01;2024.01.19 07:22:39;0.88704;-0.08;;-0.31
2024.01.19 02:30:03;Sell;0.01;AUDCAD;0.88822;0.01;2024.01.19 07:22:39;0.88704;-0.08;;0.87
2024.01.17 05:40:00;Buy;0.02;AUDCAD;0.88692;0.02;2024.01.19 01:27:30;0.88728;-0.15000000000000002;-0.24;0.53
2024.01.16 12:30:03;Buy;0.01;AUDCAD;0.89069;0.01;2024.01.19 01:24:55;0.88716;-0.08;-0.15;-2.62
2024.01.16 15:50:04;Buy;0.01;AUDCAD;0.88883;0.01;2024.01.19 01:24:55;0.88719;-0.08;-0.15;-1.22
2024.01.17 10:55:11;Buy;0.02;AUDCAD;0.88474;0.02;2024.01.19 01:24:54;0.8872;-0.14;-0.24;3.65
2024.01.18 20:55:09;Sell;0.01;AUDCAD;0.8864;0.01;2024.01.18 21:46:30;0.88597;-0.08;;0.32
2024.01.18 18:20:06;Sell;0.01;AUDCAD;0.88623;0.01;2024.01.18 18:43:24;0.88577;-0.08;;0.34
2024.01.18 17:40:06;Sell;0.01;AUDCAD;0.88611;0.01;2024.01.18 17:49:01;0.88569;-0.08;;0.31
2024.01.18 15:35:01;Sell;0.01;AUDCAD;0.88656;0.01;2024.01.18 15:38:12;0.886;-0.08;;0.41
2024.01.18 14:05:00;Sell;0.01;AUDCAD;0.88624;0.01;2024.01.18 14:39:27;0.88584;-0.08;;0.3
2024.01.18 11:40:01;Sell;0.01;AUDCAD;0.88577;0.01;2024.01.18 13:07:09;0.88537;-0.08;;0.3
2024.01.16 11:45:02;Buy;0.01;AUDCAD;0.89115;0.01;2024.01.16 11:56:52;0.89155;-0.08;;0.3
2024.01.16 10:25:08;Sell;0.01;AUDCAD;0.89346;0.01;2024.01.16 10:29:01;0.89304;-0.08;;0.31
2024.01.16 01:30:00;Buy;0.01;AUDCAD;0.89352;0.01;2024.01.16 10:21:58;0.89333;-0.08;;-0.14
2024.01.16 02:55:02;Buy;0.01;AUDCAD;0.89201;0.01;2024.01.16 10:21:58;0.89346;-0.08;;1.08
2024.01.15 14:00:00;Buy;0.01;AUDCAD;0.89393;0.01;2024.01.15 17:16:50;0.89437;-0.08;;0.33
2024.01.15 09:05:01;Buy;0.01;AUDCAD;0.89464;0.01;2024.01.15 13:30:00;0.89425;-0.08;;-0.29
2024.01.15 11:40:02;Buy;0.01;AUDCAD;0.89311;0.01;2024.01.15 13:30:00;0.89425;-0.08;;0.85
2024.01.15 04:55:01;Sell;0.01;AUDCAD;0.89713;0.01;2024.01.15 05:05:56;0.89673;-0.08;;0.3
2024.01.15 01:45:01;Sell;0.01;AUDCAD;0.89711;0.01;2024.01.15 02:01:01;0.89668;-0.08;;0.32
2024.01.12 18:00:03;Sell;0.01;AUDCAD;0.89677;0.01;2024.01.12 19:04:52;0.89638;-0.08;;0.29
2024.01.12 16:25:03;Sell;0.01;AUDCAD;0.89641;0.01;2024.01.12 17:28:00;0.8968;-0.08;;-0.29
2024.01.12 17:05:07;Sell;0.01;AUDCAD;0.89792;0.01;2024.01.12 17:27:59;0.8968;-0.08;;0.84
2024.01.12 15:35:08;Sell;0.01;AUDCAD;0.89665;0.01;2024.01.12 15:42:58;0.89617;-0.08;;0.36
2024.01.12 11:35:06;Buy;0.01;AUDCAD;0.89513;0.01;2024.01.12 15:30:12;0.8955;-0.08;;0.28
2024.01.12 15:05:09;Buy;0.01;AUDCAD;0.89356;0.01;2024.01.12 15:30:11;0.89539;-0.08;;1.37
2024.01.12 03:40:10;Sell;0.01;AUDCAD;0.8971;0.01;2024.01.12 06:03:22;0.89671;-0.08;;0.29
2024.01.12 01:15:10;Sell;0.01;AUDCAD;0.89638;0.01;2024.01.12 01:39:46;0.89599;-0.08;;0.29
2024.01.11 20:35:09;Buy;0.01;AUDCAD;0.89389;0.01;2024.01.11 20:50:15;0.89429;-0.08;;0.3
2024.01.11 19:20:00;Buy;0.01;AUDCAD;0.89366;0.01;2024.01.11 20:05:10;0.89404;-0.08;;0.28
2024.01.11 18:25:09;Buy;0.01;AUDCAD;0.89412;0.01;2024.01.11 18:47:41;0.89457;-0.08;;0.33
2024.01.11 16:40:01;Buy;0.01;AUDCAD;0.89429;0.01;2024.01.11 17:53:34;0.89471;-0.08;;0.31
2024.01.11 16:05:08;Buy;0.01;AUDCAD;0.89317;0.01;2024.01.11 16:09:52;0.89357;-0.08;;0.3
2024.01.11 15:35:03;Buy;0.01;AUDCAD;0.89523;0.01;2024.01.11 15:36:03;0.89608;-0.08;;0.64
2024.01.11 14:15:01;Buy;0.01;AUDCAD;0.89604;0.01;2024.01.11 14:33:11;0.89642;-0.08;;0.28
2024.01.11 02:45:03;Sell;0.01;AUDCAD;0.8972;0.01;2024.01.11 12:09:45;0.89679;-0.08;;0.31
2024.01.10 18:15:08;Buy;0.01;AUDCAD;0.89525;0.01;2024.01.10 19:06:00;0.89568;-0.08;;0.32
2024.01.10 17:05:09;Buy;0.01;AUDCAD;0.89517;0.01;2024.01.10 17:15:52;0.89558;-0.08;;0.31
2024.01.10 16:20:10;Buy;0.01;AUDCAD;0.89563;0.01;2024.01.10 16:32:06;0.89603;-0.08;;0.3
2024.01.10 09:55:02;Sell;0.01;AUDCAD;0.89708;0.01;2024.01.10 10:12:47;0.89664;-0.08;;0.33
2024.01.10 05:05:00;Sell;0.01;AUDCAD;0.89664;0.01;2024.01.10 08:59:22;0.89621;-0.08;;0.32
2024.01.10 04:05:08;Sell;0.01;AUDCAD;0.89669;0.01;2024.01.10 04:31:14;0.89628;-0.08;;0.31
2024.01.09 20:35:04;Buy;0.01;AUDCAD;0.89487;0.01;2024.01.09 20:59:46;0.89528;-0.08;;0.31
2024.01.09 17:10:01;Sell;0.01;AUDCAD;0.89696;0.01;2024.01.09 17:15:24;0.89655;-0.08;;0.31
2024.01.09 08:45:03;Buy;0.01;AUDCAD;0.89618;0.01;2024.01.09 15:56:34;0.89579;-0.08;;-0.29
2024.01.09 13:40:07;Buy;0.01;AUDCAD;0.89456;0.01;2024.01.09 15:56:34;0.89579;-0.08;;0.92
2024.01.09 03:30:06;Sell;0.01;AUDCAD;0.89794;0.01;2024.01.09 06:05:51;0.89757;-0.08;;0.28
2024.01.09 02:35:01;Sell;0.01;AUDCAD;0.89812;0.01;2024.01.09 02:47:05;0.89769;-0.08;;0.32
2024.01.08 21:50:05;Sell;0.01;AUDCAD;0.89749;0.01;2024.01.08 22:03:46;0.89709;-0.08;;0.3
2024.01.08 19:55:04;Sell;0.01;AUDCAD;0.89725;0.01;2024.01.08 20:29:24;0.89683;-0.08;;0.31
2024.01.08 16:45:00;Sell;0.01;AUDCAD;0.89699;0.01;2024.01.08 19:22:30;0.89742;-0.08;;-0.32
2024.01.08 18:45:09;Sell;0.01;AUDCAD;0.89859;0.01;2024.01.08 19:22:30;0.89742;-0.08;;0.88
2024.01.08 13:45:07;Buy;0.01;AUDCAD;0.89533;0.01;2024.01.08 16:32:47;0.89584;-0.08;;0.38
2024.01.08 10:55:05;Buy;0.01;AUDCAD;0.8955;0.01;2024.01.08 11:08:04;0.8959;-0.08;;0.3
2024.01.08 10:15:03;Buy;0.01;AUDCAD;0.89535;0.01;2024.01.08 10:16:54;0.89575;-0.08;;0.3
2024.01.08 06:15:05;Buy;0.01;AUDCAD;0.89564;0.01;2024.01.08 06:31:17;0.89606;-0.08;;0.31
2024.01.05 21:05:08;Sell;0.01;AUDCAD;0.89732;0.01;2024.01.08 04:54:15;0.89693;-0.08;;0.29
2024.01.05 20:30:02;Sell;0.01;AUDCAD;0.89625;0.01;2024.01.05 20:34:34;0.89584;-0.08;;0.31
2024.01.05 19:40:04;Sell;0.01;AUDCAD;0.89613;0.01;2024.01.05 19:55:38;0.89572;-0.08;;0.31
2024.01.05 18:30:07;Sell;0.01;AUDCAD;0.89653;0.01;2024.01.05 18:56:04;0.89606;-0.08;;0.35
2024.01.05 17:40:05;Sell;0.01;AUDCAD;0.89745;0.01;2024.01.05 17:57:20;0.89705;-0.08;;0.3
2024.01.05 17:05:06;Sell;0.01;AUDCAD;0.89596;0.01;2024.01.05 17:09:15;0.89533;-0.08;;0.47
2024.01.05 10:30:04;Buy;0.02;AUDCAD;0.89458;0.02;2024.01.05 16:27:47;0.8948;-0.15000000000000002;;0.32999999999999996
2024.01.04 12:30:00;Buy;0.01;AUDCAD;0.89788;0.01;2024.01.05 16:05:55;0.89466;-0.08;-0.03;-2.41
2024.01.04 15:40:09;Buy;0.01;AUDCAD;0.89638;0.01;2024.01.05 16:05:55;0.89465;-0.08;-0.03;-1.3
2024.01.05 15:35:02;Buy;0.02;AUDCAD;0.89143;0.02;2024.01.05 16:05:55;0.89463;-0.14;;4.79
2024.01.04 08:25:01;Sell;0.01;AUDCAD;0.89964;0.01;2024.01.04 10:19:59;0.89922;-0.08;;0.32
2024.01.04 05:35:02;Sell;0.01;AUDCAD;0.89955;0.01;2024.01.04 05:45:23;0.89915;-0.08;;0.3
2024.01.04 04:25:08;Buy;0.01;AUDCAD;0.89742;0.01;2024.01.04 04:26:40;0.89792;-0.08;;0.37
2024.01.03 21:15:06;Buy;0.01;AUDCAD;0.89718;0.01;2024.01.03 21:16:27;0.8976;-0.08;;0.31
2024.01.03 20:35:05;Buy;0.01;AUDCAD;0.89763;0.01;2024.01.03 20:46:05;0.89806;-0.08;;0.32
2024.01.03 18:55:04;Buy;0.01;AUDCAD;0.89758;0.01;2024.01.03 19:36:09;0.89798;-0.08;;0.3
2024.01.03 17:35:08;Buy;0.01;AUDCAD;0.8968;0.01;2024.01.03 18:16:43;0.89718;-0.08;;0.28
2024.01.03 10:15:04;Buy;0.01;AUDCAD;0.90029;0.01;2024.01.03 17:04:09;0.89895;-0.08;;-1
2024.01.03 13:05:04;Buy;0.01;AUDCAD;0.89872;0.01;2024.01.03 17:04:09;0.89897;-0.08;;0.19
2024.01.03 16:15:09;Buy;0.01;AUDCAD;0.89662;0.01;2024.01.03 17:04:08;0.89897;-0.08;;1.76
2024.01.02 17:35:00;Buy;0.01;AUDCAD;0.90171;0.01;2024.01.03 05:52:16;0.90123;-0.08;-0.03;-0.36
2024.01.03 04:10:05;Buy;0.01;AUDCAD;0.90001;0.01;2024.01.03 05:52:16;0.90123;-0.08;;0.92
2024.01.02 16:00:08;Buy;0.01;AUDCAD;0.90185;0.01;2024.01.02 16:01:08;0.90239;-0.08;;0.41
2024.01.02 13:10:08;Buy;0.01;AUDCAD;0.90237;0.01;2024.01.02 15:27:12;0.90276;-0.08;;0.29
2024.01.02 11:10:03;Sell;0.01;AUDCAD;0.9041;0.01;2024.01.02 12:09:13;0.90369;-0.08;;0.31
2024.01.02 10:35:03;Sell;0.01;AUDCAD;0.90427;0.01;2024.01.02 10:37:06;0.90382;-0.08;;0.34
2024.01.02 05:35:12;Sell;0.01;AUDCAD;0.90308;0.01;2024.01.02 10:05:16;0.90355;-0.08;;-0.36
2024.01.02 07:15:00;Sell;0.01;AUDCAD;0.90481;0.01;2024.01.02 10:05:15;0.90354;-0.08;;0.96
2023.12.29 20:15:04;Sell;0.01;AUDCAD;0.90287;0.01;2023.12.29 21:10:56;0.90246;-0.08;;0.31
2023.12.29 19:15:09;Sell;0.01;AUDCAD;0.90289;0.01;2023.12.29 19:36:00;0.90246;-0.08;;0.33
2023.12.29 11:00:07;Buy;0.01;AUDCAD;0.90308;0.01;2023.12.29 19:00:48;0.90164;-0.08;;-1.09
2023.12.29 12:10:08;Buy;0.01;AUDCAD;0.90139;0.01;2023.12.29 19:00:48;0.90164;-0.08;;0.19
2023.12.29 15:55:06;Buy;0.01;AUDCAD;0.89959;0.01;2023.12.29 19:00:47;0.90164;-0.08;;1.55
2023.12.29 07:10:00;Sell;0.01;AUDCAD;0.90491;0.01;2023.12.29 10:11:26;0.90448;-0.08;;0.32
2023.12.29 03:35:05;Sell;0.01;AUDCAD;0.90457;0.01;2023.12.29 04:55:34;0.90417;-0.08;;0.3
2023.12.28 19:45:01;Sell;0.01;AUDCAD;0.90449;0.01;2023.12.28 20:02:24;0.90402;-0.08;;0.36
2023.12.28 17:25:09;Sell;0.01;AUDCAD;0.9044;0.01;2023.12.28 18:03:19;0.90399;-0.08;;0.31
2023.12.28 15:50:06;Buy;0.01;AUDCAD;0.90276;0.01;2023.12.28 17:04:28;0.90318;-0.08;;0.32
2023.12.28 12:40:05;Sell;0.01;AUDCAD;0.90467;0.01;2023.12.28 12:54:12;0.90422;-0.08;;0.34
2023.12.28 10:20:02;Buy;0.01;AUDCAD;0.90278;0.01;2023.12.28 12:04:26;0.90318;-0.08;;0.3
2023.12.28 06:50:09;Buy;0.01;AUDCAD;0.90307;0.01;2023.12.28 07:02:04;0.90346;-0.08;;0.3
2023.12.27 17:15:06;Sell;0.01;AUDCAD;0.90292;0.01;2023.12.28 04:46:11;0.90468;-0.08;-0.01;-1.33
2023.12.27 17:55:04;Sell;0.01;AUDCAD;0.90449;0.01;2023.12.28 04:46:11;0.90469;-0.08;-0.01;-0.15
2023.12.28 04:00:01;Sell;0.02;AUDCAD;0.9064;0.02;2023.12.28 04:46:11;0.90468;-0.14;;2.61
2023.12.27 12:50:04;Sell;0.01;AUDCAD;0.90211;0.01;2023.12.27 15:36:27;0.90251;-0.08;;-0.3
2023.12.27 15:10:02;Sell;0.01;AUDCAD;0.90366;0.01;2023.12.27 15:36:27;0.90251;-0.08;;0.87
2023.12.27 11:10:01;Sell;0.01;AUDCAD;0.90236;0.01;2023.12.27 12:13:39;0.90195;-0.08;;0.31
2023.12.27 10:10:06;Sell;0.01;AUDCAD;0.90191;0.01;2023.12.27 10:32:39;0.90151;-0.08;;0.3
2023.12.27 05:30:08;Sell;0.01;AUDCAD;0.90185;0.01;2023.12.27 06:50:45;0.90146;-0.08;;0.3
2023.12.26 15:40:03;Buy;0.01;AUDCAD;0.90073;0.01;2023.12.26 19:29:19;0.90035;-0.08;;-0.29
2023.12.26 17:25:09;Buy;0.01;AUDCAD;0.89923;0.01;2023.12.26 19:29:18;0.90035;-0.08;;0.85
2023.12.26 11:10:05;Buy;0.01;AUDCAD;0.90134;0.01;2023.12.26 12:49:27;0.90175;-0.08;;0.31
2023.12.26 05:50:08;Sell;0.01;AUDCAD;0.90314;0.01;2023.12.26 08:04:10;0.90273;-0.08;;0.31
2023.12.22 19:10:09;Buy;0.01;AUDCAD;0.90123;0.01;2023.12.22 19:19:28;0.90164;-0.08;;0.31
2023.12.22 16:05:09;Sell;0.01;AUDCAD;0.90378;0.01;2023.12.22 16:11:33;0.90338;-0.08;;0.3
2023.12.22 12:20:05;Sell;0.01;AUDCAD;0.9025;0.01;2023.12.22 15:32:27;0.90286;-0.08;;-0.27
2023.12.22 13:40:04;Sell;0.01;AUDCAD;0.904;0.01;2023.12.22 15:32:27;0.90285;-0.08;;0.87
2023.12.22 11:40:00;Sell;0.01;AUDCAD;0.90237;0.01;2023.12.22 11:42:49;0.90198;-0.08;;0.29
2023.12.22 04:25:06;Buy;0.01;AUDCAD;0.90154;0.01;2023.12.22 11:17:15;0.90197;-0.08;;0.32
2023.12.21 21:30:02;Sell;0.01;AUDCAD;0.90312;0.01;2023.12.22 01:53:15;0.90269;-0.08;;0.32
2023.12.21 17:55:08;Sell;0.01;AUDCAD;0.90288;0.01;2023.12.21 18:59:00;0.90249;-0.08;;0.29
2023.12.21 14:20:07;Sell;0.01;AUDCAD;0.90175;0.01;2023.12.21 17:06:41;0.9027;-0.08;;-0.71
2023.12.21 15:35:10;Sell;0.01;AUDCAD;0.9043;0.01;2023.12.21 17:06:40;0.90267;-0.08;;1.22
2023.12.21 10:25:08;Buy;0.01;AUDCAD;0.89958;0.01;2023.12.21 10:40:38;0.89998;-0.08;;0.3
2023.12.21 09:20:00;Buy;0.01;AUDCAD;0.90012;0.01;2023.12.21 09:32:05;0.9007;-0.08;;0.43
2023.12.20 18:40:05;Buy;0.01;AUDCAD;0.90132;0.01;2023.12.21 04:00:30;0.90084;-0.08;-0.09;-0.36
2023.12.20 22:15:07;Buy;0.01;AUDCAD;0.89968;0.01;2023.12.21 04:00:30;0.90084;-0.08;-0.09;0.87
2023.12.20 12:15:11;Buy;0.01;AUDCAD;0.90148;0.01;2023.12.20 13:03:15;0.90188;-0.08;;0.3
2023.12.20 05:35:07;Sell;0.01;AUDCAD;0.90309;0.01;2023.12.20 10:01:38;0.90267;-0.08;;0.31
2023.12.20 04:30:02;Sell;0.01;AUDCAD;0.90261;0.01;2023.12.20 05:04:48;0.90221;-0.08;;0.3
2023.12.20 03:35:00;Sell;0.01;AUDCAD;0.90238;0.01;2023.12.20 03:39:10;0.90197;-0.08;;0.31
2023.12.19 20:30:08;Sell;0.01;AUDCAD;0.90236;0.01;2023.12.19 20:45:21;0.90193;-0.08;;0.32
2023.12.19 18:30:05;Sell;0.01;AUDCAD;0.90237;0.01;2023.12.19 19:57:07;0.90195;-0.08;;0.31
2023.12.19 17:05:04;Sell;0.01;AUDCAD;0.90256;0.01;2023.12.19 17:59:59;0.90219;-0.08;;0.28
2023.12.19 16:30:01;Sell;0.01;AUDCAD;0.90113;0.01;2023.12.19 16:35:46;0.90072;-0.08;;0.31
2023.12.19 15:05:04;Sell;0.01;AUDCAD;0.9019;0.01;2023.12.19 15:12:16;0.90149;-0.08;;0.31
2023.12.19 10:25:00;Sell;0.01;AUDCAD;0.90004;0.01;2023.12.19 14:34:02;0.90043;-0.08;;-0.29
2023.12.19 14:15:08;Sell;0.01;AUDCAD;0.90155;0.01;2023.12.19 14:34:02;0.90043;-0.08;;0.84
2023.12.19 06:05:04;Sell;0.01;AUDCAD;0.89979;0.01;2023.12.19 09:00:07;0.89936;-0.08;;0.32
2023.12.19 05:20:02;Sell;0.01;AUDCAD;0.90043;0.01;2023.12.19 05:33:35;0.90003;-0.08;;0.3
2023.12.19 04:05:07;Sell;0.01;AUDCAD;0.89956;0.01;2023.12.19 04:49:32;0.89894;-0.08;;0.46
2023.12.19 02:40:00;Sell;0.01;AUDCAD;0.89905;0.01;2023.12.19 03:35:56;0.89863;-0.08;;0.31
2023.12.18 21:20:04;Buy;0.01;AUDCAD;0.89677;0.01;2023.12.18 21:51:02;0.89719;-0.08;;0.31
2023.12.18 18:55:06;Buy;0.01;AUDCAD;0.89735;0.01;2023.12.18 20:01:32;0.89774;-0.08;;0.29
2023.12.18 17:50:05;Buy;0.01;AUDCAD;0.89712;0.01;2023.12.18 18:12:03;0.89752;-0.08;;0.3
2023.12.18 14:35:00;Sell;0.01;AUDCAD;0.89955;0.01;2023.12.18 14:44:32;0.89913;-0.08;;0.31
2023.12.18 08:20:12;Sell;0.01;AUDCAD;0.89855;0.01;2023.12.18 12:40:41;0.89895;-0.08;;-0.3
2023.12.18 11:15:02;Sell;0.01;AUDCAD;0.90013;0.01;2023.12.18 12:40:40;0.89895;-0.08;;0.88
2023.12.18 05:15:05;Sell;0.01;AUDCAD;0.89807;0.01;2023.12.18 06:28:19;0.89767;-0.08;;0.3
2023.12.18 01:05:09;Buy;0.01;AUDCAD;0.89587;0.01;2023.12.18 01:52:37;0.89627;-0.08;;0.3
2023.12.15 23:15:06;Buy;0.01;AUDCAD;0.89629;0.01;2023.12.15 23:29:03;0.8967;-0.08;;0.31
2023.12.15 20:15:05;Buy;0.01;AUDCAD;0.89671;0.01;2023.12.15 22:13:12;0.89713;-0.08;;0.31
2023.12.15 15:05:10;Buy;0.01;AUDCAD;0.89756;0.01;2023.12.15 17:18:33;0.89708;-0.08;;-0.36
2023.12.15 15:35:09;Buy;0.01;AUDCAD;0.896;0.01;2023.12.15 17:18:33;0.89707;-0.08;;0.8
2023.12.15 13:15:08;Sell;0.01;AUDCAD;0.89964;0.01;2023.12.15 13:23:56;0.8992;-0.08;;0.33
2023.12.15 12:20:02;Sell;0.01;AUDCAD;0.89965;0.01;2023.12.15 12:33:47;0.89925;-0.08;;0.3
2023.12.15 10:45:03;Buy;0.01;AUDCAD;0.89765;0.01;2023.12.15 10:50:09;0.89803;-0.08;;0.28
2023.12.15 07:40:08;Buy;0.01;AUDCAD;0.89811;0.01;2023.12.15 10:00:25;0.8985;-0.08;;0.29
2023.12.14 19:25:00;Buy;0.01;AUDCAD;0.90009;0.01;2023.12.15 04:29:52;0.89958;-0.08;-0.03;-0.38
2023.12.14 20:20:07;Buy;0.01;AUDCAD;0.89828;0.01;2023.12.15 04:29:52;0.89958;-0.08;-0.03;0.97
2023.12.15 01:55:43;Balance;;;;;;;;;-50
2023.12.14 18:40:02;Buy;0.01;AUDCAD;0.89968;0.01;2023.12.14 18:55:25;0.90007;-0.08;;0.29
2023.12.14 17:20:03;Buy;0.01;AUDCAD;0.90071;0.01;2023.12.14 18:10:04;0.89988;-0.08;;-0.62
2023.12.14 17:50:08;Buy;0.01;AUDCAD;0.89823;0.01;2023.12.14 18:10:03;0.89988;-0.08;;1.23
2023.12.14 16:35:06;Buy;0.01;AUDCAD;0.90002;0.01;2023.12.14 16:36:26;0.90046;-0.08;;0.33
2023.12.14 15:15:01;Buy;0.01;AUDCAD;0.90057;0.01;2023.12.14 16:02:40;0.90094;-0.08;;0.28
2023.12.13 17:20:05;Sell;0.01;AUDCAD;0.89257;0.01;2023.12.14 15:19:25;0.89962;-0.08;-0.01;-5.24
2023.12.13 21:05:08;Sell;0.01;AUDCAD;0.89786;0.01;2023.12.14 15:19:24;0.89964;-0.08;-0.01;-1.32
2023.12.13 21:40:09;Sell;0.01;AUDCAD;0.89974;0.01;2023.12.14 15:19:24;0.8996;-0.08;-0.01;0.1
2023.12.14 02:40:10;Sell;0.01;AUDCAD;0.90254;0.01;2023.12.14 15:19:24;0.89959;-0.08;;2.19
2023.12.14 08:10:07;Sell;0.01;AUDCAD;0.9053;0.01;2023.12.14 15:19:23;0.8996;-0.08;;4.24
2023.12.14 11:05:05;Buy;0.01;AUDCAD;0.90076;0.01;2023.12.14 11:06:36;0.90142;-0.08;;0.49
2023.12.13 14:55:02;Buy;0.01;AUDCAD;0.89033;0.01;2023.12.13 15:30:11;0.89087;-0.08;;0.4
2023.12.13 13:35:02;Buy;0.01;AUDCAD;0.89037;0.01;2023.12.13 13:54:44;0.8908;-0.08;;0.32
2023.12.13 08:50:02;Buy;0.01;AUDCAD;0.89058;0.01;2023.12.13 09:30:21;0.89103;-0.08;;0.33
2023.12.13 05:55:00;Buy;0.01;AUDCAD;0.8908;0.01;2023.12.13 06:27:56;0.8912;-0.08;;0.29
2023.12.13 05:05:03;Buy;0.01;AUDCAD;0.8907;0.01;2023.12.13 05:24:32;0.89109;-0.08;;0.29
2023.12.12 21:45:05;Buy;0.01;AUDCAD;0.8914;0.01;2023.12.13 01:21:20;0.89178;-0.08;-0.03;0.28
2023.12.12 20:35:05;Buy;0.01;AUDCAD;0.89141;0.01;2023.12.12 20:53:00;0.89181;-0.08;;0.29
2023.12.12 19:45:01;Buy;0.01;AUDCAD;0.89158;0.01;2023.12.12 20:02:59;0.892;-0.08;;0.31
2023.12.12 16:25:01;Buy;0.01;AUDCAD;0.8917;0.01;2023.12.12 17:49:00;0.89208;-0.08;;0.28
2023.12.12 15:45:09;Buy;0.01;AUDCAD;0.89132;0.01;2023.12.12 15:51:16;0.89172;-0.08;;0.29
2023.12.12 03:10:09;Sell;0.01;AUDCAD;0.89238;0.01;2023.12.12 15:30:04;0.89254;-0.08;;-0.12
2023.12.12 07:25:05;Sell;0.01;AUDCAD;0.89393;0.01;2023.12.12 15:30:03;0.89254;-0.08;;1.03
2023.12.08 20:35:06;Buy;0.01;AUDCAD;0.89444;0.01;2023.12.12 05:12:28;0.89301;-0.08;-0.06;-1.05
2023.12.11 03:00:06;Buy;0.01;AUDCAD;0.89288;0.01;2023.12.12 05:12:28;0.89301;-0.08;-0.03;0.1
2023.12.11 09:45:06;Buy;0.01;AUDCAD;0.89091;0.01;2023.12.12 05:12:27;0.89301;-0.08;-0.03;1.55
2023.12.08 17:30:05;Buy;0.01;AUDCAD;0.8948;0.01;2023.12.08 19:57:14;0.89424;-0.08;;-0.41
2023.12.08 19:00:03;Buy;0.01;AUDCAD;0.89297;0.01;2023.12.08 19:57:14;0.89424;-0.08;;0.93
2023.12.08 16:51:02;Buy;0.01;AUDCAD;0.89395;0.01;2023.12.08 17:01:04;0.89433;-0.08;;0.28
2023.12.08 16:15:06;Buy;0.01;AUDCAD;0.89322;0.01;2023.12.08 16:17:26;0.89377;-0.08;;0.4
2023.12.08 14:50:01;Buy;0.01;AUDCAD;0.89616;0.01;2023.12.08 15:42:25;0.89572;-0.08;;-0.32
2023.12.08 15:30:11;Buy;0.01;AUDCAD;0.89423;0.01;2023.12.08 15:42:24;0.89573;-0.08;;1.1
2023.12.07 09:25:05;Sell;0.01;AUDCAD;0.891;0.01;2023.12.08 15:30:11;0.89421;-0.08;;-2.36
2023.12.07 11:40:00;Sell;0.01;AUDCAD;0.89252;0.01;2023.12.08 15:30:10;0.8944;-0.08;;-1.38
2023.12.07 15:45:09;Sell;0.01;AUDCAD;0.89435;0.01;2023.12.08 15:30:10;0.89451;-0.08;;-0.12
2023.12.07 18:10:01;Sell;0.01;AUDCAD;0.89653;0.01;2023.12.08 15:30:10;0.89435;-0.08;;1.6
2023.12.07 19:50:09;Sell;0.01;AUDCAD;0.89918;0.01;2023.12.08 15:30:09;0.89441;-0.08;;3.51
2023.12.06 19:20:06;Buy;0.01;AUDCAD;0.89178;0.01;2023.12.07 08:31:17;0.89041;-0.08;-0.09;-1.01
2023.12.06 22:05:03;Buy;0.01;AUDCAD;0.8902;0.01;2023.12.07 08:31:17;0.89041;-0.08;-0.09;0.15
2023.12.07 04:50:07;Buy;0.01;AUDCAD;0.88836;0.01;2023.12.07 08:31:17;0.89041;-0.08;;1.51
2023.12.06 14:30:10;Buy;0.01;AUDCAD;0.89199;0.01;2023.12.06 15:30:26;0.89248;-0.08;;0.36
2023.12.06 13:20:08;Buy;0.01;AUDCAD;0.89171;0.01;2023.12.06 13:41:30;0.89211;-0.08;;0.29
2023.12.06 08:40:06;Sell;0.01;AUDCAD;0.89367;0.01;2023.12.06 10:15:11;0.89323;-0.08;;0.32
2023.12.06 07:35:04;Sell;0.01;AUDCAD;0.89424;0.01;2023.12.06 08:09:20;0.89384;-0.08;;0.29
2023.12.06 03:00:04;Sell;0.01;AUDCAD;0.89249;0.01;2023.12.06 07:05:24;0.89292;-0.08;;-0.32
2023.12.06 03:50:09;Sell;0.01;AUDCAD;0.89413;0.01;2023.12.06 07:05:24;0.89292;-0.08;;0.89
2023.12.04 16:10:04;Buy;0.01;AUDCAD;0.89914;0.01;2023.12.06 03:49:40;0.89415;-0.08;-0.06;-3.68
2023.12.04 16:45:10;Buy;0.01;AUDCAD;0.89759;0.01;2023.12.06 03:49:40;0.89415;-0.08;-0.06;-2.5300000000000002
2023.12.04 17:30:00;Buy;0.01;AUDCAD;0.89578;0.01;2023.12.06 03:49:40;0.89415;-0.08;-0.06;-1.2
2023.12.05 05:35:04;Buy;0.02;AUDCAD;0.89278;0.02;2023.12.06 03:49:39;0.89414;-0.14;-0.06;2
2023.12.05 13:30:03;Buy;0.02;AUDCAD;0.89006;0.02;2023.12.06 03:49:39;0.89414;-0.14;-0.06;6.01
2023.12.06 02:15:09;Sell;0.01;AUDCAD;0.89191;0.01;2023.12.06 02:30:18;0.8915;-0.08;;0.3
2023.12.04 12:40:02;Sell;0.01;AUDCAD;0.90077;0.01;2023.12.04 13:47:29;0.90038;-0.08;;0.29
2023.12.04 11:40:08;Sell;0.01;AUDCAD;0.90061;0.01;2023.12.04 11:42:01;0.90021;-0.08;;0.3
2023.12.04 09:45:05;Buy;0.01;AUDCAD;0.89888;0.01;2023.12.04 10:41:23;0.89926;-0.08;;0.28
2023.12.01 17:20:07;Sell;0.01;AUDCAD;0.89651;0.01;2023.12.04 10:08:22;0.89851;-0.08;;-1.48
2023.12.01 18:15:03;Sell;0.01;AUDCAD;0.89891;0.01;2023.12.04 10:08:22;0.89852;-0.08;;0.29
2023.12.01 20:10:08;Sell;0.01;AUDCAD;0.90104;0.01;2023.12.04 10:08:21;0.89855;-0.08;;1.8399999999999999
2023.12.01 15:55:04;Buy;0.01;AUDCAD;0.89468;0.01;2023.12.01 16:37:43;0.8951;-0.08;;0.31
2023.12.01 15:25:03;Sell;0.01;AUDCAD;0.89655;0.01;2023.12.01 15:30:08;0.89581;-0.08;;0.55
2023.12.01 13:35:05;Buy;0.01;AUDCAD;0.89474;0.01;2023.12.01 14:21:09;0.89518;-0.08;;0.33
2023.12.01 11:35:04;Sell;0.01;AUDCAD;0.89679;0.01;2023.12.01 11:50:33;0.89638;-0.08;;0.3
2023.12.01 05:00:06;Buy;0.01;AUDCAD;0.89586;0.01;2023.12.01 10:36:56;0.89545;-0.08;;-0.3
2023.12.01 09:30:02;Buy;0.01;AUDCAD;0.89424;0.01;2023.12.01 10:36:56;0.89543;-0.08;;0.88
2023.11.30 19:10:08;Buy;0.01;AUDCAD;0.89773;0.01;2023.12.01 04:02:55;0.89727;-0.08;-0.03;-0.34
2023.11.30 22:20:00;Buy;0.01;AUDCAD;0.89614;0.01;2023.12.01 04:02:54;0.89727;-0.08;-0.03;0.83
2023.11.30 16:10:04;Buy;0.01;AUDCAD;0.89743;0.01;2023.11.30 17:31:28;0.89689;-0.08;;-0.4
2023.11.30 16:40:02;Buy;0.01;AUDCAD;0.89559;0.01;2023.11.30 17:31:28;0.89687;-0.08;;0.94
2023.11.30 11:50:08;Buy;0.01;AUDCAD;0.89992;0.01;2023.11.30 15:39:57;0.89953;-0.08;;-0.29
2023.11.30 13:00:06;Buy;0.01;AUDCAD;0.89827;0.01;2023.11.30 15:39:57;0.89953;-0.08;;0.93
2023.11.30 04:35:03;Sell;0.01;AUDCAD;0.90058;0.01;2023.11.30 09:41:40;0.90104;-0.08;;-0.34
2023.11.30 06:55:09;Sell;0.01;AUDCAD;0.90223;0.01;2023.11.30 09:41:40;0.90103;-0.08;;0.88
2023.11.29 15:45:08;Buy;0.01;AUDCAD;0.89886;0.01;2023.11.29 15:52:20;0.89926;-0.08;;0.29
2023.11.29 14:25:08;Buy;0.01;AUDCAD;0.89934;0.01;2023.11.29 15:11:18;0.89973;-0.08;;0.29
2023.11.29 11:15:10;Buy;0.01;AUDCAD;0.89982;0.01;2023.11.29 14:21:51;0.8992;-0.08;;-0.46
2023.11.29 13:50:07;Buy;0.01;AUDCAD;0.89784;0.01;2023.11.29 14:21:51;0.8992;-0.08;;1
2023.11.29 07:20:06;Buy;0.01;AUDCAD;0.90055;0.01;2023.11.29 10:16:58;0.90012;-0.08;;-0.32
2023.11.29 09:55:08;Buy;0.01;AUDCAD;0.89891;0.01;2023.11.29 10:16:58;0.90012;-0.08;;0.89
2023.11.29 06:10:01;Buy;0.01;AUDCAD;0.90063;0.01;2023.11.29 06:50:13;0.90109;-0.08;;0.34
2023.11.29 05:20:03;Buy;0.01;AUDCAD;0.90058;0.01;2023.11.29 05:30:01;0.90109;-0.08;;0.38
2023.11.29 03:05:03;Sell;0.01;AUDCAD;0.90285;0.01;2023.11.29 03:38:58;0.90244;-0.08;;0.3
2023.11.28 20:35:00;Sell;0.01;AUDCAD;0.90162;0.01;2023.11.29 02:32:02;0.90083;-0.08;;0.58
2023.11.28 18:25:03;Sell;0.01;AUDCAD;0.90285;0.01;2023.11.28 19:44:37;0.90245;-0.08;;0.29
2023.11.28 17:40:03;Sell;0.01;AUDCAD;0.9025;0.01;2023.11.28 17:55:15;0.9021;-0.08;;0.29
2023.11.28 16:10:00;Sell;0.01;AUDCAD;0.90031;0.01;2023.11.28 17:10:50;0.89992;-0.08;;0.29
2023.11.28 14:55:00;Buy;0.01;AUDCAD;0.8984;0.01;2023.11.28 15:16:37;0.89888;-0.08;;0.35
2023.11.28 13:55:05;Buy;0.01;AUDCAD;0.89845;0.01;2023.11.28 14:23:34;0.89888;-0.08;;0.32
2023.11.28 12:40:05;Buy;0.01;AUDCAD;0.89831;0.01;2023.11.28 13:02:07;0.89874;-0.08;;0.32
2023.11.28 11:45:08;Buy;0.01;AUDCAD;0.89876;0.01;2023.11.28 12:08:26;0.89916;-0.08;;0.29
2023.11.28 10:10:07;Buy;0.01;AUDCAD;0.89845;0.01;2023.11.28 11:06:16;0.89885;-0.08;;0.29
2023.11.28 09:25:07;Buy;0.01;AUDCAD;0.89906;0.01;2023.11.28 09:37:44;0.89944;-0.08;;0.28
2023.11.28 06:55:02;Sell;0.01;AUDCAD;0.90095;0.01;2023.11.28 07:33:44;0.90051;-0.08;;0.32
2023.11.28 03:55:03;Sell;0.01;AUDCAD;0.90068;0.01;2023.11.28 05:37:53;0.9003;-0.08;;0.28
2023.11.28 03:10:06;Sell;0.01;AUDCAD;0.90089;0.01;2023.11.28 03:23:21;0.90049;-0.08;;0.29
2023.11.27 21:35:10;Sell;0.01;AUDCAD;0.90035;0.01;2023.11.27 22:31:25;0.89995;-0.08;;0.29
2023.11.27 17:30:03;Sell;0.01;AUDCAD;0.90025;0.01;2023.11.27 17:37:16;0.89981;-0.08;;0.32
2023.11.27 10:20:05;Sell;0.01;AUDCAD;0.89863;0.01;2023.11.27 16:52:24;0.89908;-0.08;;-0.33
2023.11.27 10:55:07;Sell;0.01;AUDCAD;0.90028;0.01;2023.11.27 16:52:23;0.89907;-0.08;;0.89
2023.11.27 09:05:01;Sell;0.01;AUDCAD;0.89869;0.01;2023.11.27 09:33:21;0.89831;-0.08;;0.28
2023.11.27 03:30:05;Sell;0.01;AUDCAD;0.89845;0.01;2023.11.27 03:38:29;0.89802;-0.08;;0.32
2023.11.24 15:30:04;Buy;0.01;AUDCAD;0.89747;0.01;2023.11.24 20:10:54;0.89706;-0.08;;-0.3
2023.11.24 16:30:07;Buy;0.01;AUDCAD;0.8959;0.01;2023.11.24 20:10:54;0.89706;-0.08;;0.85
2023.11.24 08:00:05;Sell;0.01;AUDCAD;0.8997;0.01;2023.11.24 09:00:18;0.8993;-0.08;;0.29
2023.11.23 11:35:01;Sell;0.01;AUDCAD;0.89786;0.01;2023.11.24 05:04:05;0.8982;-0.08;;-0.25
2023.11.24 02:55:12;Sell;0.01;AUDCAD;0.89937;0.01;2023.11.24 05:04:05;0.8982;-0.08;;0.85
2023.11.22 19:15:00;Buy;0.01;AUDCAD;0.89698;0.01;2023.11.23 03:30:03;0.89664;-0.08;-0.09;-0.25
2023.11.23 01:10:00;Buy;0.01;AUDCAD;0.89546;0.01;2023.11.23 03:30:02;0.89665;-0.08;;0.87
2023.11.22 18:40:10;Buy;0.01;AUDCAD;0.89766;0.01;2023.11.22 18:45:05;0.89807;-0.08;;0.3
2023.11.22 17:55:04;Buy;0.01;AUDCAD;0.89777;0.01;2023.11.22 18:02:56;0.89817;-0.08;;0.29
2023.11.22 17:05:05;Buy;0.01;AUDCAD;0.8977;0.01;2023.11.22 17:22:48;0.89813;-0.08;;0.31
2023.11.22 12:55:07;Sell;0.01;AUDCAD;0.89906;0.01;2023.11.22 16:03:15;0.8995;-0.08;;-0.32
2023.11.22 14:35:08;Sell;0.01;AUDCAD;0.90067;0.01;2023.11.22 16:03:15;0.89951;-0.08;;0.84
2023.11.22 12:05:02;Sell;0.01;AUDCAD;0.89903;0.01;2023.11.22 12:25:09;0.89859;-0.08;;0.32
2023.11.21 17:25:01;Buy;0.01;AUDCAD;0.90016;0.01;2023.11.22 11:05:31;0.89803;-0.08;-0.03;-1.55
2023.11.21 17:55:09;Buy;0.01;AUDCAD;0.89816;0.01;2023.11.22 11:05:30;0.89804;-0.08;-0.03;-0.09
2023.11.22 08:40:02;Buy;0.02;AUDCAD;0.89618;0.02;2023.11.22 11:05:30;0.89802;-0.14;;2.68
2023.11.20 03:05:02;Sell;0.01;AUDCAD;0.89352;0.01;2023.11.21 17:33:23;0.89864;-0.08;;-3.74
2023.11.20 04:25:10;Sell;0.01;AUDCAD;0.89509;0.01;2023.11.21 17:33:23;0.89862;-0.08;;-2.58
2023.11.20 05:45:10;Sell;0.01;AUDCAD;0.89691;0.01;2023.11.21 17:33:23;0.89861;-0.08;;-1.24
2023.11.20 11:35:00;Sell;0.01;AUDCAD;0.89908;0.01;2023.11.21 17:33:22;0.89861;-0.08;;0.34
2023.11.21 03:30:04;Sell;0.03;AUDCAD;0.90176;0.03;2023.11.21 17:33:22;0.8986;-0.22;;6.92
2023.11.17 19:05:07;Sell;0.01;AUDCAD;0.89249;0.01;2023.11.20 02:07:49;0.89293;-0.08;;-0.32
2023.11.20 01:10:07;Sell;0.01;AUDCAD;0.89412;0.01;2023.11.20 02:07:49;0.89293;-0.08;;0.87
2023.11.17 17:50:02;Sell;0.01;AUDCAD;0.89208;0.01;2023.11.17 18:33:14;0.89169;-0.08;;0.28
2023.11.17 15:25:03;Sell;0.01;AUDCAD;0.89205;0.01;2023.11.17 15:41:55;0.89166;-0.08;;0.28
2023.11.17 14:50:10;Sell;0.01;AUDCAD;0.89252;0.01;2023.11.17 14:53:22;0.89212;-0.08;;0.29
2023.11.17 14:10:10;Sell;0.01;AUDCAD;0.89238;0.01;2023.11.17 14:21:07;0.89196;-0.08;;0.31
2023.11.17 11:50:00;Sell;0.01;AUDCAD;0.8916;0.01;2023.11.17 13:40:11;0.8922;-0.08;;-0.44
2023.11.17 12:45:00;Sell;0.01;AUDCAD;0.89351;0.01;2023.11.17 13:40:11;0.8922;-0.08;;0.95
2023.11.17 11:15:09;Sell;0.01;AUDCAD;0.89092;0.01;2023.11.17 11:20:49;0.89052;-0.08;;0.29
2023.11.17 10:40:01;Sell;0.01;AUDCAD;0.89065;0.01;2023.11.17 10:45:32;0.89022;-0.08;;0.31
2023.11.17 03:15:00;Buy;0.01;AUDCAD;0.88905;0.01;2023.11.17 06:12:07;0.88944;-0.08;;0.28
2023.11.16 19:50:04;Sell;0.01;AUDCAD;0.89084;0.01;2023.11.16 21:55:42;0.8904;-0.08;;0.32
2023.11.16 18:15:03;Sell;0.01;AUDCAD;0.89127;0.01;2023.11.16 18:18:13;0.89085;-0.08;;0.31
2023.11.16 15:35:04;Sell;0.01;AUDCAD;0.89054;0.01;2023.11.16 17:43:39;0.89091;-0.08;;-0.27
2023.11.16 17:10:04;Sell;0.01;AUDCAD;0.89219;0.01;2023.11.16 17:43:39;0.89092;-0.08;;0.92
2023.11.16 13:10:01;Sell;0.01;AUDCAD;0.88966;0.01;2023.11.16 14:07:59;0.88926;-0.08;;0.29
2023.11.16 11:05:07;Sell;0.01;AUDCAD;0.88946;0.01;2023.11.16 12:39:10;0.88907;-0.08;;0.28
2023.11.16 02:40:03;Buy;0.01;AUDCAD;0.88968;0.01;2023.11.16 10:41:32;0.88915;-0.08;;-0.39
2023.11.16 03:50:01;Buy;0.01;AUDCAD;0.88785;0.01;2023.11.16 10:41:32;0.88915;-0.08;;0.95
2023.11.15 18:00:09;Sell;0.01;AUDCAD;0.89155;0.01;2023.11.15 18:33:29;0.89111;-0.08;;0.32
2023.11.15 17:35:02;Buy;0.01;AUDCAD;0.88911;0.01;2023.11.15 17:46:05;0.88952;-0.08;;0.3
2023.11.15 17:00:00;Buy;0.01;AUDCAD;0.88832;0.01;2023.11.15 17:02:02;0.88876;-0.08;;0.32
2023.11.15 16:20:04;Buy;0.01;AUDCAD;0.88982;0.01;2023.11.15 16:30:20;0.89028;-0.08;;0.34
2023.11.15 15:45:09;Buy;0.01;AUDCAD;0.88942;0.01;2023.11.15 15:48:09;0.88983;-0.08;;0.3
2023.11.14 11:40:04;Sell;0.01;AUDCAD;0.88097;0.01;2023.11.15 15:43:20;0.88932;-0.08;;-6.1
2023.11.14 15:35:10;Sell;0.01;AUDCAD;0.88657;0.01;2023.11.15 15:43:19;0.88932;-0.08;;-2.01
2023.11.14 16:15:09;Sell;0.01;AUDCAD;0.88843;0.01;2023.11.15 15:43:19;0.88933;-0.08;;-0.66
2023.11.14 18:40:07;Sell;0.01;AUDCAD;0.89064;0.01;2023.11.15 15:43:19;0.88926;-0.08;;1.01
2023.11.15 13:50:03;Sell;0.03;AUDCAD;0.89331;0.03;2023.11.15 15:43:18;0.88926;-0.22;;8.88
2023.11.13 19:40:04;Sell;0.01;AUDCAD;0.88069;0.01;2023.11.13 20:05:54;0.88029;-0.08;;0.29
2023.11.13 09:35:01;Sell;0.01;AUDCAD;0.87952;0.01;2023.11.13 16:03:27;0.8799;-0.08;;-0.27
2023.11.13 15:00:00;Sell;0.01;AUDCAD;0.88104;0.01;2023.11.13 16:03:27;0.8799;-0.08;;0.82
2023.11.09 20:55:02;Buy;0.01;AUDCAD;0.88174;0.01;2023.11.13 09:46:51;0.87985;-0.08;-0.06;-1.37
2023.11.09 21:25:04;Buy;0.01;AUDCAD;0.8795;0.01;2023.11.13 09:46:50;0.87986;-0.08;-0.06;0.26
2023.11.10 02:40:04;Buy;0.01;AUDCAD;0.87757;0.01;2023.11.13 09:46:50;0.87984;-0.08;-0.03;1.6400000000000001
2023.11.13 07:55:00;Sell;0.01;AUDCAD;0.8791;0.01;2023.11.13 09:02:30;0.87869;-0.08;;0.3
2023.11.10 15:55:06;Sell;0.01;AUDCAD;0.87962;0.01;2023.11.10 16:09:25;0.87915;-0.08;;0.34
2023.11.09 20:05:05;Buy;0.01;AUDCAD;0.88207;0.01;2023.11.09 20:24:25;0.88245;-0.08;;0.28
2023.11.09 16:55:07;Sell;0.01;AUDCAD;0.88449;0.01;2023.11.09 17:26:05;0.88408;-0.08;;0.3
2023.11.09 13:15:05;Buy;0.01;AUDCAD;0.88291;0.01;2023.11.09 15:36:01;0.88337;-0.08;;0.33
2023.11.09 12:30:10;Buy;0.01;AUDCAD;0.88271;0.01;2023.11.09 12:43:58;0.88311;-0.08;;0.29
2023.11.09 11:20:00;Buy;0.01;AUDCAD;0.88316;0.01;2023.11.09 12:00:45;0.8836;-0.08;;0.32
2023.11.09 10:20:05;Buy;0.01;AUDCAD;0.88321;0.01;2023.11.09 10:21:35;0.88361;-0.08;;0.29
2023.11.09 05:40:04;Buy;0.01;AUDCAD;0.88324;0.01;2023.11.09 05:51:47;0.8837;-0.08;;0.33
2023.11.08 20:35:04;Buy;0.01;AUDCAD;0.8849;0.01;2023.11.09 03:39:38;0.88447;-0.08;-0.09;-0.31
2023.11.08 21:50:00;Buy;0.01;AUDCAD;0.88337;0.01;2023.11.09 03:39:37;0.88447;-0.08;-0.09;0.8
2023.11.08 17:25:03;Buy;0.01;AUDCAD;0.88505;0.01;2023.11.08 18:03:48;0.8855;-0.08;;0.33
2023.11.07 20:25:02;Sell;0.01;AUDCAD;0.88471;0.01;2023.11.08 17:21:22;0.88516;-0.08;;-0.33
2023.11.08 04:15:09;Sell;0.01;AUDCAD;0.88639;0.01;2023.11.08 17:21:22;0.88516;-0.08;;0.89
2023.11.07 18:55:08;Sell;0.01;AUDCAD;0.88469;0.01;2023.11.07 19:01:41;0.88421;-0.08;;0.35
2023.11.07 06:10:02;Buy;0.01;AUDCAD;0.88618;0.01;2023.11.07 18:35:09;0.88437;-0.08;;-1.32
2023.11.07 06:40:05;Buy;0.01;AUDCAD;0.88406;0.01;2023.11.07 18:35:09;0.88437;-0.08;;0.23
2023.11.07 08:50:10;Buy;0.01;AUDCAD;0.88204;0.01;2023.11.07 18:35:09;0.88437;-0.08;;1.69
2023.11.01 11:40:00;Sell;0.02;AUDCAD;0.88037;0.02;2023.11.07 08:41:29;0.883745;-0.15000000000000002;-0.01;-4.92
2023.11.01 15:50:09;Sell;0.02;AUDCAD;0.88262;0.02;2023.11.07 08:41:29;0.88373;-0.15000000000000002;-0.01;-1.62
2023.11.02 19:30:01;Sell;0.02;AUDCAD;0.88501;0.02;2023.11.07 08:41:29;0.88373;-0.15000000000000002;-0.01;1.8599999999999999
2023.10.27 03:50:08;Sell;0.02;AUDCAD;0.87595;0.02;2023.11.07 06:29:52;0.881255;-0.15000000000000002;;-7.7299999999999995
2023.11.03 15:35:01;Sell;0.03;AUDCAD;0.88958;0.03;2023.11.07 06:29:51;0.8851;-0.22;-0.01;9.8
2023.11.07 05:35:07;Buy;0.01;AUDCAD;0.88589;0.01;2023.11.07 05:36:58;0.88639;-0.08;;0.36
2023.11.07 03:50:06;Buy;0.01;AUDCAD;0.88749;0.01;2023.11.07 04:37:08;0.88797;-0.08;;0.35
2023.11.06 11:35:06;Buy;0.01;AUDCAD;0.88776;0.01;2023.11.06 16:00:52;0.88815;-0.08;;0.29
2023.11.02 16:45:00;Buy;0.01;AUDCAD;0.88737;0.01;2023.11.03 15:24:26;0.88598;-0.08;-0.03;-1.01
2023.11.02 17:35:08;Buy;0.01;AUDCAD;0.8857;0.01;2023.11.03 15:24:26;0.88597;-0.08;-0.03;0.2
2023.11.02 21:35:02;Buy;0.01;AUDCAD;0.88389;0.01;2023.11.03 15:24:26;0.88598;-0.08;-0.03;1.52
2023.10.31 18:55:08;Sell;0.01;AUDCAD;0.87852;0.01;2023.11.02 18:57:19;0.88521;-0.08;;-4.85
2023.11.01 21:35:02;Sell;0.02;AUDCAD;0.88553;0.02;2023.11.02 18:57:13;0.88524;-0.14;;0.42
2023.11.02 03:05:05;Sell;0.02;AUDCAD;0.88879;0.02;2023.11.02 18:57:08;0.88522;-0.14;;5.18
2023.11.01 05:15:10;Buy;0.01;AUDCAD;0.87812;0.01;2023.11.01 05:26:20;0.87852;-0.08;;0.29
2023.11.01 03:55:02;Buy;0.01;AUDCAD;0.87849;0.01;2023.11.01 04:41:23;0.87892;-0.08;;0.31
2023.10.31 17:45:00;Buy;0.01;AUDCAD;0.87844;0.01;2023.10.31 18:52:44;0.87807;-0.08;;-0.27
2023.10.31 18:25:01;Buy;0.01;AUDCAD;0.87687;0.01;2023.10.31 18:52:44;0.87807;-0.08;;0.86
2023.10.26 10:40:04;Sell;0.01;AUDCAD;0.86999;0.01;2023.10.31 18:08:06;0.8774;-0.08;;-5.34
2023.10.26 15:35:04;Sell;0.01;AUDCAD;0.87186;0.01;2023.10.31 18:08:06;0.87739;-0.08;;-3.98
2023.10.26 16:40:08;Sell;0.01;AUDCAD;0.87377;0.01;2023.10.31 18:08:05;0.8774;-0.08;;-2.62
2023.10.27 15:55:08;Sell;0.03;AUDCAD;0.87861;0.03;2023.10.31 18:08:05;0.87739;-0.22;;2.64
2023.10.30 12:20:00;Sell;0.03;AUDCAD;0.88189;0.03;2023.10.31 18:08:04;0.87739;-0.22;;9.73
2023.10.31 16:30:03;Buy;0.01;AUDCAD;0.87899;0.01;2023.10.31 17:12:06;0.87941;-0.08;;0.3
2023.10.31 15:40:00;Buy;0.01;AUDCAD;0.87889;0.01;2023.10.31 15:48:31;0.87933;-0.08;;0.32
2023.10.31 05:35:05;Buy;0.01;AUDCAD;0.88;0.01;2023.10.31 10:35:48;0.87963;-0.08;;-0.27
2023.10.31 07:35:01;Buy;0.01;AUDCAD;0.8785;0.01;2023.10.31 10:35:48;0.87963;-0.08;;0.82
2023.10.25 19:10:02;Buy;0.01;AUDCAD;0.87244;0.01;2023.10.26 11:08:16;0.87084;-0.08;-0.09;-1.16
2023.10.25 20:05:09;Buy;0.01;AUDCAD;0.87069;0.01;2023.10.26 11:08:15;0.87084;-0.08;-0.09;0.11
2023.10.26 01:15:01;Buy;0.01;AUDCAD;0.86865;0.01;2023.10.26 11:08:15;0.87084;-0.08;;1.5899999999999999
2023.10.25 18:20:06;Buy;0.01;AUDCAD;0.87245;0.01;2023.10.25 18:38:10;0.87284;-0.08;;0.28
2023.10.25 17:45:07;Buy;0.01;AUDCAD;0.87262;0.01;2023.10.25 17:47:37;0.87304;-0.08;;0.3
2023.10.25 11:55:04;Buy;0.01;AUDCAD;0.87437;0.01;2023.10.25 17:05:10;0.87361;-0.08;;-0.55
2023.10.25 12:50:01;Buy;0.01;AUDCAD;0.87207;0.01;2023.10.25 17:05:10;0.87361;-0.08;;1.12
2023.10.24 03:25:02;Sell;0.01;AUDCAD;0.86775;0.01;2023.10.25 12:24:01;0.8735;-0.08;;-4.18
2023.10.24 05:45:02;Sell;0.01;AUDCAD;0.86931;0.01;2023.10.25 12:24:01;0.8735;-0.08;;-3.04
2023.10.24 10:05:08;Sell;0.01;AUDCAD;0.87125;0.01;2023.10.25 12:24:00;0.8735;-0.08;;-1.63
2023.10.24 17:30:01;Sell;0.01;AUDCAD;0.8737;0.01;2023.10.25 12:24:00;0.87351;-0.08;;0.14
2023.10.25 03:30:09;Sell;0.03;AUDCAD;0.87726;0.03;2023.10.25 12:24:00;0.87351;-0.22;;8.17
2023.10.23 18:25:04;Sell;0.01;AUDCAD;0.86658;0.01;2023.10.23 22:41:17;0.86698;-0.08;;-0.29
2023.10.23 20:50:01;Sell;0.01;AUDCAD;0.86811;0.01;2023.10.23 22:41:16;0.86698;-0.08;;0.83
2023.10.23 17:10:07;Sell;0.01;AUDCAD;0.86648;0.01;2023.10.23 17:33:31;0.86596;-0.08;;0.38
2023.10.23 15:35:05;Sell;0.01;AUDCAD;0.86629;0.01;2023.10.23 15:46:19;0.86583;-0.08;;0.34
2023.10.23 11:55:02;Buy;0.01;AUDCAD;0.86472;0.01;2023.10.23 13:33:40;0.86513;-0.08;;0.3
2023.10.23 09:45:07;Sell;0.01;AUDCAD;0.86651;0.01;2023.10.23 09:55:31;0.86612;-0.08;;0.28
2023.10.23 02:50:04;Sell;0.01;AUDCAD;0.86633;0.01;2023.10.23 03:15:46;0.8659;-0.08;;0.31
2023.10.23 01:15:09;Sell;0.01;AUDCAD;0.86639;0.01;2023.10.23 01:49:20;0.866;-0.08;;0.28
2023.10.20 03:15:01;Buy;0.01;AUDCAD;0.86662;0.01;2023.10.23 01:13:05;0.86617;-0.08;-0.03;-0.33
2023.10.20 10:55:00;Buy;0.01;AUDCAD;0.86508;0.01;2023.10.23 01:13:05;0.86617;-0.08;-0.03;0.79
2023.10.19 22:15:04;Sell;0.01;AUDCAD;0.86832;0.01;2023.10.20 00:40:25;0.86783;-0.08;;0.36
2023.10.19 20:55:06;Sell;0.01;AUDCAD;0.86874;0.01;2023.10.19 21:42:18;0.86836;-0.08;;0.28
2023.10.19 20:10:05;Sell;0.01;AUDCAD;0.86949;0.01;2023.10.19 20:23:50;0.86908;-0.08;;0.3
2023.10.19 15:25:02;Sell;0.01;AUDCAD;0.86716;0.01;2023.10.19 19:37:55;0.86752;-0.08;;-0.26
2023.10.19 19:05:04;Sell;0.01;AUDCAD;0.86876;0.01;2023.10.19 19:37:55;0.86752;-0.08;;0.9
2023.10.19 12:25:07;Buy;0.01;AUDCAD;0.86535;0.01;2023.10.19 12:57:08;0.86573;-0.08;;0.28
2023.10.19 04:15:08;Buy;0.01;AUDCAD;0.8664;0.01;2023.10.19 11:44:39;0.86602;-0.08;;-0.28
2023.10.19 05:05:05;Buy;0.01;AUDCAD;0.86487;0.01;2023.10.19 11:44:39;0.86602;-0.08;;0.84
2023.10.19 03:35:03;Buy;0.01;AUDCAD;0.86666;0.01;2023.10.19 03:44:15;0.86707;-0.08;;0.3
2023.10.17 03:25:05;Sell;0.01;AUDCAD;0.86373;0.01;2023.10.19 03:31:11;0.86647;-0.08;-0.01;-2
2023.10.17 03:55:02;Sell;0.01;AUDCAD;0.86529;0.01;2023.10.19 03:31:11;0.86647;-0.08;-0.01;-0.86
2023.10.17 14:40:08;Sell;0.02;AUDCAD;0.86717;0.02;2023.10.19 03:31:10;0.86647;-0.14;-0.04;1.02
2023.10.17 19:55:04;Sell;0.02;AUDCAD;0.86939;0.02;2023.10.19 03:31:10;0.86647;-0.14;-0.04;4.26
2023.10.18 18:30:08;Buy;0.01;AUDCAD;0.86755;0.01;2023.10.18 19:31:21;0.86794;-0.08;;0.28
2023.10.18 17:50:06;Buy;0.01;AUDCAD;0.86814;0.01;2023.10.18 17:58:07;0.86856;-0.08;;0.31
2023.10.18 13:40:08;Buy;0.01;AUDCAD;0.8682;0.01;2023.10.18 13:57:54;0.86865;-0.08;;0.33
2023.10.12 12:25:04;Buy;0.01;AUDCAD;0.871;0.01;2023.10.17 03:35:43;0.86538;-0.08;-0.09;-4.13
2023.10.12 15:35:06;Buy;0.01;AUDCAD;0.86905;0.01;2023.10.17 03:35:43;0.86541;-0.08;-0.09;-2.67
2023.10.12 16:35:03;Buy;0.01;AUDCAD;0.867;0.01;2023.10.17 03:35:43;0.86539;-0.08;-0.09;-1.18
2023.10.12 20:05:07;Buy;0.01;AUDCAD;0.8648;0.01;2023.10.17 03:35:42;0.86541;-0.08;-0.09;0.45
2023.10.13 17:20:00;Buy;0.03;AUDCAD;0.86165;0.03;2023.10.17 03:35:42;0.86539;-0.22;-0.18;8.24
2023.10.16 18:50:09;Sell;0.01;AUDCAD;0.86316;0.01;2023.10.17 00:51:51;0.86272;-0.08;;0.32
2023.10.16 18:00:01;Sell;0.01;AUDCAD;0.86329;0.01;2023.10.16 18:15:15;0.86286;-0.08;;0.32
2023.10.16 05:00:00;Sell;0.01;AUDCAD;0.86213;0.01;2023.10.16 12:59:04;0.86258;-0.08;;-0.33
2023.10.16 11:35:10;Sell;0.01;AUDCAD;0.86382;0.01;2023.10.16 12:59:03;0.86258;-0.08;;0.91
2023.10.12 10:50:00;Buy;0.01;AUDCAD;0.87132;0.01;2023.10.12 11:30:01;0.87176;-0.08;;0.32
2023.10.12 09:45:04;Sell;0.01;AUDCAD;0.87312;0.01;2023.10.12 09:52:44;0.8727;-0.08;;0.31
2023.10.11 22:20:10;Buy;0.01;AUDCAD;0.87127;0.01;2023.10.11 22:45:09;0.87168;-0.08;;0.3
2023.10.11 21:35:07;Buy;0.01;AUDCAD;0.87105;0.01;2023.10.11 21:49:15;0.87147;-0.08;;0.31
2023.10.11 19:20:05;Buy;0.01;AUDCAD;0.87175;0.01;2023.10.11 21:01:14;0.8713;-0.08;;-0.33
2023.10.11 20:40:04;Buy;0.01;AUDCAD;0.87003;0.01;2023.10.11 21:01:14;0.8713;-0.08;;0.93
2023.10.11 17:55:05;Buy;0.01;AUDCAD;0.87179;0.01;2023.10.11 18:35:14;0.87222;-0.08;;0.32
2023.10.11 15:30:07;Buy;0.01;AUDCAD;0.87168;0.01;2023.10.11 15:31:27;0.87213;-0.08;;0.33
2023.10.11 10:45:03;Sell;0.01;AUDCAD;0.87376;0.01;2023.10.11 10:46:33;0.87336;-0.08;;0.29
2023.10.11 09:05:03;Buy;0.01;AUDCAD;0.87182;0.01;2023.10.11 09:19:29;0.87224;-0.08;;0.31
2023.10.10 20:50:09;Sell;0.01;AUDCAD;0.8724;0.01;2023.10.11 06:05:54;0.87276;-0.08;;-0.26
2023.10.11 02:25:08;Sell;0.01;AUDCAD;0.87396;0.01;2023.10.11 06:05:54;0.87276;-0.08;;0.88
2023.10.10 19:55:07;Sell;0.01;AUDCAD;0.87289;0.01;2023.10.10 20:04:36;0.87248;-0.08;;0.3
2023.10.10 17:50:04;Sell;0.01;AUDCAD;0.87197;0.01;2023.10.10 19:24:23;0.87242;-0.08;;-0.33
2023.10.10 18:45:05;Sell;0.01;AUDCAD;0.8736;0.01;2023.10.10 19:24:22;0.87239;-0.08;;0.89
2023.10.10 17:15:06;Sell;0.01;AUDCAD;0.8718;0.01;2023.10.10 17:18:07;0.87138;-0.08;;0.31
2023.10.10 14:15:00;Buy;0.01;AUDCAD;0.87014;0.01;2023.10.10 16:13:48;0.87064;-0.08;;0.37
2023.10.10 11:30:02;Sell;0.01;AUDCAD;0.87195;0.01;2023.10.10 13:17:56;0.87156;-0.08;;0.29
2023.10.10 10:50:07;Buy;0.01;AUDCAD;0.86987;0.01;2023.10.10 10:56:09;0.87027;-0.08;;0.29
2023.10.09 20:45:04;Sell;0.01;AUDCAD;0.87047;0.01;2023.10.10 06:00:05;0.87074;-0.08;;-0.2
2023.10.10 02:55:04;Sell;0.01;AUDCAD;0.87204;0.01;2023.10.10 06:00:05;0.87076;-0.08;;0.94
2023.10.09 14:35:02;Sell;0.01;AUDCAD;0.87002;0.01;2023.10.09 14:43:48;0.86961;-0.08;;0.3
2023.10.09 05:55:09;Buy;0.01;AUDCAD;0.86908;0.01;2023.10.09 10:20:26;0.86871;-0.08;;-0.27
2023.10.09 07:10:05;Buy;0.01;AUDCAD;0.86752;0.01;2023.10.09 10:20:26;0.8687;-0.08;;0.86
2023.10.09 04:30:00;Buy;0.01;AUDCAD;0.869;0.01;2023.10.09 05:24:47;0.8694;-0.08;;0.29
2023.10.09 03:40:09;Buy;0.01;AUDCAD;0.86987;0.01;2023.10.09 03:59:50;0.87028;-0.08;;0.3
2023.10.09 02:40:05;Buy;0.01;AUDCAD;0.8702;0.01;2023.10.09 03:07:46;0.87062;-0.08;;0.31
2023.10.09 02:10:06;Buy;0.01;AUDCAD;0.86947;0.01;2023.10.09 02:28:36;0.86989;-0.08;;0.31
2023.10.09 01:05:09;Buy;0.01;AUDCAD;0.86923;0.01;2023.10.09 01:36:17;0.86964;-0.08;;0.3
2023.10.06 21:10:09;Sell;0.01;AUDCAD;0.8731;0.01;2023.10.06 23:17:12;0.87268;-0.08;;0.31
2023.10.06 20:30:08;Sell;0.01;AUDCAD;0.87301;0.01;2023.10.06 20:40:07;0.8726;-0.08;;0.3
2023.10.06 18:35:03;Sell;0.01;AUDCAD;0.87255;0.01;2023.10.06 19:59:46;0.87215;-0.08;;0.29
2023.10.06 17:20:00;Buy;0.01;AUDCAD;0.87052;0.01;2023.10.06 17:31:40;0.87093;-0.08;;0.3
2023.10.06 16:45:01;Buy;0.01;AUDCAD;0.8684;0.01;2023.10.06 16:46:40;0.86885;-0.08;;0.33
2023.10.06 16:10:00;Buy;0.01;AUDCAD;0.86791;0.01;2023.10.06 16:12:31;0.86832;-0.08;;0.3
2023.10.06 15:35:09;Buy;0.01;AUDCAD;0.86778;0.01;2023.10.06 15:37:39;0.8682;-0.08;;0.31
2023.10.06 13:35:01;Buy;0.01;AUDCAD;0.87185;0.01;2023.10.06 14:36:19;0.8723;-0.08;;0.33
2023.10.06 05:25:02;Sell;0.01;AUDCAD;0.87405;0.01;2023.10.06 07:13:22;0.87366;-0.08;;0.28
2023.10.06 04:40:06;Sell;0.01;AUDCAD;0.87382;0.01;2023.10.06 04:48:12;0.87334;-0.08;;0.35
2023.10.05 21:05:07;Sell;0.01;AUDCAD;0.87327;0.01;2023.10.06 03:18:20;0.87288;-0.08;;0.28
2023.10.05 17:30:07;Buy;0.01;AUDCAD;0.87145;0.01;2023.10.05 17:56:13;0.87183;-0.08;;0.28
2023.10.05 16:30:02;Sell;0.01;AUDCAD;0.87339;0.01;2023.10.05 16:34:22;0.87292;-0.08;;0.34
2023.10.05 15:35:00;Buy;0.01;AUDCAD;0.87136;0.01;2023.10.05 15:54:23;0.87178;-0.08;;0.31
2023.10.04 15:25:07;Sell;0.01;AUDCAD;0.86778;0.01;2023.10.05 15:39:01;0.8711;-0.08;;-2.41
2023.10.04 15:55:01;Sell;0.01;AUDCAD;0.86945;0.01;2023.10.05 15:39:01;0.87113;-0.08;;-1.22
2023.10.05 04:00:05;Sell;0.02;AUDCAD;0.87167;0.02;2023.10.05 15:39:01;0.87113;-0.14;;0.78
2023.10.05 06:30:10;Sell;0.02;AUDCAD;0.87391;0.02;2023.10.05 15:39:00;0.87113;-0.14;;4.04
2023.10.04 11:55:01;Sell;0.01;AUDCAD;0.86596;0.01;2023.10.04 14:56:06;0.8664;-0.08;;-0.32
2023.10.04 14:15:01;Sell;0.01;AUDCAD;0.86763;0.01;2023.10.04 14:56:06;0.8664;-0.08;;0.9
2023.10.04 11:05:10;Sell;0.01;AUDCAD;0.86635;0.01;2023.10.04 11:25:37;0.86597;-0.08;;0.28
2023.10.04 10:15:08;Sell;0.01;AUDCAD;0.8656;0.01;2023.10.04 10:33:21;0.86513;-0.08;;0.34
2023.10.04 08:30:01;Sell;0.01;AUDCAD;0.86561;0.01;2023.10.04 08:41:04;0.86519;-0.08;;0.31
2023.10.04 07:55:04;Sell;0.01;AUDCAD;0.86617;0.01;2023.10.04 07:58:32;0.86577;-0.08;;0.29
2023.10.03 04:55:06;Buy;0.01;AUDCAD;0.86949;0.01;2023.10.04 07:54:15;0.86572;-0.08;-0.03;-2.75
2023.10.03 07:20:04;Buy;0.01;AUDCAD;0.8667;0.01;2023.10.04 07:54:14;0.8657;-0.08;-0.03;-0.73
2023.10.03 09:00:04;Buy;0.01;AUDCAD;0.86487;0.01;2023.10.04 07:54:14;0.8657;-0.08;-0.03;0.61
2023.10.04 04:45:08;Buy;0.02;AUDCAD;0.8627;0.02;2023.10.04 07:54:14;0.8657;-0.14;;4.38
2023.09.28 16:25:06;Sell;0.01;AUDCAD;0.86242;0.01;2023.10.03 07:17:35;0.86653;-0.08;;-3
2023.09.28 17:05:00;Sell;0.01;AUDCAD;0.86462;0.01;2023.10.03 07:17:35;0.86659;-0.08;;-1.44
2023.09.28 19:45:02;Sell;0.01;AUDCAD;0.86652;0.01;2023.10.03 07:17:35;0.86656;-0.08;;-0.03
2023.09.29 04:35:09;Sell;0.01;AUDCAD;0.86875;0.01;2023.10.03 07:17:35;0.86641;-0.08;;1.71
2023.09.29 09:50:05;Sell;0.01;AUDCAD;0.87134;0.01;2023.10.03 07:17:35;0.86639;-0.08;;3.61
2023.10.02 14:45:01;Buy;0.01;AUDCAD;0.87018;0.01;2023.10.02 15:18:55;0.8706;-0.08;;0.31
2023.10.02 05:50:08;Buy;0.01;AUDCAD;0.8714;0.01;2023.10.02 09:50:41;0.87096;-0.08;;-0.32
2023.10.02 08:40:04;Buy;0.01;AUDCAD;0.86974;0.01;2023.10.02 09:50:40;0.87095;-0.08;;0.89
2023.09.28 12:50:03;Sell;0.01;AUDCAD;0.86143;0.01;2023.09.28 15:51:07;0.86168;-0.08;;-0.19
2023.09.28 15:35:06;Sell;0.01;AUDCAD;0.86304;0.01;2023.09.28 15:51:07;0.86166;-0.08;;1.02
2023.09.28 12:00:04;Sell;0.01;AUDCAD;0.86078;0.01;2023.09.28 12:19:42;0.86037;-0.08;;0.3
2023.09.27 06:40:05;Buy;0.01;AUDCAD;0.86334;0.01;2023.09.28 11:48:51;0.86089;-0.08;-0.08;-1.81
2023.09.27 14:20:01;Buy;0.01;AUDCAD;0.86182;0.01;2023.09.28 11:48:51;0.86089;-0.08;-0.08;-0.69
2023.09.27 19:05:03;Buy;0.01;AUDCAD;0.85997;0.01;2023.09.28 11:48:50;0.86089;-0.08;-0.08;0.68
2023.09.27 20:30:00;Buy;0.01;AUDCAD;0.85777;0.01;2023.09.28 11:48:50;0.86088;-0.08;-0.08;2.3
2023.09.28 11:15:04;Sell;0.01;AUDCAD;0.86043;0.01;2023.09.28 11:28:02;0.86001;-0.08;;0.31
2023.09.28 10:20:07;Sell;0.01;AUDCAD;0.86049;0.01;2023.09.28 10:43:26;0.86008;-0.08;;0.3
2023.09.28 08:05:01;Sell;0.01;AUDCAD;0.86034;0.01;2023.09.28 09:09:49;0.85995;-0.08;;0.29
2023.09.28 06:45:09;Sell;0.01;AUDCAD;0.86001;0.01;2023.09.28 07:02:58;0.85961;-0.08;;0.3
2023.09.27 06:05:05;Buy;0.01;AUDCAD;0.86321;0.01;2023.09.27 06:06:46;0.86363;-0.08;;0.31
2023.09.27 03:55:09;Buy;0.01;AUDCAD;0.86383;0.01;2023.09.27 04:00:29;0.86426;-0.08;;0.32
2023.09.26 15:05:08;Sell;0.01;AUDCAD;0.86565;0.01;2023.09.26 18:09:19;0.86524;-0.08;;0.3
2023.09.25 04:45:04;Buy;0.01;AUDCAD;0.86699;0.01;2023.09.26 14:38:01;0.86519;-0.08;-0.03;-1.33
2023.09.25 08:55:05;Buy;0.01;AUDCAD;0.86547;0.01;2023.09.26 14:38:00;0.86519;-0.08;-0.03;-0.21
2023.09.26 09:25:04;Buy;0.02;AUDCAD;0.86348;0.02;2023.09.26 14:38:00;0.86519;-0.14;;2.5300000000000002
2023.09.26 06:20:08;Sell;0.01;AUDCAD;0.86573;0.01;2023.09.26 06:26:39;0.86532;-0.08;;0.3
2023.09.22 10:50:04;Sell;0.01;AUDCAD;0.86626;0.01;2023.09.25 04:51:48;0.86679;-0.08;;-0.39
2023.09.22 15:50:08;Sell;0.01;AUDCAD;0.86802;0.01;2023.09.25 04:51:47;0.86681;-0.08;;0.9
2023.09.22 19:34:46;Balance;;;;;;;;;-50
2023.09.20 21:55:04;Buy;0.01;AUDCAD;0.86976;0.01;2023.09.22 13:12:25;0.86715;-0.08;-0.11;-1.94
2023.09.20 23:10:00;Buy;0.01;AUDCAD;0.86793;0.01;2023.09.22 13:12:25;0.86714;-0.08;-0.11;-0.59
2023.09.21 03:45:03;Buy;0.01;AUDCAD;0.86609;0.01;2023.09.22 13:12:24;0.86712;-0.08;-0.03;0.77
2023.09.21 09:00:06;Buy;0.01;AUDCAD;0.86391;0.01;2023.09.22 13:12:24;0.86714;-0.08;-0.03;2.4
2023.09.22 10:10:11;Sell;0.01;AUDCAD;0.8658;0.01;2023.09.22 10:17:07;0.86542;-0.08;;0.28
2023.09.22 08:35:02;Sell;0.01;AUDCAD;0.86564;0.01;2023.09.22 09:00:36;0.86522;-0.08;;0.31
2023.09.21 17:20:08;Sell;0.01;AUDCAD;0.86626;0.01;2023.09.21 17:45:04;0.8658;-0.08;;0.34
2023.09.20 21:05:01;Buy;0.01;AUDCAD;0.86893;0.01;2023.09.20 21:06:11;0.86933;-0.08;;0.3
2023.09.20 11:40:04;Sell;0.01;AUDCAD;0.86934;0.01;2023.09.20 21:00:51;0.86967;-0.08;;-0.25
2023.09.20 14:40:07;Sell;0.01;AUDCAD;0.87101;0.01;2023.09.20 21:00:51;0.86969;-0.08;;0.98
2023.09.20 09:20:09;Sell;0.01;AUDCAD;0.86905;0.01;2023.09.20 09:54:48;0.86866;-0.08;;0.29
2023.09.20 02:20:03;Sell;0.01;AUDCAD;0.86869;0.01;2023.09.20 03:53:15;0.8683;-0.08;;0.29
2023.09.19 17:10:07;Buy;0.01;AUDCAD;0.86627;0.01;2023.09.19 17:27:00;0.86667;-0.08;;0.3
2023.09.19 15:35:02;Buy;0.01;AUDCAD;0.86694;0.01;2023.09.19 16:39:33;0.86631;-0.08;;-0.47
2023.09.19 16:15:05;Buy;0.01;AUDCAD;0.86492;0.01;2023.09.19 16:39:33;0.8663;-0.08;;1.03
2023.09.19 08:30:04;Buy;0.01;AUDCAD;0.8671;0.01;2023.09.19 10:38:59;0.86749;-0.08;;0.29
2023.09.19 04:10:00;Buy;0.01;AUDCAD;0.86742;0.01;2023.09.19 07:37:00;0.86781;-0.08;;0.29
2023.09.18 19:09:58;Buy;0.01;AUDCAD;0.86824;0.01;2023.09.18 21:15:13;0.86867;-0.08;;0.32
2023.09.18 15:05:04;Buy;0.01;AUDCAD;0.869;0.01;2023.09.18 18:38:51;0.86853;-0.08;;-0.35
2023.09.18 16:15:00;Buy;0.01;AUDCAD;0.86734;0.01;2023.09.18 18:38:50;0.86854;-0.08;;0.89
2023.09.18 11:15:08;Buy;0.01;AUDCAD;0.86939;0.01;2023.09.18 11:42:13;0.86978;-0.08;;0.29
2023.09.15 18:00:06;Buy;0.01;AUDCAD;0.87082;0.01;2023.09.18 02:15:53;0.87044;-0.08;-0.03;-0.28
2023.09.15 23:10:05;Buy;0.01;AUDCAD;0.86931;0.01;2023.09.18 02:15:52;0.87044;-0.08;-0.03;0.84
2023.09.15 17:05:08;Sell;0.01;AUDCAD;0.87321;0.01;2023.09.15 17:08:38;0.87272;-0.08;;0.36
2023.09.15 16:10:06;Sell;0.01;AUDCAD;0.87318;0.01;2023.09.15 16:27:21;0.87276;-0.08;;0.31
2023.09.15 14:25:00;Sell;0.01;AUDCAD;0.87264;0.01;2023.09.15 15:35:38;0.87216;-0.08;;0.35
2023.09.15 05:00:02;Sell;0.01;AUDCAD;0.87129;0.01;2023.09.15 11:16:21;0.87176;-0.08;;-0.35
2023.09.15 06:25:10;Sell;0.01;AUDCAD;0.87296;0.01;2023.09.15 11:16:20;0.87176;-0.08;;0.89
2023.09.15 03:45:08;Sell;0.01;AUDCAD;0.8709;0.01;2023.09.15 03:58:06;0.8705;-0.08;;0.3
2023.09.14 20:30:10;Buy;0.01;AUDCAD;0.86941;0.01;2023.09.14 22:31:46;0.86987;-0.08;;0.34
2023.09.14 19:50:28;Buy;0.01;AUDCAD;0.86992;0.01;2023.09.14 20:00:56;0.87033;-0.08;;0.3
2023.09.14 16:05:01;Sell;0.01;AUDCAD;0.87211;0.01;2023.09.14 16:26:16;0.87167;-0.08;;0.33
2023.09.14 15:35:09;Buy;0.01;AUDCAD;0.86976;0.01;2023.09.14 15:43:10;0.87031;-0.08;;0.41
2023.09.14 15:20:07;Sell;0.01;AUDCAD;0.87167;0.01;2023.09.14 15:30:09;0.8709;-0.08;;0.57
2023.09.14 12:40:10;Buy;0.01;AUDCAD;0.86983;0.01;2023.09.14 13:07:19;0.87023;-0.08;;0.3
2023.09.14 07:55:07;Sell;0.01;AUDCAD;0.87151;0.01;2023.09.14 10:15:45;0.8711;-0.08;;0.3
2023.09.14 06:25:10;Sell;0.01;AUDCAD;0.87157;0.01;2023.09.14 07:04:57;0.87117;-0.08;;0.3
2023.09.14 03:20:00;Sell;0.01;AUDCAD;0.87098;0.01;2023.09.14 05:10:20;0.87058;-0.08;;0.3
2023.09.13 19:20:00;Sell;0.01;AUDCAD;0.87053;0.01;2023.09.13 22:10:19;0.87013;-0.08;;0.29
2023.09.13 15:10:04;Buy;0.01;AUDCAD;0.86846;0.01;2023.09.13 15:29:15;0.86895;-0.08;;0.36
2023.09.13 13:45:05;Buy;0.01;AUDCAD;0.86879;0.01;2023.09.13 13:55:32;0.8692;-0.08;;0.3
2023.09.13 10:10:01;Buy;0.01;AUDCAD;0.86901;0.01;2023.09.13 10:36:16;0.86941;-0.08;;0.3
2023.09.13 09:10:04;Buy;0.01;AUDCAD;0.8689;0.01;2023.09.13 09:40:40;0.86937;-0.08;;0.35
2023.09.13 07:05:00;Buy;0.01;AUDCAD;0.86875;0.01;2023.09.13 08:36:41;0.86915;-0.08;;0.3
2023.09.13 05:35:03;Buy;0.01;AUDCAD;0.86867;0.01;2023.09.13 06:35:27;0.86906;-0.08;;0.29
2023.09.13 04:40:05;Buy;0.01;AUDCAD;0.87002;0.01;2023.09.13 05:01:58;0.87041;-0.08;;0.29
2023.09.12 19:40:00;Buy;0.01;AUDCAD;0.87032;0.01;2023.09.12 21:56:48;0.87072;-0.08;;0.3
2023.09.12 15:35:08;Buy;0.01;AUDCAD;0.8714;0.01;2023.09.12 19:09:29;0.87081;-0.08;;-0.44
2023.09.12 17:15:07;Buy;0.01;AUDCAD;0.86952;0.01;2023.09.12 19:09:28;0.87081;-0.08;;0.95
2023.09.12 13:40:08;Buy;0.01;AUDCAD;0.8721;0.01;2023.09.12 15:03:00;0.87252;-0.08;;0.31
2023.09.12 03:35:10;Buy;0.01;AUDCAD;0.87249;0.01;2023.09.12 04:13:58;0.8729;-0.08;;0.3
2023.09.11 20:55:10;Buy;0.01;AUDCAD;0.87299;0.01;2023.09.11 22:30:35;0.87339;-0.08;;0.29
2023.09.11 17:10:04;Sell;0.01;AUDCAD;0.87505;0.01;2023.09.11 17:31:34;0.87465;-0.08;;0.29
2023.09.11 16:35:00;Sell;0.01;AUDCAD;0.8748;0.01;2023.09.11 16:36:10;0.87441;-0.08;;0.29
2023.09.11 04:10:08;Sell;0.01;AUDCAD;0.87195;0.01;2023.09.11 16:01:11;0.87332;-0.08;;-1.01
2023.09.11 05:20:02;Sell;0.01;AUDCAD;0.87347;0.01;2023.09.11 16:01:10;0.87332;-0.08;;0.11
2023.09.11 07:50:02;Sell;0.01;AUDCAD;0.87542;0.01;2023.09.11 16:01:10;0.87332;-0.08;;1.55
2023.09.11 02:25:07;Sell;0.01;AUDCAD;0.87182;0.01;2023.09.11 03:12:10;0.87142;-0.08;;0.29
2023.09.08 15:35:04;Buy;0.01;AUDCAD;0.87225;0.01;2023.09.11 02:18:22;0.87169;-0.08;-0.03;-0.41
2023.09.08 18:10:06;Buy;0.01;AUDCAD;0.87048;0.01;2023.09.11 02:18:22;0.87168;-0.08;-0.03;0.88
2023.09.08 12:35:10;Sell;0.01;AUDCAD;0.87415;0.01;2023.09.08 13:10:04;0.87375;-0.08;;0.29
2023.09.08 10:45:06;Sell;0.01;AUDCAD;0.87412;0.01;2023.09.08 11:16:09;0.8737;-0.08;;0.31
2023.09.08 08:25:04;Sell;0.01;AUDCAD;0.87361;0.01;2023.09.08 09:57:14;0.87407;-0.08;;-0.34
2023.09.08 09:10:00;Sell;0.01;AUDCAD;0.87523;0.01;2023.09.08 09:57:14;0.87406;-0.08;;0.86
2023.09.08 05:20:09;Sell;0.01;AUDCAD;0.87333;0.01;2023.09.08 06:09:20;0.87294;-0.08;;0.29
2023.09.08 04:45:00;Sell;0.01;AUDCAD;0.87355;0.01;2023.09.08 04:49:41;0.8731;-0.08;;0.33
2023.09.07 18:40:00;Sell;0.01;AUDCAD;0.87227;0.01;2023.09.08 04:15:31;0.87186;-0.08;;0.3
2023.09.07 16:00:04;Sell;0.01;AUDCAD;0.87239;0.01;2023.09.07 16:49:36;0.87201;-0.08;;0.28
2023.09.07 14:10:08;Sell;0.01;AUDCAD;0.87174;0.01;2023.09.07 15:30:29;0.87131;-0.08;;0.31
2023.09.07 11:55:00;Sell;0.01;AUDCAD;0.87126;0.01;2023.09.07 13:20:51;0.87088;-0.08;;0.28
2023.09.07 10:55:10;Sell;0.01;AUDCAD;0.87125;0.01;2023.09.07 11:05:33;0.87083;-0.08;;0.31
2023.09.07 09:50:04;Sell;0.01;AUDCAD;0.8712;0.01;2023.09.07 09:57:44;0.87071;-0.08;;0.36
2023.09.07 09:10:09;Sell;0.01;AUDCAD;0.87128;0.01;2023.09.07 09:18:40;0.87088;-0.08;;0.29
2023.09.06 22:30:02;Buy;0.01;AUDCAD;0.87053;0.01;2023.09.07 08:45:11;0.87017;-0.08;-0.07;-0.26
2023.09.07 07:50:11;Buy;0.01;AUDCAD;0.86892;0.01;2023.09.07 08:45:11;0.87017;-0.08;;0.92
2023.09.06 17:05:10;Buy;0.01;AUDCAD;0.87043;0.01;2023.09.06 17:14:30;0.8708;-0.08;;0.27
2023.09.06 15:50:07;Sell;0.01;AUDCAD;0.8727;0.01;2023.09.06 15:56:23;0.8723;-0.08;;0.29
2023.09.06 15:10:10;Sell;0.01;AUDCAD;0.87244;0.01;2023.09.06 15:17:48;0.87204;-0.08;;0.29
2023.09.06 10:15:09;Sell;0.01;AUDCAD;0.87156;0.01;2023.09.06 14:16:27;0.87204;-0.08;;-0.35
2023.09.06 13:15:03;Sell;0.01;AUDCAD;0.87327;0.01;2023.09.06 14:16:27;0.87204;-0.08;;0.9
2023.09.06 08:30:00;Sell;0.01;AUDCAD;0.87084;0.01;2023.09.06 09:41:35;0.8713;-0.08;;-0.34
2023.09.06 09:00:09;Sell;0.01;AUDCAD;0.87253;0.01;2023.09.06 09:41:35;0.8713;-0.08;;0.9
2023.09.05 05:00:07;Buy;0.01;AUDCAD;0.8757;0.01;2023.09.06 08:52:17;0.87197;-0.08;-0.02;-2.74
2023.09.05 08:25:00;Buy;0.01;AUDCAD;0.87408;0.01;2023.09.06 08:52:17;0.87198;-0.08;-0.02;-1.54
2023.09.05 09:05:01;Buy;0.01;AUDCAD;0.87221;0.01;2023.09.06 08:52:17;0.87198;-0.08;-0.02;-0.17
2023.09.05 09:55:06;Buy;0.01;AUDCAD;0.87001;0.01;2023.09.06 08:52:17;0.87198;-0.08;-0.02;1.44
2023.09.05 17:05:00;Buy;0.01;AUDCAD;0.86738;0.01;2023.09.06 08:52:17;0.87199;-0.08;-0.02;3.38
2023.09.05 04:05:03;Buy;0.01;AUDCAD;0.87696;0.01;2023.09.05 04:30:03;0.87736;-0.08;;0.29
2023.09.04 12:35:02;Sell;0.01;AUDCAD;0.87923;0.01;2023.09.04 15:18:20;0.87884;-0.08;;0.29
2023.09.04 11:20:00;Sell;0.01;AUDCAD;0.879;0.01;2023.09.04 11:56:23;0.8786;-0.08;;0.29
2023.09.04 08:10:07;Sell;0.01;AUDCAD;0.87862;0.01;2023.09.04 10:44:06;0.8782;-0.08;;0.31
2023.09.04 03:30:03;Sell;0.01;AUDCAD;0.87756;0.01;2023.09.04 07:15:57;0.87804;-0.08;;-0.35
2023.09.04 05:30:05;Sell;0.01;AUDCAD;0.8792;0.01;2023.09.04 07:15:57;0.87804;-0.08;;0.85
2023.09.01 22:00:07;Sell;0.01;AUDCAD;0.87741;0.01;2023.09.01 22:19:17;0.87698;-0.08;;0.32
2023.09.01 20:10:02;Sell;0.01;AUDCAD;0.8774;0.01;2023.09.01 21:29:43;0.877;-0.08;;0.29
2023.09.01 19:25:01;Sell;0.01;AUDCAD;0.87709;0.01;2023.09.01 19:37:20;0.87668;-0.08;;0.3
2023.09.01 17:30:07;Sell;0.01;AUDCAD;0.87791;0.01;2023.09.01 17:31:37;0.87747;-0.08;;0.32
2023.09.01 14:55:09;Sell;0.01;AUDCAD;0.87559;0.01;2023.09.01 17:00:05;0.87771;-0.08;;-1.56
2023.09.01 15:35:08;Sell;0.01;AUDCAD;0.88114;0.01;2023.09.01 17:00:05;0.87785;-0.08;;2.43
2023.09.01 10:52:32;Balance;;;;;;;;;-0.02
2023.09.01 05:45:02;Buy;0.01;AUDCAD;0.8747;0.01;2023.09.01 10:51:53;0.87427;-0.08;;-0.32
2023.09.01 09:20:04;Buy;0.01;AUDCAD;0.87309;0.01;2023.09.01 10:51:53;0.87427;-0.08;;0.87
2023.09.01 04:40:02;Buy;0.01;AUDCAD;0.87508;0.01;2023.09.01 04:45:19;0.87558;-0.08;;0.37
2023.09.01 04:20:01;Sell;0.01;AUDCAD;0.877;0.01;2023.09.01 04:25:44;0.8766;-0.08;;0.3
2023.09.01 03:45:00;Buy;0.01;AUDCAD;0.8753;0.01;2023.09.01 04:03:05;0.8757;-0.08;;0.3
2023.08.31 21:25:03;Buy;0.01;AUDCAD;0.87568;0.01;2023.09.01 01:11:14;0.87609;-0.08;;0.3
2023.08.31 18:35:02;Buy;0.01;AUDCAD;0.87582;0.01;2023.08.31 19:13:31;0.87622;-0.08;;0.3
2023.08.31 17:55:08;Buy;0.01;AUDCAD;0.87585;0.01;2023.08.31 17:59:48;0.87623;-0.08;;0.28
2023.08.31 17:15:00;Buy;0.01;AUDCAD;0.8754;0.01;2023.08.31 17:25:22;0.8758;-0.08;;0.3
2023.08.31 16:35:04;Buy;0.01;AUDCAD;0.87538;0.01;2023.08.31 16:45:17;0.87575;-0.08;;0.27
2023.08.31 15:55:04;Sell;0.01;AUDCAD;0.87801;0.01;2023.08.31 16:03:12;0.8776;-0.08;;0.3
2023.08.31 11:20:05;Buy;0.01;AUDCAD;0.87666;0.01;2023.08.31 14:56:34;0.87706;-0.08;;0.3
2023.08.31 05:15:06;Sell;0.01;AUDCAD;0.87832;0.01;2023.08.31 07:06:21;0.87792;-0.08;;0.3
2023.08.31 04:35:09;Sell;0.01;AUDCAD;0.87968;0.01;2023.08.31 04:38:39;0.87923;-0.08;;0.33
2023.08.30 20:40:08;Buy;0.01;AUDCAD;0.87728;0.01;2023.08.31 03:58:51;0.87766;-0.08;-0.07;0.28
2023.08.30 19:15:03;Buy;0.01;AUDCAD;0.87711;0.01;2023.08.30 20:06:55;0.8775;-0.08;;0.29
2023.08.30 15:20:05;Sell;0.01;AUDCAD;0.87854;0.01;2023.08.30 17:42:29;0.87955;-0.08;;-0.75
2023.08.30 15:50:04;Sell;0.01;AUDCAD;0.88118;0.01;2023.08.30 17:42:28;0.87955;-0.08;;1.2
2023.08.30 10:15:07;Buy;0.01;AUDCAD;0.87677;0.01;2023.08.30 12:21:42;0.87716;-0.08;;0.29
2023.08.30 08:25:09;Sell;0.01;AUDCAD;0.87905;0.01;2023.08.30 09:06:45;0.87864;-0.08;;0.3
2023.08.30 07:25:06;Sell;0.01;AUDCAD;0.87853;0.01;2023.08.30 07:55:46;0.87809;-0.08;;0.32
2023.08.30 04:35:04;Buy;0.01;AUDCAD;0.8759;0.01;2023.08.30 04:36:14;0.87636;-0.08;;0.34
2023.08.29 18:30:03;Sell;0.01;AUDCAD;0.87745;0.01;2023.08.30 04:18:26;0.87773;-0.08;;-0.21
2023.08.29 22:15:02;Sell;0.01;AUDCAD;0.87894;0.01;2023.08.30 04:18:26;0.87773;-0.08;;0.89
2023.08.29 17:45:00;Sell;0.01;AUDCAD;0.87662;0.01;2023.08.29 17:58:03;0.87621;-0.08;;0.3
2023.08.29 17:05:08;Sell;0.01;AUDCAD;0.87723;0.01;2023.08.29 17:11:58;0.87676;-0.08;;0.35
2023.08.29 14:45:06;Buy;0.01;AUDCAD;0.87467;0.01;2023.08.29 17:00:10;0.87503;-0.08;;0.26
2023.08.29 15:30:02;Buy;0.01;AUDCAD;0.87315;0.01;2023.08.29 17:00:09;0.87502;-0.08;;1.37
2023.08.28 18:35:02;Sell;0.01;AUDCAD;0.87342;0.01;2023.08.29 14:26:47;0.87496;-0.08;;-1.13
2023.08.29 04:45:01;Sell;0.01;AUDCAD;0.87515;0.01;2023.08.29 14:26:47;0.87496;-0.08;;0.14
2023.08.29 12:55:07;Sell;0.01;AUDCAD;0.87731;0.01;2023.08.29 14:26:47;0.87494;-0.08;;1.74
2023.08.28 15:45:02;Sell;0.01;AUDCAD;0.87324;0.01;2023.08.28 16:36:18;0.87266;-0.08;;0.43
2023.08.28 10:15:07;Buy;0.01;AUDCAD;0.87198;0.01;2023.08.28 15:01:20;0.87241;-0.08;;0.32
2023.08.28 03:35:00;Sell;0.01;AUDCAD;0.87301;0.01;2023.08.28 09:44:02;0.87339;-0.08;;-0.28
2023.08.28 04:30:05;Sell;0.01;AUDCAD;0.87451;0.01;2023.08.28 09:44:02;0.87339;-0.08;;0.82
2023.08.25 23:55:09;Buy;0.01;AUDCAD;0.87122;0.01;2023.08.28 01:02:16;0.8716;-0.08;-0.02;0.28
2023.08.25 21:20:09;Sell;0.01;AUDCAD;0.873;0.01;2023.08.25 21:50:56;0.8726;-0.08;;0.29
2023.08.25 18:40:06;Sell;0.01;AUDCAD;0.87312;0.01;2023.08.25 18:52:33;0.87271;-0.08;;0.3
2023.08.25 17:30:02;Buy;0.01;AUDCAD;0.87121;0.01;2023.08.25 18:10:23;0.87166;-0.08;;0.33
2023.08.25 17:05:02;Sell;0.01;AUDCAD;0.87419;0.01;2023.08.25 17:06:42;0.87373;-0.08;;0.34
2023.08.25 15:20:08;Sell;0.01;AUDCAD;0.87302;0.01;2023.08.25 16:21:54;0.87262;-0.08;;0.29
2023.08.25 12:30:04;Sell;0.01;AUDCAD;0.87283;0.01;2023.08.25 12:46:14;0.8724;-0.08;;0.32
2023.08.25 10:10:07;Sell;0.01;AUDCAD;0.87283;0.01;2023.08.25 10:22:27;0.8724;-0.08;;0.32
2023.08.25 09:10:07;Buy;0.01;AUDCAD;0.87088;0.01;2023.08.25 09:17:53;0.87133;-0.08;;0.33
2023.08.24 18:10:05;Buy;0.01;AUDCAD;0.87267;0.01;2023.08.25 06:04:15;0.87229;-0.08;-0.02;-0.28
2023.08.24 22:40:08;Buy;0.01;AUDCAD;0.87116;0.01;2023.08.25 06:04:15;0.87229;-0.08;-0.02;0.83
2023.08.24 17:25:05;Buy;0.01;AUDCAD;0.87293;0.01;2023.08.24 17:37:39;0.87335;-0.08;;0.31
2023.08.24 12:00:02;Buy;0.01;AUDCAD;0.87388;0.01;2023.08.24 16:43:23;0.87344;-0.08;;-0.32
2023.08.24 15:00:01;Buy;0.01;AUDCAD;0.87231;0.01;2023.08.24 16:43:23;0.87344;-0.08;;0.83
2023.08.23 16:25:04;Sell;0.01;AUDCAD;0.87328;0.01;2023.08.24 11:58:28;0.87391;-0.08;0.01;-0.47
2023.08.23 16:55:06;Sell;0.01;AUDCAD;0.87516;0.01;2023.08.24 11:58:28;0.8739;-0.08;0.01;0.93
2023.08.24 10:40:00;Buy;0.01;AUDCAD;0.87449;0.01;2023.08.24 11:27:18;0.87489;-0.08;;0.3
2023.08.23 15:45:02;Sell;0.01;AUDCAD;0.87213;0.01;2023.08.23 15:55:02;0.87171;-0.08;;0.31
2023.08.23 10:35:01;Buy;0.01;AUDCAD;0.87016;0.01;2023.08.23 10:46:38;0.87068;-0.08;;0.38
2023.08.23 08:45:04;Sell;0.01;AUDCAD;0.87208;0.01;2023.08.23 09:32:02;0.8717;-0.08;;0.28
2023.08.23 03:25:01;Sell;0.01;AUDCAD;0.87135;0.01;2023.08.23 06:23:59;0.87175;-0.08;;-0.3
2023.08.23 04:30:05;Sell;0.01;AUDCAD;0.87294;0.01;2023.08.23 06:23:59;0.87175;-0.08;;0.88
2023.08.22 17:45:06;Sell;0.01;AUDCAD;0.8713;0.01;2023.08.22 18:00:54;0.87091;-0.08;;0.29
2023.08.22 16:45:06;Buy;0.01;AUDCAD;0.8695;0.01;2023.08.22 17:13:08;0.86994;-0.08;;0.32
2023.08.22 06:10:00;Sell;0.01;AUDCAD;0.86937;0.01;2023.08.22 15:40:33;0.87073;-0.08;;-1.01
2023.08.22 09:20:05;Sell;0.01;AUDCAD;0.87098;0.01;2023.08.22 15:40:33;0.87073;-0.08;;0.18
2023.08.22 13:00:09;Sell;0.01;AUDCAD;0.87285;0.01;2023.08.22 15:40:32;0.87074;-0.08;;1.56
2023.08.22 04:35:00;Sell;0.01;AUDCAD;0.86938;0.01;2023.08.22 04:37:20;0.86891;-0.08;;0.35
2023.08.21 19:15:00;Sell;0.01;AUDCAD;0.86786;0.01;2023.08.22 03:54:54;0.86828;-0.08;;-0.31
2023.08.21 22:25:00;Sell;0.01;AUDCAD;0.86944;0.01;2023.08.22 03:54:54;0.86828;-0.08;;0.86
2023.08.21 10:50:10;Buy;0.01;AUDCAD;0.86647;0.01;2023.08.21 12:18:45;0.86685;-0.08;;0.28
2023.08.21 04:50:00;Buy;0.01;AUDCAD;0.86671;0.01;2023.08.21 04:56:23;0.86711;-0.08;;0.3
2023.08.18 16:55:09;Sell;0.01;AUDCAD;0.86807;0.01;2023.08.18 21:58:22;0.86769;-0.08;;0.28
2023.08.18 16:20:08;Sell;0.01;AUDCAD;0.86786;0.01;2023.08.18 16:24:34;0.86743;-0.08;;0.32
2023.08.18 15:25:00;Buy;0.01;AUDCAD;0.86605;0.01;2023.08.18 15:44:39;0.86646;-0.08;;0.3
2023.08.18 13:45:04;Buy;0.01;AUDCAD;0.86635;0.01;2023.08.18 14:47:57;0.86677;-0.08;;0.31
2023.08.18 11:45:07;Buy;0.01;AUDCAD;0.86655;0.01;2023.08.18 13:09:54;0.86694;-0.08;;0.29
2023.08.18 08:25:03;Buy;0.01;AUDCAD;0.8667;0.01;2023.08.18 08:36:57;0.86712;-0.08;;0.31
2023.08.18 07:20:05;Buy;0.01;AUDCAD;0.86685;0.01;2023.08.18 07:32:06;0.86729;-0.08;;0.32
2023.08.18 03:20:09;Sell;0.01;AUDCAD;0.86823;0.01;2023.08.18 06:07:12;0.86784;-0.08;;0.29
2023.08.17 21:55:03;Buy;0.01;AUDCAD;0.8666;0.01;2023.08.17 22:02:15;0.867;-0.08;;0.3
2023.08.17 20:45:10;Buy;0.01;AUDCAD;0.86666;0.01;2023.08.17 20:58:43;0.86708;-0.08;;0.31
2023.08.17 13:00:04;Sell;0.01;AUDCAD;0.8677;0.01;2023.08.17 17:11:32;0.86815;-0.08;;-0.33
2023.08.17 15:05:09;Sell;0.01;AUDCAD;0.86933;0.01;2023.08.17 17:11:31;0.86815;-0.08;;0.87
2023.08.16 21:55:06;Buy;0.01;AUDCAD;0.87016;0.01;2023.08.17 13:00:03;0.86767;-0.08;-0.07;-1.8399999999999999
2023.08.17 02:40:06;Buy;0.01;AUDCAD;0.86859;0.01;2023.08.17 13:00:03;0.86769;-0.08;;-0.67
2023.08.17 04:15:00;Buy;0.01;AUDCAD;0.86671;0.01;2023.08.17 13:00:03;0.86763;-0.08;;0.68
2023.08.17 04:45:07;Buy;0.01;AUDCAD;0.8636;0.01;2023.08.17 13:00:03;0.86763;-0.08;;2.98
2023.08.16 19:00:02;Buy;0.01;AUDCAD;0.87045;0.01;2023.08.16 21:20:44;0.87093;-0.08;;0.36
2023.08.16 18:00:08;Sell;0.01;AUDCAD;0.87261;0.01;2023.08.16 18:07:49;0.8722;-0.08;;0.3
2023.08.16 17:20:04;Sell;0.01;AUDCAD;0.87253;0.01;2023.08.16 17:29:22;0.87213;-0.08;;0.3
2023.08.16 16:05:03;Buy;0.01;AUDCAD;0.8698;0.01;2023.08.16 16:30:26;0.87019;-0.08;;0.29
2023.08.16 15:25:05;Buy;0.01;AUDCAD;0.87043;0.01;2023.08.16 15:35:50;0.87089;-0.08;;0.34
2023.08.16 10:45:09;Sell;0.01;AUDCAD;0.87266;0.01;2023.08.16 12:02:16;0.87224;-0.08;;0.31
2023.08.16 10:05:07;Sell;0.01;AUDCAD;0.87296;0.01;2023.08.16 10:13:14;0.87256;-0.08;;0.3
2023.08.16 09:30:01;Sell;0.01;AUDCAD;0.87253;0.01;2023.08.16 09:32:43;0.87213;-0.08;;0.3
2023.08.15 19:45:08;Buy;0.01;AUDCAD;0.87236;0.01;2023.08.16 06:07:15;0.87095;-0.08;-0.02;-1.04
2023.08.16 03:30:09;Buy;0.01;AUDCAD;0.87083;0.01;2023.08.16 06:07:15;0.87096;-0.08;;0.1
2023.08.16 04:20:06;Buy;0.01;AUDCAD;0.8687;0.01;2023.08.16 06:07:15;0.87096;-0.08;;1.67
2023.08.15 17:50:04;Sell;0.01;AUDCAD;0.87405;0.01;2023.08.15 18:23:03;0.87364;-0.08;;0.3
2023.08.15 16:40:00;Buy;0.01;AUDCAD;0.87188;0.01;2023.08.15 16:43:10;0.87227;-0.08;;0.29
2023.08.15 16:05:03;Buy;0.01;AUDCAD;0.87215;0.01;2023.08.15 16:06:14;0.87262;-0.08;;0.35
2023.08.15 15:35:00;Buy;0.01;AUDCAD;0.87143;0.01;2023.08.15 15:35:40;0.87184;-0.08;;0.3
2023.08.15 12:15:10;Buy;0.01;AUDCAD;0.87251;0.01;2023.08.15 12:28:51;0.87296;-0.08;;0.33
2023.08.15 10:35:07;Buy;0.01;AUDCAD;0.87272;0.01;2023.08.15 10:39:21;0.87319;-0.08;;0.35
2023.08.15 06:20:00;Sell;0.01;AUDCAD;0.8743;0.01;2023.08.15 09:40:04;0.87468;-0.08;;-0.28
2023.08.15 09:05:03;Sell;0.01;AUDCAD;0.87589;0.01;2023.08.15 09:40:04;0.87468;-0.08;;0.9
2023.08.15 05:10:08;Buy;0.01;AUDCAD;0.87173;0.01;2023.08.15 05:22:28;0.87214;-0.08;;0.3
2023.08.15 04:35:07;Buy;0.01;AUDCAD;0.87076;0.01;2023.08.15 04:35:57;0.87119;-0.08;;0.32
2023.08.14 18:20:00;Sell;0.01;AUDCAD;0.8733;0.01;2023.08.14 21:58:20;0.87291;-0.08;;0.29
2023.08.14 17:40:04;Sell;0.01;AUDCAD;0.87341;0.01;2023.08.14 17:46:46;0.87299;-0.08;;0.31
2023.08.14 16:25:02;Buy;0.01;AUDCAD;0.87081;0.01;2023.08.14 17:06:22;0.87124;-0.08;;0.32
2023.08.14 15:45:03;Buy;0.01;AUDCAD;0.8717;0.01;2023.08.14 15:52:56;0.8721;-0.08;;0.3
2023.08.14 13:15:10;Sell;0.01;AUDCAD;0.87342;0.01;2023.08.14 14:59:26;0.87303;-0.08;;0.29
2023.08.14 12:15:03;Sell;0.01;AUDCAD;0.87332;0.01;2023.08.14 12:43:38;0.87291;-0.08;;0.3
2023.08.14 10:50:00;Sell;0.01;AUDCAD;0.87312;0.01;2023.08.14 11:12:24;0.87271;-0.08;;0.3
2023.08.11 18:05:07;Buy;0.01;AUDCAD;0.87413;0.01;2023.08.14 10:09:15;0.87238;-0.08;-0.02;-1.3
2023.08.11 18:45:03;Buy;0.01;AUDCAD;0.8726;0.01;2023.08.14 10:09:14;0.87238;-0.08;-0.02;-0.16
2023.08.14 04:20:05;Buy;0.02;AUDCAD;0.87061;0.02;2023.08.14 10:09:14;0.87238;-0.14;;2.63
2023.08.11 17:30:05;Buy;0.01;AUDCAD;0.87466;0.01;2023.08.11 17:31:35;0.87517;-0.08;;0.38
2023.08.11 16:35:00;Buy;0.01;AUDCAD;0.8757;0.01;2023.08.11 17:00:21;0.87613;-0.08;;0.32
2023.08.11 16:00:05;Buy;0.01;AUDCAD;0.8757;0.01;2023.08.11 16:03:05;0.87613;-0.08;;0.32
2023.08.11 15:15:05;Sell;0.01;AUDCAD;0.87787;0.01;2023.08.11 15:30:33;0.87711;-0.08;;0.56
2023.08.11 05:25:02;Buy;0.01;AUDCAD;0.87601;0.01;2023.08.11 05:45:04;0.87642;-0.08;;0.31
2023.08.10 22:25:05;Buy;0.01;AUDCAD;0.87695;0.01;2023.08.11 04:03:02;0.87658;-0.08;-0.02;-0.28
2023.08.11 03:05:09;Buy;0.01;AUDCAD;0.87542;0.01;2023.08.11 04:03:02;0.87655;-0.08;;0.84
2023.08.10 20:30:06;Buy;0.01;AUDCAD;0.87782;0.01;2023.08.10 21:51:13;0.87747;-0.08;;-0.26
2023.08.10 21:00:01;Buy;0.01;AUDCAD;0.87627;0.01;2023.08.10 21:51:13;0.87747;-0.08;;0.89
2023.08.10 17:00:09;Sell;0.01;AUDCAD;0.88098;0.01;2023.08.10 17:07:51;0.88056;-0.08;;0.31
2023.08.10 09:50:00;Sell;0.01;AUDCAD;0.87801;0.01;2023.08.10 16:26:36;0.87968;-0.08;;-1.25
2023.08.10 14:00:06;Sell;0.01;AUDCAD;0.87953;0.01;2023.08.10 16:26:36;0.87968;-0.08;;-0.11
2023.08.10 15:35:03;Sell;0.01;AUDCAD;0.8826;0.01;2023.08.10 16:26:36;0.87968;-0.08;;2.18
2023.08.09 22:55:10;Buy;0.01;AUDCAD;0.87687;0.01;2023.08.10 04:36:16;0.87732;-0.08;-0.07;0.34
2023.08.09 21:15:03;Buy;0.01;AUDCAD;0.87682;0.01;2023.08.09 22:03:36;0.87722;-0.08;;0.3
2023.08.09 17:30:01;Buy;0.01;AUDCAD;0.87746;0.01;2023.08.09 20:14:49;0.87784;-0.08;;0.28
2023.08.09 13:50:00;Buy;0.01;AUDCAD;0.87792;0.01;2023.08.09 14:31:29;0.87833;-0.08;;0.31
2023.08.09 04:55:04;Sell;0.01;AUDCAD;0.87813;0.01;2023.08.09 12:24:20;0.87855;-0.08;;-0.31
2023.08.09 05:55:03;Sell;0.01;AUDCAD;0.87975;0.01;2023.08.09 12:24:20;0.87854;-0.08;;0.9
2023.08.09 04:20:00;Sell;0.01;AUDCAD;0.87824;0.01;2023.08.09 04:23:57;0.87783;-0.08;;0.31
2023.08.08 23:20:14;Sell;0.01;AUDCAD;0.87799;0.01;2023.08.09 02:18:25;0.87759;-0.08;-0.01;0.3
2023.08.08 20:40:01;Sell;0.01;AUDCAD;0.87755;0.01;2023.08.08 21:28:20;0.87711;-0.08;;0.33
2023.08.08 18:20:06;Sell;0.01;AUDCAD;0.87762;0.01;2023.08.08 18:40:17;0.87718;-0.08;;0.33
2023.08.08 17:15:00;Sell;0.01;AUDCAD;0.87758;0.01;2023.08.08 17:17:01;0.87717;-0.08;;0.3
2023.08.08 15:20:06;Sell;0.01;AUDCAD;0.8774;0.01;2023.08.08 16:36:09;0.877;-0.08;;0.3
2023.08.08 06:45:04;Buy;0.01;AUDCAD;0.87708;0.01;2023.08.08 15:04:43;0.87665;-0.08;;-0.32
2023.08.08 08:55:05;Buy;0.01;AUDCAD;0.87543;0.01;2023.08.08 15:04:43;0.87662;-0.08;;0.88
2023.08.08 04:20:03;Buy;0.01;AUDCAD;0.87718;0.01;2023.08.08 06:14:32;0.87756;-0.08;;0.28
2023.08.07 18:45:03;Buy;0.01;AUDCAD;0.87793;0.01;2023.08.07 20:39:51;0.87833;-0.08;;0.3
2023.08.07 18:10:03;Buy;0.01;AUDCAD;0.87801;0.01;2023.08.07 18:13:17;0.87845;-0.08;;0.33
2023.08.07 17:00:06;Buy;0.01;AUDCAD;0.87778;0.01;2023.08.07 17:16:14;0.87829;-0.08;;0.38
2023.08.07 13:25:00;Buy;0.01;AUDCAD;0.87832;0.01;2023.08.07 14:11:57;0.87883;-0.08;;0.38
2023.08.07 11:45:09;Buy;0.01;AUDCAD;0.87858;0.01;2023.08.07 12:26:27;0.87898;-0.08;;0.3
2023.08.07 08:40:02;Buy;0.01;AUDCAD;0.8786;0.01;2023.08.07 08:52:42;0.87905;-0.08;;0.34
2023.08.07 05:00:00;Sell;0.01;AUDCAD;0.88094;0.01;2023.08.07 06:39:36;0.88051;-0.08;;0.32
2023.08.07 04:25:08;Sell;0.01;AUDCAD;0.88013;0.01;2023.08.07 04:27:51;0.87971;-0.08;;0.31
2023.08.07 03:15:01;Sell;0.01;AUDCAD;0.87995;0.01;2023.08.07 03:53:04;0.87956;-0.08;;0.29
2023.08.04 21:40:09;Sell;0.01;AUDCAD;0.87949;0.01;2023.08.04 22:20:06;0.87906;-0.08;;0.32
2023.08.04 18:00:02;Sell;0.01;AUDCAD;0.87997;0.01;2023.08.04 21:09:46;0.87958;-0.08;;0.29
2023.08.04 17:25:08;Sell;0.01;AUDCAD;0.8803;0.01;2023.08.04 17:27:29;0.87991;-0.08;;0.29
2023.08.04 16:30:09;Sell;0.01;AUDCAD;0.88064;0.01;2023.08.04 16:55:03;0.88024;-0.08;;0.3
2023.08.04 15:45:03;Sell;0.01;AUDCAD;0.87938;0.01;2023.08.04 15:57:52;0.87899;-0.08;;0.29
2023.08.04 15:10:04;Sell;0.01;AUDCAD;0.87739;0.01;2023.08.04 15:13:39;0.87697;-0.08;;0.31
2023.08.04 13:50:05;Buy;0.01;AUDCAD;0.87544;0.01;2023.08.04 14:03:10;0.87586;-0.08;;0.31
2023.08.03 21:05:09;Sell;0.01;AUDCAD;0.87422;0.01;2023.08.04 13:26:45;0.87572;-0.08;-0.01;-1.12
2023.08.04 02:40:04;Sell;0.01;AUDCAD;0.87582;0.01;2023.08.04 13:26:45;0.8757;-0.08;;0.09
2023.08.04 04:45:05;Sell;0.01;AUDCAD;0.87815;0.01;2023.08.04 13:26:45;0.8757;-0.08;;1.83
2023.08.03 17:40:04;Sell;0.01;AUDCAD;0.87365;0.01;2023.08.03 20:29:20;0.87417;-0.08;;-0.39
2023.08.03 19:45:01;Sell;0.01;AUDCAD;0.87545;0.01;2023.08.03 20:29:20;0.87417;-0.08;;0.96
2023.08.02 14:50:05;Buy;0.01;AUDCAD;0.87583;0.01;2023.08.03 18:06:57;0.87432;-0.08;-0.07;-1.13
2023.08.02 15:40:02;Buy;0.01;AUDCAD;0.87426;0.01;2023.08.03 18:06:57;0.87432;-0.08;-0.07;0.04
2023.08.02 17:30:03;Buy;0.01;AUDCAD;0.87204;0.01;2023.08.03 18:06:57;0.87432;-0.08;-0.07;1.71
2023.08.03 15:45:03;Sell;0.01;AUDCAD;0.8737;0.01;2023.08.03 15:47:33;0.87327;-0.08;;0.32
2023.08.02 12:35:00;Buy;0.01;AUDCAD;0.87604;0.01;2023.08.02 13:39:29;0.87646;-0.08;;0.32
2023.08.02 05:30:06;Buy;0.01;AUDCAD;0.87796;0.01;2023.08.02 11:53:21;0.87641;-0.08;;-1.16
2023.08.02 06:20:05;Buy;0.01;AUDCAD;0.876;0.01;2023.08.02 11:53:21;0.8764;-0.08;;0.3
2023.08.02 09:10:09;Buy;0.01;AUDCAD;0.87417;0.01;2023.08.02 11:53:21;0.87641;-0.08;;1.6800000000000002
2023.08.02 04:55:05;Sell;0.01;AUDCAD;0.87975;0.01;2023.08.02 04:57:38;0.87932;-0.08;;0.32
2023.08.02 02:55:02;Buy;0.01;AUDCAD;0.8781;0.01;2023.08.02 03:49:49;0.87852;-0.08;;0.32
2023.07.26 01:30:41;Balance;;;;;;;;;500
